session_id_encoded,trajectory,Churn
319124,[1],1
593809,"[1, 1, 1, 1, 1, 1, 1]",1
856932,"[2, 1]",1
766444,"[1, 2, 1, 1, 1, 2, 1, 1, 2, 1, 1, 2, 1, 1, 2, 2, 1, 1, 2, 1, 1, 2, 1, 1, 1, 2, 1]",1
645902,"[1, 1, 1, 1, 1, 1, 1, 1, 1]",1
151639,"[1, 2]",1
128002,"[1, 2]",1
137757,[1],1
273734,[1],1
699871,[1],1
398013,"[1, 1, 1, 1, 1, 1, 1, 1, 1, 1, 1, 1, 1, 1]",1
117622,[1],1
517306,"[1, 1, 2, 1, 1, 2, 1, 2, 1, 1]",1
305296,"[1, 1, 1, 1, 1, 1, 1, 1, 1]",1
233972,"[1, 1, 1, 1, 1, 2, 1, 2]",1
450671,"[1, 1]",1
1033979,"[1, 1, 1, 3, 1]",1
543364,"[2, 1]",1
468032,"[1, 2, 2, 1]",1
583655,"[1, 1, 1, 1, 4, 1, 4, 1, 1, 2, 1, 1]",1
908917,"[1, 1, 1, 2, 1, 1, 1]",1
1019573,"[1, 2]",1
844868,"[1, 1, 1, 2, 2, 1, 2, 1, 2, 1, 1]",1
803015,"[2, 1]",1
296696,[1],1
92996,"[1, 1]",1
139762,"[1, 1, 1, 1, 1, 1, 2]",1
819905,"[1, 2, 2, 1, 1, 2]",1
393834,"[1, 1, 1, 2, 1]",1
970653,[1],1
749964,"[2, 1]",1
964240,[1],1
743106,[1],1
284003,"[2, 1]",1
419736,"[1, 2]",1
228057,[1],1
78138,"[1, 2, 3, 1, 1, 1, 1, 1, 1, 2, 1, 1, 1, 2, 1]",1
548050,"[1, 2, 1, 2]",1
697878,[1],1
7935,"[1, 1, 1, 1, 1, 2, 1, 1, 1]",1
829702,"[1, 2]",1
745286,[1],1
167634,"[2, 1, 2, 1]",1
968476,[1],1
1038662,"[1, 1, 2, 1, 1, 1, 2, 1, 1, 1, 1, 2, 1, 1, 2, 1]",1
157066,"[2, 1, 1, 2, 2, 1, 2, 1]",1
1025919,[1],1
751802,"[1, 2, 1, 1, 2, 1]",1
180474,"[2, 1]",1
659251,"[1, 1]",1
404098,"[1, 1, 1, 1, 1, 2, 1, 1, 1, 1, 2, 1, 1, 1, 1]",1
772981,[1],1
203222,"[1, 2]",1
425264,"[1, 2]",1
383918,[1],1
671562,"[1, 1]",1
138145,"[1, 2, 2, 1]",1
760453,"[1, 1, 1]",1
960830,"[1, 2, 2, 1, 1]",1
181374,[1],1
386861,"[1, 1, 1]",1
174895,"[1, 2, 1, 1, 1, 1, 2, 1]",1
783752,"[1, 2]",1
402587,[1],1
308360,"[2, 1]",1
358726,"[1, 1, 1, 1]",1
772535,"[1, 2]",1
160067,"[1, 2, 1, 1, 2, 2, 1, 1, 1, 1, 1, 1, 1, 1]",1
280952,[1],1
420720,"[1, 1]",1
67263,"[1, 1, 1, 1, 1, 1, 1]",1
282640,"[2, 1]",1
897679,[1],1
715099,"[1, 1, 1, 1, 1, 1, 1, 1, 1, 1, 2, 1, 1, 2, 1, 1, 2, 2, 1, 1, 1, 1, 1, 1, 2, 1, 1, 2, 1, 1]",1
791372,"[1, 1, 1]",1
164712,"[1, 1]",1
523892,[1],1
384978,"[1, 2]",1
147014,[1],1
94231,"[2, 1, 2, 1]",1
302837,"[2, 1, 1]",1
84769,"[2, 1, 1, 2, 1, 2]",1
718601,"[1, 2]",1
580694,"[1, 1, 1]",1
532196,"[1, 2]",1
613974,"[1, 1, 1]",1
481085,"[2, 1]",1
41581,"[1, 1, 1, 1]",1
109561,"[1, 1, 1]",1
509344,"[1, 1, 1, 1, 2, 1, 1, 1]",1
113781,"[2, 1, 1, 2, 1, 2, 2, 1, 2, 1, 1, 2, 2, 1]",1
89265,"[2, 1, 1, 1, 1, 1, 2, 2, 1, 1, 1, 1, 1, 1, 1, 1, 2]",1
634868,"[1, 1, 1, 1, 1, 2, 1, 1]",1
328814,"[1, 1, 2, 1]",1
943179,[1],1
158946,[1],1
871750,"[1, 1, 1, 2, 1, 1, 1, 1, 1, 2, 1, 1, 1, 1, 2, 1, 1, 1, 2, 1, 1, 1, 1]",1
11412,"[2, 1, 1, 2, 1, 2, 1, 2, 2, 1, 1, 1, 1, 1, 1, 1, 1, 1]",1
910554,"[1, 1, 1, 1, 2, 1, 1, 2]",1
779092,"[1, 2, 3, 1]",0
955576,"[2, 1, 2, 1, 1, 2]",1
893197,"[2, 1]",1
719210,"[1, 1, 1]",1
1021228,"[1, 1, 1, 1, 1, 1, 1, 2, 1]",1
44218,"[1, 1, 1, 1, 1, 1, 1, 1, 1, 1, 1, 1, 1, 1, 1, 1, 1, 1, 2, 1]",1
385375,"[2, 1]",1
191291,[1],1
713587,"[2, 1]",1
540635,"[1, 1, 1, 1, 2, 1, 2, 1, 1, 1, 1, 1, 1, 1, 1, 1, 1, 1, 1, 1]",1
504836,[1],1
776428,"[1, 2]",1
148493,"[1, 1, 1, 1, 1, 1, 1, 1, 1, 1, 1, 2, 1, 2, 1, 1, 1, 1, 1, 1]",1
853306,[1],1
893856,"[1, 1, 1, 1, 1, 1, 1, 1, 1, 1, 1, 2, 1, 2, 3, 3, 1, 1, 1, 1, 1, 1]",1
792115,[1],1
643762,"[1, 2, 2, 1]",1
703179,"[1, 2, 2, 1, 2, 1]",1
962853,"[1, 2]",1
500546,"[1, 1, 1, 1, 1, 2, 1]",1
544908,"[1, 2, 1, 1, 1, 2, 1, 1, 2]",1
796811,"[1, 1, 1, 1, 1, 2, 1, 2, 1, 1, 2, 1, 2, 1, 1, 1, 2, 2, 1, 2, 1, 1, 1, 1, 1]",1
250875,"[2, 1]",1
239269,"[1, 2]",1
555583,"[1, 1, 1]",1
4833,[1],1
429163,"[1, 1, 1, 1, 1, 1, 1, 1, 1, 1, 1, 1]",1
795981,"[2, 1]",1
144065,"[2, 1, 1, 1, 1, 2, 1, 2, 1, 1, 2, 1, 1, 1, 2, 1, 1, 2, 1, 1, 1, 1, 1, 1, 1, 1, 1, 2, 1, 2, 1, 1, 2]",1
530645,"[2, 1, 1, 2, 1, 1]",1
192428,"[1, 2, 1, 2]",1
778128,"[2, 1]",1
692163,"[1, 1]",1
67297,"[2, 1, 1, 2, 1, 2, 1, 2]",1
601954,"[1, 2, 1, 1, 2, 1]",1
666108,"[1, 1, 1]",1
183472,"[1, 2, 1, 1, 1, 2, 1, 1, 1]",1
1028146,[1],1
410301,"[2, 1]",1
799834,"[2, 1]",1
176588,"[1, 1, 2, 1, 1, 1, 1, 2, 1, 1, 2, 1, 1, 1, 2, 1, 1, 1, 1, 1, 2, 1, 1]",1
381516,"[1, 1, 2, 1]",1
580535,"[1, 2]",1
419085,"[1, 1, 1, 1]",1
65230,"[1, 2]",1
122660,"[1, 1, 1, 1, 1, 2, 1, 1, 1, 1, 1, 2, 1, 2, 1, 1, 2, 1, 1, 2, 1]",1
404576,"[1, 1, 1, 1, 1, 1, 1, 1, 1, 1, 1, 1, 1, 1, 1, 2, 1, 1, 1]",1
66299,"[1, 2]",1
916140,"[1, 2]",1
123292,"[1, 1, 1, 1, 2, 1, 2, 1]",1
718518,"[2, 1]",1
107410,[1],1
8755,"[1, 1, 1, 1, 2]",1
126586,"[1, 2]",1
848094,"[1, 1, 1, 2, 1, 1, 2]",1
229552,"[2, 1, 1, 1, 1, 1, 1, 2, 1, 1, 1, 2]",1
118543,"[1, 2]",1
453221,[1],1
513262,[1],1
310451,"[1, 1, 1, 1, 1]",1
833851,"[1, 1, 1, 1, 1, 1, 1, 1, 1]",1
388345,[1],1
734970,[1],1
272441,"[1, 1, 1, 1]",1
912797,"[2, 1]",1
839669,"[1, 1, 1, 1, 2, 1, 2]",1
859203,"[1, 1, 1, 1, 1, 1, 2, 2, 1, 1, 2, 2, 1, 2, 1, 1, 1, 1, 2, 1, 1, 1, 1, 2, 2, 1, 1, 2, 1, 2, 2, 1, 1, 2, 1, 1, 1, 1, 2, 1, 1, 1, 1, 1, 1, 1, 1, 2, 1, 1, 2, 2, 1, 1, 2, 2, 1, 3, 1, 1, 1, 1, 1, 1, 1, 1, 1, 1, 1, 2, 1, 4, 1, 2, 1, 1, 2, 2, 1, 1, 1, 1, 2, 4, 3, 4, 1, 4, 4, 4, 1, 4, 1, 1, 2, 4, 1, 2, 1, 4, 1, 4, 4, 1, 1, 1, 1, 1, 2, 1, 3, 4, 1, 4, 4, 4, 1, 4, 4, 4, 4, 4, 4, 1, 1, 1, 1, 1, 1, 1, 2, 4, 1, 4, 4, 1, 1, 2, 3, 4, 1, 4, 4, 4, 4, 4, 4]",0
599306,"[1, 2]",1
626919,"[2, 1, 1, 2, 2, 1, 2, 1, 1, 2, 1, 2, 1, 1, 2, 1, 2, 1, 2, 2, 1, 2, 1, 1, 2]",1
525202,[1],1
608967,"[1, 1, 1]",1
650112,"[1, 2, 1]",1
176001,"[2, 1, 2, 1]",1
510943,"[1, 1, 1, 1]",1
61139,"[1, 1, 1, 1, 1]",1
160646,"[1, 2, 1, 2, 1, 2]",1
543941,"[1, 1, 1, 1, 1, 1]",1
707336,"[1, 2, 1, 1, 2, 2, 1, 1, 2]",1
191894,"[2, 1]",1
2339,[1],1
408801,"[1, 1]",1
41879,[1],1
275053,"[1, 1, 1, 1, 1, 1, 1, 1, 1, 2, 2, 1, 1, 2, 1, 2, 1, 2, 2, 1, 1, 2, 1, 2, 1, 1, 2, 1, 2, 1, 2, 1, 2, 1, 2, 2, 1, 2, 1, 1, 1, 2, 1, 2, 1, 2, 1, 1]",1
555314,"[1, 2]",1
832832,"[1, 1, 1, 1, 2, 1, 1, 2, 1, 1, 1, 1, 1, 2, 1]",1
821443,"[1, 1, 2, 1, 1, 2]",1
97909,"[1, 2, 1, 2]",1
991179,[1],1
847656,[1],1
363921,"[2, 1]",1
1044669,"[1, 2]",1
510174,"[2, 1, 2, 1, 2, 1, 1, 1, 1]",1
853680,"[1, 1, 1, 1, 1, 1, 2, 2, 1, 2, 1, 1, 2, 1, 2, 1, 1, 1, 2]",1
200835,"[1, 2]",1
801804,"[1, 1]",1
892929,"[1, 1, 1, 1, 1]",1
313402,[1],1
461678,"[1, 2]",1
779262,"[2, 1, 1, 2, 2, 1, 1, 2, 2, 1, 1, 2]",1
710997,"[1, 1]",1
271283,[1],1
898198,"[2, 1]",1
741399,"[2, 1, 2, 1, 2, 1, 1, 1, 1]",1
482803,[1],1
206316,"[1, 2, 1, 1, 2, 1, 1]",1
779240,"[2, 1]",1
721879,"[1, 1, 1, 1]",1
840484,"[1, 1, 1, 1, 2, 1, 1, 2, 1, 1, 1, 1, 1]",1
330348,"[2, 1]",1
6496,"[1, 1, 1, 1, 1, 1, 1, 1, 1, 2, 1, 2, 1, 1, 2, 1, 1, 2, 1, 1, 1, 2, 1, 1, 2, 1, 1, 2, 1, 1, 2]",1
823627,"[1, 1, 1, 1, 2, 1, 2, 1]",1
178107,[1],1
312936,"[2, 1]",1
998320,"[1, 2]",1
195009,"[2, 1, 2, 1]",1
1004843,[1],1
148475,"[1, 2, 2, 1, 2, 1, 1, 2]",1
387472,"[1, 2]",1
920820,"[1, 1, 1, 1, 2, 1, 2, 1, 2, 2, 1]",1
1044904,"[1, 1, 1]",1
575112,"[1, 2]",1
931258,"[2, 1, 1, 2, 1]",1
894543,"[1, 1, 1, 1, 2, 1, 2, 1, 2, 1, 1, 1, 1, 1, 2, 1]",1
366632,"[1, 2, 1, 1, 1, 1, 1, 1, 1, 1, 2, 1, 1, 2, 1, 2, 2, 1]",1
767035,"[1, 1, 2]",1
288899,"[2, 1, 1, 1, 1, 1, 1, 1, 2, 1, 2]",1
330453,"[1, 2, 1, 2]",1
878549,"[1, 2, 1, 2, 2, 1, 1, 2, 1, 2, 2, 1]",1
701549,"[1, 2, 1]",1
800038,"[2, 1]",1
197998,[1],1
129572,"[1, 1]",1
202285,"[2, 1, 1, 1, 2, 1]",1
658118,"[1, 2]",1
45047,[1],1
230116,"[1, 1, 1, 1, 1, 1, 1, 1, 1]",1
667031,"[2, 1]",1
544443,"[2, 1]",1
469263,"[1, 2]",1
908859,"[1, 1, 1]",1
634450,"[1, 1, 1, 1, 1, 2, 1, 2]",1
305940,"[1, 1, 2, 1, 1, 1, 1]",1
190276,"[1, 1, 2, 2, 1, 3, 1, 2, 1]",1
388089,"[1, 1, 1, 2, 1, 1, 2, 1, 1, 1]",1
207922,"[1, 1, 1, 2, 1, 1, 1, 1]",1
955549,[1],1
155262,"[1, 2, 2, 1, 1, 2, 1, 2]",1
338750,"[2, 1]",1
194226,"[2, 1]",1
957352,"[1, 1, 1, 1, 2, 2, 1]",1
158809,"[2, 1]",1
300483,[1],1
342118,"[1, 1, 1]",1
174112,"[1, 1, 2]",1
509417,"[2, 1]",1
243612,[1],1
103983,"[2, 1]",1
973017,"[2, 1]",1
588605,[1],1
894614,"[1, 1, 2, 1, 1]",1
946257,"[1, 2, 2, 1, 1, 2, 2, 1, 2, 1]",1
1042697,"[1, 1]",1
920880,"[1, 1, 2, 2, 1, 2, 1, 1, 2]",1
574620,"[2, 1]",1
687550,"[2, 1, 1, 2]",1
503887,"[1, 2]",1
388596,[1],1
674979,"[1, 1, 1, 1]",1
870399,[1],1
658714,"[1, 1, 1, 2, 1, 2, 1, 1]",1
884376,"[1, 2]",1
403116,"[2, 1, 1, 1, 1, 1, 1, 1]",1
562013,[1],1
596300,"[2, 1]",1
367619,"[2, 1]",1
392224,[1],1
81243,[1],1
403680,"[1, 2]",1
511784,"[1, 1, 1, 1, 1, 1, 1, 1]",1
366805,"[2, 1]",1
311807,"[1, 1, 2, 1]",1
443643,[1],1
318300,[1],1
634908,[1],1
59119,"[1, 1, 1, 1, 1, 1, 1, 1, 1, 1, 1, 1, 1]",1
755429,"[1, 2, 1, 1, 1, 1, 1, 1, 1, 1, 1, 1, 1, 1, 2, 1, 1, 1, 1, 2, 1, 2, 1, 2, 1, 1, 1, 1, 2, 1, 1, 1, 2, 2, 1, 1, 1, 1]",1
466914,"[1, 1, 1]",1
564557,"[1, 2]",1
833043,[1],1
815347,"[1, 1, 1, 1, 1, 1, 2, 1, 1, 2, 1, 2, 1, 2, 1, 2, 2, 1, 1, 2, 1, 2, 1, 2, 2, 1, 1, 2, 2, 1, 2, 1, 2, 1, 2, 1, 2, 1, 2, 1, 1, 2, 1, 2, 1, 2]",1
133534,"[2, 1]",1
918268,"[2, 1]",1
382806,"[1, 2]",1
480693,"[1, 1, 1, 1, 1, 1, 1, 1, 2, 1, 1, 2, 1, 2, 1, 1]",1
475196,"[1, 2, 2, 1, 2, 1, 2, 1]",1
7178,"[1, 2]",1
133648,[1],1
635117,"[1, 2, 1, 2, 2, 1, 1, 2, 3, 4, 1, 1, 1, 1, 2]",1
247589,"[2, 1]",1
1025230,"[1, 1, 2, 1, 1, 1, 2, 1, 2, 1, 2, 1, 2, 1, 2, 1, 1, 1, 1, 1, 1, 2, 1, 1, 2, 1, 2, 1, 1, 2, 1, 1, 1, 1, 1, 1]",1
293624,"[1, 1, 1, 1, 2, 3, 1, 2, 3, 1, 2, 1, 2, 3, 1, 2, 3, 1, 1, 1, 2, 1]",1
176014,"[1, 1]",1
86649,"[1, 1, 1, 1, 1, 1, 1, 1, 1, 1, 1, 1]",1
658289,"[2, 1]",1
632265,"[2, 1, 2, 1, 2, 1, 2, 1, 1, 2, 2, 1]",1
933511,[1],1
45206,"[1, 2]",1
1005871,"[1, 2, 1, 1]",1
231955,"[1, 1, 1, 2, 1, 1, 1, 2, 2, 1]",1
849295,[1],1
37157,"[2, 1]",1
883064,"[1, 2, 1, 2, 1, 2]",1
780801,"[1, 2, 1, 2, 2, 1]",1
930876,"[1, 1]",1
995768,"[1, 1, 1, 2, 1, 3, 3, 1, 1, 1, 1, 1, 1, 1, 2, 1, 3, 1, 1, 1, 2, 1, 3, 1, 2, 3, 1, 1, 1, 2, 1, 1, 1]",0
647682,"[1, 2, 1, 1, 1, 2, 1]",1
773422,"[1, 2, 2, 1, 1, 2]",1
824039,"[1, 2]",1
5768,"[1, 1]",1
159896,"[1, 1]",1
226446,"[2, 1]",1
115405,[1],1
972141,"[2, 1, 2, 1, 2, 1, 2, 1, 2, 1, 2, 1, 1, 2, 1, 2, 1, 2]",1
468484,"[1, 1, 1, 1, 1]",1
598033,"[1, 2, 1, 1, 2, 2, 1]",1
745433,"[1, 1, 1, 1, 2]",1
828821,[1],1
151885,"[1, 2, 2, 1, 1, 2, 2, 1]",1
954788,"[1, 1, 1, 1, 1, 1, 1, 1, 1, 1, 1, 1, 1, 1, 1]",1
291903,"[1, 2, 2, 1, 2, 1, 2, 1, 1, 2]",1
420319,"[1, 1, 1, 1, 1, 2, 1, 1, 1, 2, 1, 1, 1, 1, 1, 1, 1, 1, 1, 1, 1, 1, 1, 2]",1
142714,"[1, 2]",1
769068,"[1, 1, 1, 2, 1, 1]",1
945874,"[2, 1]",1
826060,"[1, 2, 1, 2, 1, 2, 1]",1
987712,"[2, 1, 2, 1]",1
70524,"[1, 1, 1, 1, 1]",1
358236,"[1, 1, 1]",1
604526,"[1, 1, 1, 1, 2, 2, 1, 2, 1, 2, 1, 2, 1, 1, 1, 1, 1, 1, 2, 1, 2, 1, 1, 1, 1, 1, 1, 1, 1, 1, 2, 1, 1, 1, 1, 1, 2, 2, 1, 1, 1, 1, 1, 1, 1, 1, 1, 1, 1, 1, 1, 1, 1, 1, 1, 1, 2, 1, 1, 1, 1, 2, 1, 2, 1]",1
36479,[1],1
506249,"[1, 1, 1, 1, 1, 1, 1, 1, 1, 1, 1, 1]",1
94336,"[1, 1, 1, 1, 1, 1, 2, 1, 1, 2, 1, 2]",1
690287,"[1, 2]",1
896011,[1],1
293247,"[1, 2, 1, 1, 1]",1
570501,"[2, 1]",1
1027053,"[1, 1]",1
1015376,"[1, 2]",1
250684,"[1, 1, 1, 1, 1, 1]",1
913030,"[2, 1, 2, 1]",1
380048,"[1, 2]",1
923918,"[1, 2, 1]",1
940173,"[1, 2, 1, 2]",1
1034117,"[1, 2, 1, 1, 1, 1, 2]",1
938019,"[1, 2, 1, 2]",1
505374,"[1, 1, 1, 1, 1, 1, 2, 1]",1
983219,"[1, 1, 1, 1, 1, 1, 2, 1, 2, 1, 2, 1, 2, 1, 1, 1, 1, 1]",1
147181,"[1, 2, 2, 1]",1
103112,"[1, 1, 1, 1, 1, 2, 2, 1, 2, 1, 1, 2, 2, 1, 1, 2, 1, 2, 1, 2, 2, 1, 3, 1, 1, 1, 1, 1, 1, 1, 1, 1, 1, 1, 1, 1, 1, 1, 1, 1, 1, 1, 1]",0
127376,"[2, 1, 1, 1, 2, 1, 2, 1, 2, 1, 1, 1, 2, 1, 1, 2, 1, 2, 1, 1]",1
282151,"[2, 1]",1
612322,[1],1
290875,"[1, 1]",1
832016,"[1, 2]",1
24749,"[1, 2, 1]",1
389182,"[1, 2]",1
506091,"[2, 1, 2, 1]",1
465595,[1],1
176466,"[1, 1, 1, 1, 1, 1, 1, 1, 1, 1, 1, 1, 2, 1, 1, 2, 1, 1, 2, 1, 1, 1, 1, 1, 1, 1, 1, 1, 1, 1, 1, 1, 1, 1, 2, 1, 1, 1, 1, 2, 1, 1, 1, 1, 1, 1, 2, 1, 1, 1]",1
693732,"[1, 1, 1, 1, 1]",1
686579,[1],1
570269,"[1, 2, 2, 1]",1
798070,"[2, 1]",1
513640,"[2, 1]",1
500527,"[2, 1]",1
1035382,"[1, 2]",1
997858,"[2, 1, 1]",1
526586,"[1, 2, 1, 1, 1]",1
983878,"[2, 1, 2, 1, 1, 2, 2, 1, 1, 2, 1, 2, 1, 2, 2, 1]",1
679228,"[1, 2]",1
21607,[1],1
379597,"[2, 1]",1
979610,"[1, 1, 2, 2, 1, 2, 1, 1]",1
347924,"[1, 1]",1
109863,"[1, 1, 1, 1]",1
185415,"[2, 1, 2, 1, 3]",1
382584,"[1, 2, 1, 2]",1
228371,"[1, 1, 1, 1, 2]",1
603367,"[2, 1, 1, 2]",1
593833,[1],1
282114,"[1, 2, 1, 2, 2, 1]",1
502388,"[1, 2]",1
315543,"[2, 1, 1, 2, 1]",1
130917,"[1, 2, 2, 1, 2, 1, 1, 2]",1
483559,"[1, 2]",1
915730,[1],1
383254,"[2, 1]",1
730653,"[1, 1, 2]",1
443516,"[1, 1, 1, 2, 1, 2, 1, 1, 2]",1
1026372,"[1, 1, 1, 1, 2, 1]",1
331207,[1],1
54519,[1],1
254513,[1],1
1031904,"[2, 1]",1
119279,"[1, 1, 1, 1, 1, 1, 1, 2, 2, 1, 1, 1, 1, 1, 1, 1, 1, 1, 1, 1, 1, 1, 1, 1, 1, 1, 1, 2, 1, 3, 1, 1, 1, 1, 2, 1, 2, 1, 1, 1, 1, 1, 1, 1, 1, 2, 1, 2, 1, 3, 1, 1]",0
755670,"[1, 1, 2, 1, 1, 1]",1
600137,"[1, 2]",1
1041749,[1],1
162279,[1],1
384146,"[2, 1, 1, 1, 1, 1]",1
921466,"[1, 1, 1, 1]",1
37502,"[2, 1]",1
318411,[1],1
811201,"[2, 1]",1
668420,"[2, 1]",1
497598,"[2, 1, 2, 1, 2, 1]",1
938709,[1],1
998013,"[1, 2]",1
1012133,"[1, 1, 1, 2, 2, 1, 1, 2, 1]",1
213068,[1],1
288564,"[1, 2]",1
492721,"[1, 2]",1
196914,"[2, 1]",1
516834,[1],1
1045888,"[1, 1, 1, 2, 1]",1
197352,[1],1
924169,"[1, 1, 1, 1, 2, 1, 1]",1
850137,"[2, 1]",1
863524,"[2, 1, 2, 1, 1, 2, 1, 2, 2, 1, 1, 2]",1
967257,[1],1
86947,[1],1
110772,[1],1
930363,"[2, 1, 1, 1, 2, 1, 1, 1, 2, 2, 1, 1, 2, 2, 1, 2, 1, 1, 2, 1, 2, 1, 1, 1, 1, 1, 1, 1, 1]",1
733780,[1],1
360717,"[1, 1, 1, 2, 1, 2, 2, 1, 1, 2, 1, 1, 1, 1, 2, 1, 2, 1]",1
200332,"[1, 1, 1, 1]",1
542583,"[1, 1, 1, 1, 1, 1, 1, 1, 2]",1
698458,"[1, 1, 1, 1, 1, 1, 1, 1, 1, 1, 1]",1
699993,"[1, 1, 2, 1, 1, 1, 2, 1, 2, 1, 3, 1, 2, 1, 1, 1, 1, 1, 1, 1, 2, 1, 1, 2, 1, 1, 2, 1, 1, 2, 1, 2, 1, 1, 1, 1, 2, 1, 1, 2, 1, 1, 2, 1, 1, 2, 1, 1, 1, 1, 2, 1, 2, 1, 1, 1, 1, 1, 1, 1, 1, 1, 1, 1, 1]",1
936530,"[1, 1, 1]",1
915801,"[2, 1]",1
566128,"[1, 1, 1, 1, 1, 1, 1, 1, 1, 1, 1, 2, 1]",1
551995,"[2, 1]",1
241375,"[2, 1, 1, 2, 2, 1]",1
403347,"[2, 1, 1, 2]",1
70488,"[1, 1, 1, 1, 1, 1, 2, 1, 1, 2, 1, 2, 1]",1
879863,"[1, 1, 1, 1, 1, 1, 1, 1, 1, 1, 1, 1, 1, 1]",1
781367,"[1, 2, 1, 1, 2, 1, 1, 2, 1]",1
929335,"[2, 1, 1, 2, 1, 2, 1, 2]",1
671152,[1],1
263127,"[2, 1]",1
771968,"[1, 1, 2, 1, 1, 1, 1, 1, 1, 2, 1, 2, 1, 1, 1]",1
23497,"[1, 2, 1, 2]",1
550060,"[2, 1, 1, 1, 1, 1, 1, 2, 1, 1, 1, 1, 2, 1, 2, 1, 1, 1, 1, 1, 1, 2, 1, 3, 1, 1, 2, 1, 1, 1, 1, 2, 1]",1
753792,"[1, 1, 1, 1, 2, 2, 1, 1, 2, 1, 2, 2, 1, 1, 2]",1
26933,"[2, 1, 3, 1, 1, 1, 1, 1, 1, 1]",1
864900,"[1, 2]",1
57974,"[2, 1]",1
968347,[1],1
113155,"[2, 1]",1
752288,"[1, 1, 1, 1, 2, 1, 1, 1, 1, 1, 1, 1, 2]",1
400377,"[1, 1, 1, 1, 1, 1, 1, 1, 2, 1, 1, 1, 1, 1]",1
398531,"[1, 2, 1, 1, 1, 1, 2, 1, 1, 1, 1, 2, 1, 2, 1, 1, 1, 1, 1, 1, 1, 2, 1, 1, 2, 1, 1, 1, 1, 1, 1, 2, 1, 1, 2, 1, 1, 1, 2, 1, 2, 1, 1, 1, 1, 1, 2, 1, 1, 2, 2, 1, 1, 2, 1, 1, 2, 1, 1, 1, 1, 1, 1, 2, 1]",1
860056,"[1, 1, 2, 1, 1]",1
440092,[1],1
781479,"[1, 2]",1
991830,"[1, 2]",1
995527,"[1, 1, 1, 1, 1, 2, 1, 1, 1, 1, 1, 1]",1
281796,"[1, 1, 1, 1, 2, 1, 1, 1, 2, 1, 1, 2, 1, 1, 1, 2, 2, 1, 1, 1, 2, 1, 1, 2, 1, 1, 2, 1, 1, 2, 1, 1, 1, 2, 1, 2, 1, 1]",1
407755,"[1, 1, 1, 1, 2, 1]",1
252087,"[2, 1]",1
734705,"[2, 1, 2, 1, 2, 1]",1
694689,"[1, 2]",1
59493,"[1, 2]",1
214720,"[1, 1, 2, 1, 1, 2, 1, 2, 1]",1
156805,"[1, 2]",1
654836,"[1, 2]",1
255945,[1],1
240067,[1],1
885714,"[1, 1, 1, 1, 1, 1, 2, 1, 1, 2, 2, 1, 1]",1
1021164,[1],1
343066,"[1, 2]",1
1015868,"[1, 2, 1, 2]",1
484057,"[1, 1, 1]",1
325335,"[2, 1, 1, 2, 2, 1, 1, 2, 1, 2, 2, 1]",1
146079,[1],1
880656,"[1, 1, 1, 1, 1, 1]",1
923810,"[1, 1, 1, 1, 1, 2]",1
38270,"[1, 1, 1, 1, 1, 2, 1, 1, 1, 1, 1, 1, 1, 1, 2, 1, 1, 1, 1, 1, 1, 2, 1]",1
943707,"[1, 1, 1]",1
660357,"[1, 2]",1
108607,"[1, 1, 2, 1, 2, 1, 1, 1]",1
143757,"[1, 1, 1, 1, 1, 1]",1
878016,"[2, 1]",1
502685,"[1, 1, 1]",1
971777,[1],1
514051,[1],1
811873,"[1, 1]",1
181373,"[1, 1, 1, 1, 1, 1, 1, 1, 1, 1, 1, 1, 1, 1, 1, 2, 2, 1, 2, 1, 1, 1, 2, 2, 1, 1, 1, 1, 1, 1, 1, 1, 1, 1, 1, 1, 1, 1, 1, 1, 1, 1, 1, 1, 1, 1, 1, 1, 1, 1, 1, 1, 1, 1, 1, 1, 1, 1, 1, 1, 1, 1, 1, 1, 1, 1, 1, 2, 1, 1, 1, 1, 1, 1, 1, 1, 1, 2, 1]",1
608260,[1],1
519829,[1],1
731667,"[1, 2]",1
710703,"[1, 1, 1, 1, 1, 1, 1, 1, 1, 1, 1, 1, 2, 1, 1, 1, 1, 1, 1, 1, 1, 1, 1, 1, 2, 1, 1, 1, 1, 1, 1, 1, 1, 1, 1, 1, 1, 1, 1, 2]",1
576324,"[1, 1, 1, 2, 1, 1, 1, 1, 2, 1, 2, 1, 1, 1, 2, 1, 1, 1, 1, 1, 2, 1, 1, 1, 1, 2, 1, 1, 1, 1, 2, 1, 1, 1, 1, 1, 1, 2, 1, 1, 1, 2]",1
723751,"[1, 1, 1, 1, 1, 1, 1, 2, 1, 2, 1, 1, 1, 1, 2, 3, 2, 1, 3, 3, 1, 1, 2, 1, 3, 3, 1, 1, 1, 1, 1, 1, 1, 2, 3, 1, 1, 1, 1, 1]",1
177843,"[1, 2]",1
977228,"[1, 1, 1, 2, 1, 1, 1, 1, 2, 1, 1, 2, 1, 1, 2, 1, 2, 1, 1, 2, 1, 1, 2, 1, 1, 1, 2, 1, 1, 1, 1, 1, 2, 1, 1, 2, 1, 1, 2, 1, 2, 1, 1, 1, 2, 3, 4, 4, 1, 1, 1, 4, 4, 1, 1, 1, 1, 1, 1, 1, 4, 4, 1]",1
915337,"[1, 2]",1
435656,[1],1
280790,"[2, 1]",1
647408,"[1, 2]",1
238607,"[1, 1]",1
159960,"[1, 1, 1, 1]",1
910506,"[1, 1, 1, 2]",1
986025,[1],1
808223,"[1, 1, 2, 1, 1, 1, 1, 1, 1, 1, 1, 2, 1]",1
641301,"[2, 1]",1
317702,[1],1
468155,"[1, 2]",1
990253,[1],1
683460,[1],1
345906,"[1, 2]",1
919908,[1],1
2372,"[1, 1, 1, 1, 1]",1
104952,"[1, 1, 1, 1, 1, 1, 2, 1, 1, 1]",1
844443,"[2, 1]",1
54238,[1],1
863050,"[1, 2]",1
12887,"[1, 1, 1, 1, 1, 1, 2, 1, 1, 1, 2, 1, 1, 1, 1, 2, 1, 1, 2, 1, 2, 1, 1, 1, 2, 1, 1, 2, 1, 2, 1, 1, 1, 2, 1, 1]",1
409509,[1],1
989372,[1],1
854571,"[1, 1, 1]",1
546183,[1],1
972153,"[2, 1]",1
43638,"[2, 1, 1, 2]",1
793737,"[1, 1, 1, 1, 1, 1, 2, 1, 1, 1, 1]",1
172902,[1],1
889541,"[1, 1]",1
462207,"[2, 1, 1, 1, 1, 1]",1
894224,"[2, 1]",1
944667,"[1, 2, 2, 1, 2, 1]",1
195781,"[1, 3, 1, 1, 1, 1, 1]",1
248716,"[1, 2, 2, 1, 1, 2]",1
476744,"[1, 1, 1, 2, 1, 2, 2, 1, 1, 2, 2, 1, 1, 1, 1, 1, 1, 1, 1, 1, 1, 1, 1, 2, 1, 1]",1
315526,"[1, 2, 1, 2, 1, 2, 1, 2, 1, 1, 1, 2, 2, 1, 2, 1, 1, 1, 1]",1
435372,"[1, 1, 2, 1]",1
642512,[1],1
694379,"[2, 1]",1
865899,"[1, 2, 1]",1
372988,"[2, 1, 1, 2]",1
431862,"[1, 2]",1
695066,"[2, 1, 1, 1, 2]",1
90440,"[1, 1, 1, 2, 1, 1, 1, 1, 1, 2, 1, 1, 1, 1, 1, 1, 1, 2, 1, 2, 1, 1, 1, 1, 1, 1, 1, 1, 1, 2, 1, 1, 2, 1, 1, 1, 1, 1, 1, 1, 2, 3, 4, 4, 1, 4, 4, 1, 1, 1, 2, 1, 1, 1, 1, 1, 4, 4, 1, 1, 4, 4, 1, 1, 4, 4, 3, 4, 4, 4, 4, 1, 4, 4, 4, 4, 1, 4, 4, 4, 4, 4, 1, 4, 4, 4, 4, 4, 1, 4, 4, 4, 1, 1, 1, 1, 1, 1, 1, 1, 1, 1, 3, 4, 4, 1, 4, 4, 1, 4, 4, 4, 4, 4, 4, 4, 4, 1, 1, 4, 4, 1, 4, 4, 4, 4, 4, 4, 4, 4, 4, 4, 4, 4, 1, 1, 2, 1, 1, 1, 1, 1, 4, 4, 1]",1
1017879,[1],1
528129,[1],1
873648,"[1, 1, 1, 1, 1, 2, 2, 1, 2, 1, 2, 1, 1, 1, 1, 1, 1, 1, 1, 1, 2]",1
953730,"[2, 1]",1
251961,[1],1
108614,"[1, 2, 1, 2]",1
155129,"[2, 1]",1
444288,"[1, 1]",1
937136,"[1, 2]",1
718180,"[1, 1, 1, 1, 1, 2, 1, 1, 1, 1, 2, 1, 1, 1, 1, 1, 1, 1, 1, 1, 1, 2, 1]",1
61877,"[1, 1, 1, 1, 2, 1]",1
639407,"[1, 2, 1, 1, 1, 1, 1, 1, 2, 1, 2, 1, 1, 1, 1, 1, 2, 1, 2, 1, 2, 1, 1, 2, 1, 2, 1, 1]",1
473191,"[1, 2]",1
336780,[1],1
301862,"[1, 2]",1
127608,"[1, 2]",1
756729,"[2, 1]",1
489605,[1],1
1040270,"[1, 2, 2, 1]",1
170931,"[1, 1, 1, 2, 1, 3, 4, 4, 1, 4, 4, 4, 4, 4, 4, 1, 4, 4, 4, 4, 4, 4, 4, 4, 1, 4, 4, 4, 4, 1, 4, 4, 1, 4, 4, 4, 4, 4, 4, 4, 4, 1, 4, 4, 1]",1
105361,[1],1
113314,[1],1
112900,"[1, 2]",1
35596,"[1, 2]",1
956467,"[1, 1, 1, 1, 1, 1, 1, 2, 1, 1, 2, 1, 1, 1, 1]",1
894633,"[2, 1]",1
108214,"[2, 1, 1, 1, 2, 1, 2]",1
812198,"[1, 1, 1]",1
130886,"[1, 2]",1
405768,"[1, 1, 1, 1, 1, 1, 1]",1
715868,"[1, 1, 1, 2, 3, 1, 1, 1, 2, 1, 2, 1, 1, 2, 1, 1, 1, 1, 2, 1, 2]",1
177210,"[2, 1]",1
480292,"[2, 1, 1, 2, 2, 1]",1
745267,"[1, 2]",1
574354,"[2, 1, 2, 1]",1
176206,[1],1
568308,"[2, 1, 1, 2, 1, 2, 1, 2, 1]",1
464442,"[1, 1, 1, 1, 1, 1, 1, 1]",1
424209,"[1, 2]",1
521463,[1],1
946778,"[2, 1]",1
530445,"[1, 2]",1
328344,[1],1
727105,[1],1
854927,"[1, 1, 1, 1, 1, 1, 1]",1
795293,"[1, 1, 1, 1, 1, 1, 1, 1, 1, 1, 1, 1, 1]",1
330489,"[2, 1, 1, 1]",1
527616,"[1, 1, 1, 2, 1, 1, 2, 1, 2, 1, 1, 1]",1
600788,"[1, 1, 1, 2, 2, 1, 2, 1, 1, 2, 1, 1, 2, 1, 2, 1, 2, 1, 1, 2, 1, 2, 1, 1]",1
532593,"[1, 2]",1
762608,"[1, 1, 1]",1
937835,"[1, 1]",1
776223,"[1, 1, 1, 1, 1, 1, 1, 1, 1, 1, 1, 1, 1, 1, 1, 1, 1, 1, 1, 2, 1, 2, 1, 1, 2, 1, 1, 2, 1, 2, 2, 1, 2, 1, 1, 2, 1, 2, 2, 1, 1, 2, 1, 1, 1, 1, 1, 1, 1, 1, 1, 1, 1, 1, 1, 1, 2, 1, 1, 1, 1, 1, 2, 2, 1, 2, 1, 1, 1, 2, 1, 2, 1, 1, 1, 1, 2, 1, 1, 1, 2, 1, 2, 1, 1, 1, 1, 1, 1, 1, 1, 1, 1, 1, 1, 2, 1, 2, 1, 1, 2, 1, 2, 1, 1, 2, 1, 1, 1, 1, 1, 2, 1, 2, 1, 1, 1, 1, 1, 1, 1, 1, 1, 2, 1, 1, 1, 2]",1
141503,"[1, 2, 2, 1, 2, 1, 2, 1, 2, 1]",1
410098,"[2, 1, 2, 1]",1
910275,"[2, 1]",1
411200,[1],1
216629,"[1, 2]",1
747102,"[1, 1, 1, 1, 1, 2, 3, 2, 1, 1, 2, 1, 2, 2, 1, 2, 1, 1, 1, 1]",0
208435,"[1, 1, 1, 1, 1, 2]",1
141151,"[1, 2]",1
253800,[1],1
721808,[1],1
353247,"[2, 1]",1
769436,"[2, 1, 1, 1, 1, 1, 2, 1, 2]",1
876386,"[1, 1, 1, 1, 2, 1, 1, 1, 2, 1, 2]",1
730834,"[1, 1, 1]",1
233160,"[2, 1, 1, 2, 2, 1]",1
985909,"[2, 1]",1
674034,"[1, 1, 2, 1]",1
893847,[1],1
115760,"[1, 1, 1, 1, 2]",1
296259,"[1, 1, 2, 1, 1, 1, 1, 1, 1, 1, 1, 1, 1]",1
250841,"[1, 1, 1, 1, 1, 2, 2, 1]",1
754306,"[1, 2]",1
831554,"[1, 1, 2, 1, 1, 2, 1, 1, 1, 2, 1, 1, 1, 2, 1, 1, 2, 1, 1, 2]",1
921298,"[1, 2]",1
566131,[1],1
383928,"[1, 2, 2, 1, 1, 2, 1, 2, 2, 1, 2, 1, 1, 2, 1, 1, 1, 2, 1, 1, 1, 2, 1, 2, 1, 1, 1, 1]",1
585365,"[2, 1]",1
432336,"[1, 2, 1, 2, 1, 2, 2, 1]",1
783982,"[2, 1]",1
1010211,[1],1
866777,"[1, 2, 1, 2, 2, 1, 2, 1, 1, 2]",1
352692,"[2, 1, 2, 1]",1
692215,"[1, 1, 1, 1, 1, 1, 1, 1, 1, 1, 1, 1, 1, 1, 1, 1, 2, 1, 1, 1, 1, 1, 2, 1, 2, 1, 1, 1, 1, 1, 2, 1, 1, 2, 1, 2, 1, 2, 2, 1, 1, 2, 1, 2, 1, 2, 2, 1, 1, 2, 2, 1, 1, 2, 1, 2, 1, 1, 2, 1, 1, 1, 1]",1
1039296,"[1, 1]",1
573542,"[1, 1, 2, 1, 2, 1]",1
620873,[1],1
620695,"[1, 1]",1
509876,"[1, 1, 1, 1]",1
90286,"[1, 1, 1]",1
450514,"[2, 1, 1, 2]",1
704612,"[2, 1]",1
62147,"[1, 2, 1, 2, 1, 2, 1, 2]",1
888833,"[1, 1, 1, 1, 2, 1, 2, 2, 1, 2, 1, 2, 1, 1, 2, 1]",1
96476,"[2, 1]",1
704645,"[1, 1, 1, 1, 1, 2, 1]",1
567835,"[1, 1, 1, 1, 1]",1
8178,"[1, 2, 1, 2, 2, 1, 1, 2, 1, 1, 1, 1, 2, 1, 1, 2, 1, 1, 1, 2, 1, 2, 1, 2, 1, 1, 1, 2, 1]",1
78704,"[1, 1, 1, 1, 2, 1, 2, 1, 2, 1, 1, 1, 1, 1, 1, 1, 1, 1, 1]",1
824630,[1],1
494812,"[2, 1, 2, 1, 1, 1]",1
941908,"[1, 2, 1]",1
325636,[1],1
936778,"[1, 2]",1
560146,"[1, 1, 1, 1, 1, 1, 1, 1]",1
968270,[1],1
1024655,"[1, 1, 2, 1, 1, 1, 1, 1, 1, 1, 2, 1, 1]",1
739451,"[2, 1]",1
333889,"[1, 1, 2, 1, 2, 1, 2, 1, 1, 1, 2, 1, 2, 2, 1, 1, 1, 2]",1
704028,"[2, 1, 2, 1, 2, 1, 1, 2, 2, 1, 2, 1]",1
733161,"[1, 2]",1
619217,"[1, 1, 1, 1, 1, 1, 1, 1, 2, 1, 1, 2, 1, 1, 1, 1, 1, 1, 1, 1, 1, 2, 1, 1, 2, 1, 1, 1, 2, 2, 1, 1, 2, 2, 1, 1, 2, 1, 1, 2, 1, 2, 1, 1, 1, 1, 2, 1, 1, 1, 1, 1, 2, 1, 1, 1, 1, 1, 1, 1, 1, 1, 1, 1, 1, 1, 1, 1, 2, 1]",1
177287,"[1, 1, 1, 1, 1, 1, 1, 1, 1]",1
654215,"[1, 1]",1
909654,"[2, 1]",1
734614,"[1, 1, 1, 2, 1, 1, 1, 1]",1
793020,[1],1
583124,"[1, 2]",1
272278,[1],1
976150,"[1, 2]",1
96825,"[1, 1]",1
456969,"[1, 1, 2, 1, 1]",1
609498,"[1, 1, 1, 1, 2, 1]",1
628497,"[1, 1, 2, 1, 2, 1, 1, 2, 1, 2, 1, 2, 1, 1]",1
718900,"[1, 1, 1, 2, 1, 1, 2, 1, 2, 1, 1, 2, 1, 1, 1, 2, 1, 1, 1, 1, 2, 1, 1, 1]",1
161624,"[2, 1, 2, 1]",1
776980,"[1, 1, 1, 1, 1, 1, 2, 1, 2, 1, 1, 2, 1, 1, 2, 1]",1
287493,"[2, 1]",1
618402,"[1, 2, 2, 1]",1
104659,[1],1
835584,"[2, 1, 1, 2, 2, 1, 2, 1, 1, 2, 1, 2, 1, 1, 2, 1, 1, 2, 1, 1, 1, 2, 1, 1, 2, 1, 2, 1, 2, 1, 1, 1, 1]",1
654081,[1],1
561184,"[1, 2]",1
346545,[1],1
806341,"[1, 1, 1, 2, 1, 1, 1, 1]",1
751391,"[1, 1, 2, 1, 3, 1, 1, 2, 3, 3, 1, 1, 1, 1, 1]",1
762754,"[1, 2]",1
515203,"[1, 2]",1
374422,"[1, 2, 1, 2]",1
754903,"[1, 1, 1, 1, 3, 1, 1, 1, 1]",0
940554,"[1, 1]",1
379255,"[1, 1, 1, 1, 1, 1, 2, 1, 2, 1, 1, 2, 1, 1, 1, 1, 2, 1, 2, 1]",1
637223,"[1, 2]",1
219950,"[1, 2, 3, 1, 2, 1, 1, 1, 1, 1]",1
556932,"[1, 1, 2, 2, 1, 2, 1, 1, 2, 2, 1, 1, 1, 2, 1, 2, 1, 1, 2, 1]",1
950324,"[1, 1, 1, 1, 1]",1
789843,[1],1
947827,[1],1
798433,[1],1
6709,[1],1
19203,"[2, 1, 2, 1, 2, 1, 2, 1, 1, 2, 2, 1, 1, 2, 2, 1, 2, 1, 1, 2, 1, 2, 2, 1, 1, 2, 1, 2, 1, 2, 1, 2, 2, 1, 1, 2, 1, 2, 1, 2]",1
157929,"[1, 2, 1]",1
922392,"[1, 1, 1, 1, 2, 1, 2, 1, 2, 1, 1, 1, 1, 1]",1
422680,"[1, 2]",1
876467,"[1, 2]",1
997999,"[1, 1, 1, 1]",1
355852,"[1, 2]",1
859145,"[1, 2, 1, 2, 1, 1, 2, 1, 2, 1, 1]",1
673019,"[1, 1, 1, 1, 2, 1, 1, 1]",1
463254,"[2, 1]",1
456054,"[1, 1, 2, 1, 1]",1
1008382,[1],1
85339,"[1, 1, 1, 4, 1, 1, 1, 1, 2, 1, 1, 2, 1, 2, 1, 1, 1, 1, 1, 2, 4, 3]",1
17723,"[1, 1, 1]",1
695857,"[2, 1]",1
99209,"[2, 1]",1
986616,"[1, 1, 1, 2, 1, 1]",1
232084,"[2, 1, 1, 2, 1, 2, 1, 2]",1
782406,"[1, 2, 1, 2, 2, 1, 1, 1, 2, 1, 1, 1, 2, 1, 1, 2, 2, 1, 1, 1, 1, 1, 1, 2, 1]",1
412024,"[1, 2]",1
19802,"[1, 2]",1
824837,"[1, 2, 1, 2, 2, 1]",1
527395,"[2, 1, 1, 2, 2, 1, 2, 1, 2, 1, 2, 1, 1, 2]",1
973752,"[2, 1]",1
173430,"[1, 2]",1
231793,"[1, 1, 1]",1
323852,[1],1
915618,"[1, 1, 1, 1, 1, 1, 1, 1, 1, 1, 1, 1, 1, 1, 1, 1, 2, 1, 2, 1, 1, 2, 1, 1, 1, 1, 1, 1, 1, 1, 1, 1, 1, 1, 2]",1
120786,"[2, 1, 1, 2, 1, 2, 2, 1, 3, 2, 1]",1
478380,"[2, 1]",1
308178,"[1, 1, 1, 1, 1, 1, 1, 1, 1, 2, 2, 1, 1, 2, 2, 1, 2, 1, 1, 2, 2, 1, 1, 2, 2, 1, 1, 2, 2, 1, 2, 1, 1, 2, 2, 1, 2, 1, 1, 2, 1, 2, 1, 1, 2, 1, 1, 2, 1, 1, 1, 1, 1, 1, 2, 1, 2, 1, 2, 1, 1, 1, 2, 1]",1
761259,"[2, 1, 1, 2, 2, 1, 2, 1]",1
134525,"[1, 2]",1
882473,[1],1
237302,[1],1
1011276,"[1, 2]",1
819404,[1],1
179865,"[1, 1, 1, 1, 1, 2, 1, 3, 1, 2, 1, 1, 1, 2, 3, 1, 2, 1]",1
738735,"[1, 1, 1, 1, 2, 1, 1, 1, 1, 1, 1, 1, 1, 1, 2, 1, 1, 1, 2, 1, 1]",1
895579,"[1, 1, 1, 2, 1, 3, 1, 1, 1, 1, 1, 1, 1, 1]",1
247661,[1],1
742672,"[1, 2, 1, 2]",1
478693,"[1, 2, 1]",1
598963,"[1, 1, 1, 1, 1, 1, 1, 2, 1, 1, 2, 1, 1, 2, 1, 3, 1]",1
854174,"[2, 1]",1
1002164,"[2, 1]",1
376430,"[1, 2]",1
160881,"[1, 2]",1
91796,"[1, 1, 1, 1, 1]",1
173783,"[1, 2]",1
217691,"[1, 1, 1, 1, 1, 1, 1, 1, 1, 2, 1]",1
959615,"[1, 1]",1
1026045,"[2, 1]",1
167976,[1],1
1037221,"[2, 1]",1
620497,"[1, 1, 2, 1, 2, 1, 2, 1, 2, 1, 1]",1
972926,"[1, 1, 1, 2, 1, 1, 1, 1, 2, 3, 1, 2, 1, 2, 1]",1
475145,"[2, 1]",1
821673,"[1, 1, 1, 1, 1]",1
862461,"[2, 1]",1
148975,"[1, 1, 1, 1, 2, 1, 1, 1, 2, 1, 2, 1, 1, 2, 1, 2, 2, 1, 2, 1, 1, 2, 2, 1, 1, 1, 1, 1, 1, 1, 2, 1, 1, 2, 1, 2, 1, 1, 1, 1, 2, 1, 1, 2, 1, 1, 1]",1
701629,"[2, 1]",1
287282,"[2, 1, 1, 1, 2, 1, 1, 1, 1, 1, 1, 2, 1, 1, 1]",1
519259,"[1, 1, 1]",1
500584,"[1, 1, 1, 1]",1
307194,"[1, 1, 1, 2, 1, 1, 1, 2, 1, 1, 1, 2, 2, 1, 1, 1, 1, 1, 2, 2, 1, 1, 2, 2, 1, 1, 2]",1
189160,"[1, 1, 1, 1]",1
469996,"[2, 1, 1, 2, 1, 2, 2, 1, 2, 1]",1
490574,"[2, 1]",1
939021,"[1, 2]",1
17173,"[2, 1]",1
95056,"[1, 1, 1, 1, 1]",1
163111,"[1, 1, 1, 1, 1]",1
868780,"[2, 1]",1
890177,"[2, 1]",1
867566,"[1, 2]",1
686468,"[2, 1]",1
104019,[1],1
859835,"[2, 1]",1
691327,[1],1
977864,"[2, 1, 1, 2, 2, 1]",1
73724,"[1, 1, 1, 2, 1, 2, 1]",1
393909,"[1, 2, 1]",1
504229,[1],1
482990,[1],1
712684,[1],1
1030117,"[1, 1, 1, 1, 1, 1, 1]",1
474827,"[1, 2]",1
101054,"[1, 1]",1
445854,"[2, 1, 1, 1, 2, 1, 1, 2, 1, 1, 2, 1, 1, 2, 1, 2, 1, 2, 1, 1, 2, 2, 1, 1, 2, 1, 2, 1, 2, 1, 2, 1, 1, 2, 2, 1, 1, 2, 1, 1, 1, 1, 1, 1, 2, 1, 2, 1, 1, 2, 1, 1, 2, 1, 1, 1, 2, 1, 2, 1, 1, 1, 2, 1, 1, 2, 1, 2, 1, 1, 1, 2, 1, 2, 1, 1, 1, 1, 2, 1, 1, 1, 2, 1]",1
611208,"[1, 1, 1, 2, 1]",1
321210,"[1, 2]",1
760267,"[1, 1, 2, 2, 1, 2, 1, 1, 1, 2, 1, 2, 1]",1
744140,[1],1
870600,"[1, 2]",1
501120,"[1, 1, 1, 1, 1, 1, 1, 1, 1]",1
603269,[1],1
347455,"[1, 2]",1
486212,[1],1
395553,[1],1
296178,"[1, 1, 1, 1, 1, 1, 1, 1, 1, 2, 1, 2, 2, 1]",1
638021,"[1, 1, 1, 1, 1, 1, 1, 1, 1]",1
208968,"[1, 2, 1, 1, 1, 2, 1, 2, 2, 1, 1, 2]",1
469225,"[2, 1, 2, 1, 2, 1, 2, 1, 2, 1, 2, 1]",1
167866,"[2, 1, 2, 1, 1, 1, 1, 1, 1, 2, 3, 1, 2, 1, 1, 1, 2, 3, 1, 2, 1, 3, 1, 1, 2, 3, 1, 1, 1, 1, 1, 2, 1, 2, 1, 1, 1, 1, 1, 1, 1, 1, 1, 1, 1, 1, 2, 1, 1, 2, 3, 1, 1, 1, 1, 1, 1, 2, 1, 2, 1, 1, 2, 2, 1]",1
994830,[1],1
920030,"[2, 1]",1
440350,[1],1
1024555,"[1, 2]",1
116583,"[2, 1, 2, 1]",1
236763,"[1, 2, 1, 2, 1, 2, 1]",1
512019,"[2, 1, 1, 2, 1, 2, 1, 2, 1, 2, 1, 2, 3, 1, 1, 1, 2]",1
738438,"[1, 2]",1
259085,[1],1
455816,"[1, 1, 1, 1, 1, 1, 1, 1, 1, 1, 1, 1]",1
803586,[1],1
954979,"[2, 1, 1, 2]",1
747987,"[1, 2, 2, 1, 1, 2, 2, 1, 1, 2]",1
5775,"[2, 1]",1
501233,"[1, 1, 2]",1
31023,"[1, 2, 1, 1, 1, 1, 2, 1, 2, 1, 1, 2]",1
91642,"[1, 1, 1]",1
812107,"[1, 2, 1, 2, 2, 1]",1
588508,"[1, 1, 2, 1, 2, 1, 2]",1
788030,"[1, 2]",1
680569,"[2, 1, 1, 1, 1, 1, 1, 2, 1, 2, 1, 1]",1
730899,"[1, 1]",1
306773,"[1, 2]",1
599211,"[2, 1, 3, 1, 2, 2, 1, 2, 1, 3, 3, 1]",1
617809,[1],1
491858,"[1, 1, 1, 1, 1, 2, 1, 2, 1, 1, 2, 1, 1, 1, 2, 1]",1
419674,"[2, 1]",1
805514,"[1, 1, 1]",1
70310,"[1, 1, 1]",1
342714,"[1, 1, 1, 1]",1
429874,"[1, 2]",1
554047,"[1, 1, 1, 1, 1, 2, 1]",1
245343,"[1, 1, 1, 1, 1, 1, 1, 1, 1, 1]",1
718699,[1],1
944531,"[2, 1]",1
172673,[1],1
732557,"[2, 1]",1
826090,"[1, 1, 2, 1, 1]",1
573652,[1],1
161607,"[1, 2]",1
1022460,"[2, 1, 2, 1]",1
965375,[1],1
981676,"[1, 1, 1, 1, 1, 1, 1]",1
332022,"[1, 2]",1
192136,"[2, 1, 3, 1, 2, 1]",1
154214,"[1, 2]",1
70987,[1],1
184754,"[2, 1, 1, 2, 1, 2, 1, 1, 1, 1, 2, 1, 1]",1
386443,"[1, 1, 1, 1, 1, 2, 1]",1
14618,[1],1
754058,[1],1
449814,"[1, 1, 1, 1]",1
968241,"[2, 1, 1, 2]",1
585474,"[2, 1]",1
448843,[1],1
318314,"[2, 1]",1
354105,"[1, 1]",1
509657,"[1, 1, 1, 1, 1, 1, 1, 1, 1, 1]",1
90865,"[2, 1]",1
1009991,"[1, 2]",1
289650,[1],1
552721,"[1, 2]",1
108995,"[1, 2]",1
280715,"[1, 2, 1, 2, 1, 1, 1, 1]",1
290414,"[1, 1, 2, 1, 1, 2, 1, 1, 1, 1, 1, 1, 1, 1, 1, 2, 1, 2, 1, 1, 1, 1, 1, 1, 2, 1, 2, 1, 2, 1, 2, 1, 1]",1
425168,"[1, 2]",1
18173,"[1, 2, 1, 1]",1
374211,[1],1
749611,"[1, 2, 2, 1, 2, 1]",1
589442,[1],1
633063,"[1, 1, 1, 1, 1, 1, 1, 1, 1, 1, 1, 1, 1, 1, 1]",1
123506,"[2, 1, 1, 2]",1
19435,"[1, 2, 1]",1
942886,"[1, 2, 1, 1, 1, 2, 1, 1, 2, 1, 1, 2, 1, 1, 2, 1, 2, 1, 2, 1, 2, 1, 2, 1, 2, 1, 2, 1, 2, 1, 1, 1, 1, 1, 2, 1, 2, 1, 1, 1, 1, 2, 1, 1, 1]",1
364553,[1],1
263204,"[2, 1]",1
123912,"[1, 2]",1
170374,"[2, 1, 1, 1, 1, 1, 2, 2, 1, 1, 1, 1, 1, 2, 1, 2, 1]",1
622639,"[1, 1, 1, 1, 1, 2, 1, 2, 1, 1]",1
209302,"[1, 1, 1, 2, 1, 1, 2, 1, 2, 1, 2, 1, 2, 1, 2]",1
1016070,[1],1
752171,"[1, 1]",1
705456,"[1, 1, 2, 1]",1
1003237,"[2, 1, 2, 1]",1
565112,"[1, 2]",1
1000423,[1],1
600286,"[2, 1, 1, 2]",1
233480,"[2, 1]",1
642506,"[2, 1]",1
425867,"[1, 2]",1
60413,"[1, 2]",1
259732,"[1, 2, 1, 2, 1]",1
1018995,"[1, 2]",1
869273,"[1, 1, 2, 1]",1
601454,"[2, 1]",1
486662,"[1, 1, 1, 1, 1, 1, 1, 1, 1]",1
650236,"[1, 1, 1, 1, 1]",1
216586,"[2, 1]",1
71551,"[1, 2]",1
752605,"[1, 2]",1
1028370,"[1, 2]",1
91663,"[1, 2, 1, 1, 1, 1, 2, 2, 1]",1
651959,"[1, 1, 1, 1, 1, 1, 1]",1
780513,"[1, 1]",1
234536,[1],1
882002,[1],1
585485,"[2, 1]",1
187535,"[1, 1, 1, 1, 1, 1, 1, 2, 1, 2, 1, 1, 1, 2, 1, 2, 1, 1, 1, 2, 1, 1, 1, 2, 1, 1, 1, 1, 1, 2, 1, 1, 2, 1, 2, 1, 1, 1, 1, 2, 1, 2, 1, 1, 1, 1, 2, 1, 1, 1, 1, 1, 1, 1, 1, 1, 2, 1, 1, 1, 1, 1, 1, 2, 1, 1, 2, 1, 1, 2, 1, 1, 2, 1, 1, 1, 1, 1, 1, 2, 1, 1, 2, 1, 2, 1, 1, 1, 1, 1, 1, 1, 1, 2, 1, 1, 2, 1, 1, 2, 1, 1, 2, 1, 1, 1, 1, 1, 1, 1, 1, 1]",1
1012204,"[1, 1, 2, 1]",1
689397,"[2, 1]",1
414816,"[1, 2]",1
814919,"[2, 1, 1, 2]",1
214394,"[2, 1]",1
672450,"[1, 2, 1, 2, 2, 1]",1
144388,"[2, 1, 1, 2]",1
687115,"[1, 1, 1]",1
549050,"[2, 1, 1, 2, 2, 1, 1, 2, 2, 1]",1
124362,[1],1
110320,"[1, 1, 1, 1, 1, 1, 1, 1, 1, 1, 1, 1, 1]",1
580877,[1],1
857402,"[1, 1, 1]",1
537369,[1],1
515000,[1],1
443157,"[1, 1, 1, 1, 1, 1, 1, 1, 1, 1, 1, 1, 1, 1]",1
234473,"[1, 2]",1
123331,"[1, 1, 1, 1, 1, 2, 1, 1, 1, 1, 1, 1, 2, 1, 1, 1, 1, 1, 1, 2, 1, 2, 1, 1, 1, 1, 1, 1, 1, 1, 2, 1, 1, 2, 1, 1, 1, 2, 3]",1
912863,"[1, 1, 1, 1, 1, 1, 2, 1, 1, 1, 1, 2, 1, 1, 1, 1, 1, 1, 1, 2, 1, 1, 2, 1]",1
369470,"[1, 1, 1, 1, 1]",1
842715,[1],1
215938,"[1, 1, 1, 1]",1
497451,[1],1
127658,"[1, 1]",1
846345,[1],1
1026020,"[1, 1]",1
217773,"[1, 1, 1, 2, 1, 1, 1, 2, 3, 1, 1, 1, 2, 1, 1, 2, 3, 1, 1, 1]",1
90643,"[1, 1, 1]",1
146699,[1],1
1020974,"[1, 2, 1, 2, 1]",1
77628,"[1, 2, 1, 2, 1, 2]",1
966061,"[2, 1]",1
758718,"[2, 1, 1, 2, 1, 2, 1, 2, 1, 2, 1, 1, 2, 1, 2, 1, 2, 1, 2]",1
179205,"[1, 1]",1
586263,[1],1
111829,"[1, 2, 1, 1, 1, 1, 1, 1, 1, 2, 1, 2, 1]",1
97166,"[1, 1, 1]",1
922562,"[2, 1, 2, 1]",1
623101,[1],1
72532,[1],1
136951,"[1, 2, 2, 1, 2, 1, 2, 1, 2, 1, 2, 1]",1
892653,[1],1
650374,"[2, 1, 1, 2, 1]",1
870371,"[1, 2]",1
87144,"[1, 1, 2, 1]",1
289969,"[2, 1, 1, 2]",1
297837,"[1, 1]",1
780267,"[1, 1]",1
43019,"[1, 2]",1
395967,[1],1
460581,[1],1
852028,"[1, 1, 1]",1
325718,"[1, 2, 1, 1, 2]",1
898765,"[1, 1, 1]",1
645582,"[1, 2]",1
414864,"[1, 2]",1
339208,"[2, 1, 1]",1
1002643,"[2, 1]",1
918303,"[2, 1, 2, 1, 1, 2, 2, 1, 1, 2, 1, 2, 2, 1, 2, 1, 2, 1]",1
601907,[1],1
215672,"[1, 2, 1, 1]",1
376705,[1],1
377179,"[2, 1]",1
369177,"[1, 1, 1, 1, 1, 1, 1, 1, 1, 1, 1, 1, 1, 1, 2, 1, 2, 1, 1, 1, 1, 1, 1, 1, 1, 1, 1, 1, 1, 2, 1, 1, 1, 1, 2, 1]",1
428945,"[1, 2, 2, 1, 1]",1
379156,"[1, 1, 1, 1, 1, 1, 1, 2, 1, 2, 1, 2, 2, 1, 2, 1, 1, 2, 1, 2]",1
484307,"[1, 1, 1]",1
668495,"[2, 1, 1, 1, 1]",1
675285,[1],1
504197,"[2, 1]",1
521505,[1],1
59266,"[1, 2]",1
965357,[1],1
957266,[1],1
584746,"[2, 1]",1
566912,"[1, 1, 1, 2, 1, 1, 1, 2, 1, 1, 2, 1, 1, 2, 1, 2, 1, 1, 1, 2, 1, 1, 1, 2, 1, 1, 1]",1
541135,[1],1
1024359,"[2, 1, 1, 2, 2, 1, 2, 1, 1, 2]",1
645696,[1],1
435062,"[1, 2, 1, 2, 1, 1, 2, 1, 1, 2, 2, 1, 1, 2, 1]",1
484586,[1],1
777511,"[1, 1, 2, 1, 2, 1, 2]",1
436677,"[2, 1, 1, 2, 2, 1, 2, 1, 1, 2, 1, 2, 2, 1, 1, 2, 1, 2]",1
953916,[1],1
324297,[1],1
341592,"[1, 1, 1, 1, 2, 1, 1, 1, 1, 1, 1, 1, 1, 2, 1]",1
113166,"[1, 1, 1, 1, 1, 2, 1, 1, 2, 1, 2]",1
487394,[1],1
439102,"[1, 2, 1, 1]",1
758430,"[1, 1]",1
763663,"[1, 1, 1]",1
20370,"[1, 2]",1
197411,"[1, 2, 1, 2, 2, 1, 1, 2, 1, 2, 2, 1, 1, 2]",1
305579,"[2, 1]",1
914140,[1],1
306602,"[2, 1, 2, 1, 1, 2]",1
418635,"[1, 1, 1, 1, 1, 2, 1, 1, 2, 2, 1, 1, 2, 1, 2, 1, 2, 1, 2, 2, 1, 2, 1, 2, 1, 2, 1, 1, 2, 2, 1, 2, 1, 1, 2, 1, 2, 1, 2, 1, 2, 1, 2, 1, 2, 1, 2, 2, 1, 1, 2, 2, 1, 1, 1, 1, 1, 1, 1, 1, 1]",1
557453,[1],1
285097,"[2, 1, 1, 2, 1, 2, 1, 2, 1, 2, 2, 1]",1
71280,"[1, 2, 2, 1, 1, 2, 2, 1, 1, 2, 1, 2, 1, 2, 2, 1, 2, 1, 1, 2, 1, 2, 1, 2, 1, 2, 2, 1, 2, 1]",1
449451,"[1, 2]",1
364699,"[1, 2]",1
559567,[1],1
989497,"[1, 2, 1, 1, 2, 1, 1, 2]",1
456529,"[1, 1, 1]",1
349754,"[2, 1, 2, 1]",1
958895,"[1, 2, 1, 2]",1
945580,"[1, 2, 1, 1, 2, 1, 1, 2, 2, 1, 1]",1
251979,"[1, 1, 1, 1]",1
970867,"[1, 2]",1
872438,"[1, 2]",1
139600,"[1, 1, 1, 1, 1, 1]",1
1025804,"[1, 1]",1
1045947,"[1, 2, 1]",1
235405,"[1, 2]",1
403010,"[1, 2]",1
636196,"[1, 1, 1]",1
163844,"[2, 1]",1
919571,"[1, 1, 1]",1
505620,"[1, 1, 1, 1, 2, 1, 2, 1, 1]",1
942808,"[1, 1]",1
453698,"[2, 1]",1
583565,[1],1
348663,"[1, 2, 1, 1, 2]",1
33547,"[2, 1]",1
422260,"[1, 1, 1, 1, 1, 1, 1]",1
1009614,"[1, 2]",1
307771,[1],1
15534,"[1, 1, 1]",1
929726,"[2, 1]",1
586744,[1],1
80350,"[1, 2]",1
322778,"[1, 1]",1
259036,[1],1
257747,"[2, 1]",1
716249,[1],1
863027,"[2, 1, 2, 1, 1, 2, 1, 2, 2, 1]",1
110558,"[1, 1]",1
401249,[1],1
862347,"[1, 1, 1, 1, 1, 1, 1, 1, 1, 1, 1, 1, 1, 1, 1, 1, 1, 1, 1, 1, 1, 1, 1, 1, 1, 1, 1, 2, 1, 1, 1, 2, 1, 2, 1, 2, 1, 2, 2, 1, 2, 1, 2, 1, 1, 2, 1, 2, 2, 1, 2, 1, 1, 2, 1, 1, 2, 1, 1, 2, 1, 2, 2, 1, 1, 2, 1, 1, 2, 1, 1, 2, 1, 2, 1, 2, 1, 2]",1
376880,"[1, 1, 1, 1, 2, 1, 1, 2, 1, 1, 2, 1, 1, 2, 1, 1, 1, 2, 1, 2, 1, 1, 1, 2, 1, 1, 2, 1, 1, 1, 1, 1, 2, 1, 1, 1, 2]",1
62132,"[2, 1, 1, 2, 1, 2, 1, 2, 1, 1, 1, 2, 1, 1, 1, 1, 1, 1, 1]",1
761683,"[1, 1, 1, 1]",1
267834,"[1, 1, 1]",1
164022,"[1, 1, 1, 1, 1, 1, 1, 1, 1, 1, 2, 1, 3, 1, 1, 1, 1, 1, 1]",1
785534,"[2, 1, 1, 1, 2]",1
689377,"[1, 2, 1, 1, 1, 2, 1]",1
722145,"[1, 2]",1
977924,"[1, 1, 1, 1]",1
534963,"[2, 1]",1
502377,"[1, 1, 2, 1, 2]",1
47480,"[1, 2]",1
39974,"[2, 1]",1
580752,"[1, 2]",1
984917,"[1, 1, 1, 1, 2, 1, 2, 1, 1, 1, 1, 1, 1, 1, 1, 1, 1, 1, 1, 1]",1
777174,"[1, 1, 1, 1]",1
110663,"[2, 1]",1
120345,"[2, 1, 1, 1, 1, 1, 2, 1, 2, 1]",1
722066,"[1, 2]",1
540717,"[2, 1]",1
147345,"[1, 2, 2, 1, 1, 1, 1, 1, 1, 1, 1, 1, 1, 1, 2, 1, 1, 2, 1, 1, 2, 1, 1, 2, 1, 1, 2, 1, 1]",1
221335,"[1, 1, 1]",1
87176,"[1, 2, 1, 2, 2, 1, 1, 2, 1, 2]",1
280775,"[1, 1, 1, 1, 2]",1
238387,"[1, 2, 2, 1, 1, 1, 1, 1, 2]",1
205843,"[2, 1]",1
48137,"[1, 1, 1, 1, 1, 1, 2, 1, 1, 2, 1, 2, 1, 1, 1, 2, 1, 1, 2, 1, 1]",1
883410,"[1, 2, 1, 1, 2, 2, 1, 1, 2, 1, 1]",1
923361,"[1, 1, 1, 1, 1, 1, 1, 1, 1, 1]",1
320070,"[1, 1, 2, 2, 1, 1, 1, 1, 1, 1, 2, 1, 1, 2, 1, 2, 1, 1, 2, 1, 2, 1, 1, 2, 1, 1]",1
400272,"[2, 1, 3, 1, 2, 1]",1
646832,"[2, 1, 2, 1, 1]",1
396575,"[1, 2, 1, 1, 1, 1, 2, 1]",1
597043,"[1, 2, 2, 1, 1, 2, 2, 1]",1
263631,"[2, 1]",1
450431,"[2, 1, 2, 1, 1, 2, 1, 2, 1, 2, 1, 2, 1, 2, 1, 1]",1
60023,[1],1
966502,"[1, 1, 1]",1
922914,"[1, 2, 1, 2, 2, 1, 2, 1]",1
690062,[1],1
369361,"[1, 1, 1, 1, 2]",1
851225,"[1, 2]",1
536082,"[1, 1, 1, 2, 1]",1
995631,"[1, 2]",1
491435,"[1, 2]",1
709445,[1],1
1159,"[2, 1]",1
769925,"[1, 2]",1
668925,"[1, 1, 1, 1, 1]",1
509312,"[2, 1]",1
608324,[1],1
971357,"[1, 2, 2, 1]",1
314568,"[1, 1, 1, 2, 1, 1, 1, 1, 1, 1, 2, 1, 1, 1]",1
938306,"[1, 2]",1
506347,"[1, 1, 1, 1, 1, 1, 1, 1, 1, 1, 2, 1, 1, 1, 2, 1]",1
895894,"[1, 1, 1, 1, 1, 2, 1, 1, 1, 2, 1, 2, 1, 2, 1, 2, 1]",1
119697,"[1, 2]",1
703833,"[1, 2]",1
278040,"[2, 1, 2, 1, 2, 1, 2, 1]",1
509857,"[1, 2, 1, 2]",1
647780,"[1, 2]",1
828286,"[2, 1, 1, 2, 1, 2, 1, 2]",1
689479,"[1, 2]",1
95491,"[1, 2]",1
946824,"[1, 2, 1, 1, 2, 1, 2, 1, 1]",1
500778,[1],1
813393,"[1, 1, 1, 1, 1, 1, 1, 1, 1, 1, 2, 1, 1, 2, 1, 2, 1, 2, 1, 2, 1, 1, 1, 1]",1
171730,"[1, 2]",1
681507,"[2, 1]",1
870629,"[1, 2]",1
208097,"[1, 2]",1
140630,"[1, 1]",1
805849,"[1, 1, 1, 1, 1, 2, 1, 1, 2, 1, 2, 1, 1, 1, 2, 1, 1]",1
327287,[1],1
165870,[1],1
440143,"[2, 1, 2, 1]",1
1918,"[1, 2, 1]",1
888644,"[2, 1, 1, 2]",1
598772,"[1, 2, 1, 2, 1, 1, 2, 1, 1, 2, 2, 1, 1, 2, 1, 2, 1, 2, 2, 1, 1, 2, 1, 2, 2, 1, 2, 1, 2, 1, 2, 1, 1, 2, 1, 2]",1
724187,"[1, 1, 2, 1, 1]",1
168658,[1],1
565195,"[1, 1, 1]",1
250517,"[1, 2, 1, 1, 2, 3, 1, 1, 2, 1, 1, 2, 1, 1, 1, 1, 1, 1, 1, 1, 1, 1, 1, 1, 1, 1, 1, 1, 1, 1, 1, 1, 2, 1, 1, 1, 1, 2]",1
460794,"[1, 2, 1, 2, 2, 1]",1
543557,[1],1
143247,"[1, 2]",1
90617,"[2, 1]",1
868326,"[1, 1, 1]",1
470893,"[1, 2, 1, 2]",1
660770,"[1, 1, 2, 1, 1]",1
973674,"[1, 1, 1]",1
10688,"[1, 1, 2, 1, 2]",1
875379,"[2, 1, 2, 1, 1, 2, 1, 2, 2, 1, 2, 1, 2, 1, 1, 2]",1
915952,"[1, 1, 1, 2, 1, 1]",1
424729,"[2, 1, 1, 2, 2, 1, 2, 1, 2, 1, 1, 1, 2, 1, 1, 2, 2, 1, 2, 1, 1, 2, 1, 1, 2, 2, 1]",1
140038,"[1, 1, 1, 1, 1, 1, 1, 1, 1, 1, 1, 1]",1
482294,"[1, 1, 1, 1, 2, 1, 1, 1, 2, 1, 1, 2, 1]",1
1008820,[1],1
739544,"[1, 1, 2, 1, 1, 2, 1, 1, 1, 2, 1, 1, 2, 1, 1, 1, 1, 1, 1, 1, 1, 1, 2, 1, 2, 2, 1, 1, 1, 1, 1]",1
604221,[1],1
339431,"[2, 1, 2, 1, 2, 1, 1, 2]",1
750228,"[2, 1, 1, 2, 1, 2, 2, 1, 2, 1, 2, 1]",1
17296,"[2, 1, 1, 2, 1]",1
145670,"[2, 1]",1
899004,"[1, 2]",1
1012346,"[2, 1]",1
935171,"[2, 1]",1
846565,"[1, 2, 1, 1, 2]",1
143666,"[1, 1, 1, 2]",1
306897,[1],1
89522,[1],1
174576,"[2, 1, 2, 1]",1
476834,"[1, 2, 1, 2]",1
707602,[1],1
343448,"[1, 1, 1, 1, 1, 1, 1, 1, 1, 1, 1]",1
63603,"[1, 2, 1, 2, 1, 2, 1, 1, 2, 1, 2, 2, 1]",1
16828,[1],1
61435,[1],1
341212,"[1, 1, 1, 1, 1, 1, 2, 1, 2, 1, 2, 1, 2, 1, 2, 1, 1, 2]",1
760615,"[2, 1, 3, 2, 1, 2, 1, 1, 1, 2, 2, 1, 1, 1, 1]",0
693422,"[2, 1]",1
85846,"[1, 2]",1
49392,"[1, 1, 1, 1]",1
258357,"[2, 1]",1
229008,"[1, 1, 1, 1, 1]",1
824043,"[1, 2]",1
620150,"[1, 1, 1, 3, 4, 1, 4, 4, 4, 1, 4, 4, 4, 4, 4, 1, 4, 4, 4, 4, 4, 4, 1, 4, 1, 4, 4, 4, 4]",0
226394,"[1, 2, 1, 1]",1
465749,[1],1
412427,"[2, 1]",1
532483,"[2, 1]",1
1029035,"[1, 1, 1, 2, 1]",1
939637,"[1, 2, 2, 1]",1
954621,"[1, 1, 1, 1, 1, 1, 1]",1
685764,"[2, 1]",1
732759,[1],1
1026121,"[2, 1, 2, 1, 2, 1, 1, 2, 1, 2, 1, 2]",1
412114,"[1, 2, 1, 1, 1, 2, 1, 1]",1
477144,[1],1
88766,"[2, 1]",1
790176,"[1, 2, 3]",1
544127,"[2, 1, 1, 1, 2, 1, 2, 2, 1, 1, 2, 1, 2, 1, 2, 1, 1, 2, 2, 1, 1, 2, 1, 2, 1, 2, 1, 2]",1
488834,[1],1
723397,"[1, 2, 1, 1, 1]",1
265330,"[2, 1, 1, 2]",1
725648,"[1, 1, 2, 1, 1, 2]",1
357175,[1],1
581541,"[1, 1, 1]",1
583485,"[2, 1, 1, 1, 1, 2, 1, 2, 1, 1, 2, 1]",1
802612,"[1, 2]",1
403713,"[1, 1, 1, 1, 1]",1
365386,"[1, 2]",1
285188,"[1, 2]",1
599050,[1],1
400344,"[2, 1, 3, 3, 1, 2, 1]",1
166001,"[1, 1, 1, 1, 1, 1, 2, 1, 1, 1, 1, 2]",1
123524,"[1, 2]",1
81236,"[1, 2, 1, 1, 1, 1, 1, 1, 2, 1, 1, 1]",1
96215,"[2, 1, 2, 1, 2, 1, 1, 2, 2, 1, 1, 2, 1, 1, 2, 1, 1, 2, 1, 2, 1, 2, 2, 1, 1, 2]",1
981736,[1],1
1026366,[1],1
790810,"[1, 2, 1, 2, 1, 2, 2, 1, 1, 2, 1, 1, 2, 2, 1, 2, 1, 1, 2, 1, 2]",1
762302,"[1, 1, 1]",1
939480,"[1, 1]",1
454322,"[1, 1, 1]",1
170319,"[2, 1, 1, 2, 1, 2]",1
207397,"[1, 1, 1]",1
337202,"[1, 2]",1
865731,"[1, 2]",1
573714,"[1, 2]",1
905689,"[1, 1, 1, 2, 1, 2, 1, 1, 1, 1, 1, 2, 1, 1, 2, 2, 1, 1, 2, 1, 2, 2, 1, 1, 1, 1, 1, 1, 2]",1
120566,"[1, 1]",1
849628,"[1, 1]",1
774375,"[2, 1, 2, 1, 1, 2, 1, 2, 1, 1, 2]",1
1005396,"[1, 2]",1
86451,"[2, 1]",1
192805,[1],1
346181,"[1, 2]",1
69415,"[1, 2, 1, 1, 2]",1
82767,"[1, 1, 1, 1, 1, 2, 1, 2]",1
382609,[1],1
83791,"[1, 1, 1, 1, 1, 1, 1, 1]",1
243628,[1],1
407571,"[1, 1, 1, 1, 1, 1, 1, 1, 2, 1, 2, 1, 1, 1, 1]",1
1029815,"[1, 1, 1, 1, 2, 1, 1]",1
901950,"[1, 2, 1, 1, 1, 2, 1, 2, 1, 1, 1, 1, 2, 1, 1, 2, 1, 1, 2, 1, 1, 1]",1
794769,"[2, 1]",1
222991,"[1, 1, 2, 1, 2, 2, 1, 1, 1, 2, 2, 1, 1, 2, 1]",1
697442,"[1, 1, 1, 1, 1, 1]",1
122305,"[1, 1]",1
1037796,"[1, 1, 1, 2, 1, 1, 1, 1, 1, 1, 1]",1
127558,"[1, 1, 1, 1, 1, 2, 2, 1]",1
796259,"[1, 1, 1, 1, 1, 2, 2, 1, 1, 2, 1, 2]",1
810834,"[2, 1]",1
685921,"[2, 1, 2, 1, 1, 2]",1
298317,"[1, 2]",1
184512,[1],1
529597,"[1, 1]",1
341950,"[1, 1, 1, 1, 1]",1
74567,"[1, 1, 1, 1, 1, 1, 1, 1, 1, 1, 1, 1, 1, 1, 1, 1, 1, 1]",1
1044368,"[2, 1]",1
288948,[1],1
947457,[1],1
706388,"[1, 1, 1, 1, 1, 1, 1, 1, 1, 1, 1, 1, 1, 1, 1, 1]",1
520164,"[1, 1, 1, 1, 1, 1, 1, 1, 1, 1, 1, 1, 1, 1, 1, 2, 1, 2, 1, 2, 1, 2, 2, 1, 1, 1, 1, 1, 1]",1
805990,"[1, 1, 1, 1, 2, 1, 1, 2, 1, 1, 2, 1, 1, 1, 2, 1, 1, 1, 1, 1, 2, 1, 1, 2, 1, 1, 1, 2, 1]",1
604838,[1],1
590526,"[2, 1, 2, 1, 1, 2, 1, 2, 2, 1]",1
977461,"[1, 1, 1]",1
628280,"[1, 1, 1, 1, 1]",1
342135,"[1, 1, 1, 1, 1, 1, 1]",1
831982,[1],1
974689,"[2, 1]",1
1018398,"[1, 1, 1, 1, 1, 2, 1]",1
87647,"[1, 2]",1
282746,"[1, 1, 1, 1, 2, 1]",1
711483,"[1, 1]",1
586755,"[1, 2, 1, 2]",1
444052,"[1, 2, 2, 1]",1
367367,"[1, 2, 2, 1, 3, 2, 1, 3, 1, 1, 1, 1, 1, 1, 1, 1, 2, 3, 1]",1
802937,"[1, 2, 1, 1, 1, 1, 1, 1]",1
698742,"[2, 1]",1
718142,"[1, 1, 1, 1, 1, 2, 1, 2, 2, 1, 1, 1, 1, 2]",1
188540,"[1, 1, 1, 1, 1, 2, 2, 1, 1, 1, 1]",1
892780,"[2, 1, 1, 2, 2, 1, 1, 2, 2, 1]",1
1027743,"[2, 1]",1
612317,"[2, 1]",1
691370,"[1, 2, 2, 1, 2, 1, 1, 2]",1
270067,"[2, 1]",1
367140,"[2, 1]",1
343720,"[1, 2, 1, 2]",1
60433,"[1, 2, 1]",1
586447,[1],1
230678,"[2, 1, 2, 1, 1, 2, 1, 2, 2, 1, 1, 2, 1, 2, 2, 1, 2, 1]",1
205881,"[1, 1, 2, 1, 1, 1, 2, 1]",1
716026,"[2, 1]",1
468243,"[2, 1]",1
725314,"[2, 1]",1
858065,"[1, 2, 2, 1, 2, 1]",1
1007711,"[2, 1]",1
894482,"[2, 1]",1
848188,"[1, 2, 2, 1, 2, 1]",1
193064,"[1, 1, 2, 3, 1]",1
131954,"[1, 2, 3]",1
1021467,"[1, 1, 1, 1, 1, 2, 1, 1, 2, 1, 2, 1, 1, 1, 2, 2, 1, 1, 2, 1, 1, 1, 1, 1, 2, 1, 1, 1, 1, 2, 1, 1, 2, 1, 1, 2, 1, 1, 1, 2, 1]",1
697762,"[2, 1, 1]",1
746641,"[1, 1, 2, 1, 1, 2, 1, 2, 1, 2, 1, 2, 2, 1, 2, 1, 1, 2, 2, 1]",1
481398,"[1, 1, 1, 1, 1]",1
517474,"[1, 1, 1, 2, 1, 2, 1, 1, 2, 1, 1, 1]",1
353811,"[1, 2, 1, 2, 1, 2, 1, 1, 1, 2, 1, 1, 2, 2, 1, 1, 2, 1, 2, 2, 1, 2, 1, 1, 2, 2, 1, 1, 2, 2, 1, 1, 2, 2, 1, 1, 2, 2, 1, 1, 2, 1, 1, 1]",1
144033,[1],1
848812,"[1, 1, 1, 1, 1, 1]",1
105576,"[2, 1]",1
913864,[1],1
686342,"[1, 1, 1, 1, 1, 1, 1]",1
1010125,"[1, 1, 1, 1, 1, 2, 1, 1, 1, 2, 1, 1, 2, 1]",1
45465,"[2, 1]",1
428814,"[2, 1]",1
500755,"[1, 2, 1, 2, 2, 1, 1, 2, 1, 1, 1, 2, 1, 1, 1, 1, 1, 1, 1, 1, 1, 1, 1, 1, 1, 1, 1, 1, 1, 2, 1, 1, 1, 1, 1, 1, 2, 1, 1, 1, 1, 1, 1]",1
724399,"[2, 1, 1, 2]",1
180586,"[1, 1, 1, 1, 1, 2, 1, 1, 1, 1, 1, 1, 1, 1, 1, 1]",1
971580,"[2, 1]",1
216785,"[1, 2]",1
218659,[1],1
523149,[1],1
167787,"[2, 1, 1, 1, 1, 2, 1, 2]",1
252776,"[1, 1, 1, 1, 1, 1]",1
47011,[1],1
960123,"[1, 2, 2, 1, 1, 2]",1
366669,"[2, 1, 1, 2, 1, 2, 1, 2]",1
777458,"[1, 2]",1
784175,"[1, 2]",1
209926,"[1, 2]",1
9094,"[1, 2]",1
417084,"[1, 1, 1, 1, 1, 1, 1, 1]",1
1039791,[1],1
55463,"[1, 1, 1, 1, 1, 1, 1, 1, 1, 1, 1, 1, 1, 2]",1
775202,"[2, 1]",1
130727,"[1, 2]",1
291631,"[1, 2, 1, 2]",1
974046,"[1, 1, 2, 1, 1, 2, 1, 1, 1, 1, 1, 2]",1
848702,"[2, 1, 2, 1, 2, 1]",1
628577,"[2, 1]",1
463553,"[2, 1]",1
78233,[1],1
135601,"[2, 1, 2, 1]",1
658455,"[1, 2]",1
546745,"[1, 1, 2, 1, 2, 1, 2, 1, 1, 2, 1, 1, 2, 1, 1, 1, 2, 1]",1
732463,"[1, 1, 1, 1, 1, 2, 1, 2, 2, 1, 2, 1, 2, 1, 1, 2, 1, 1]",1
214788,"[1, 1, 1, 1, 1, 1, 1, 1, 2, 1, 2, 1, 2, 1, 1, 2, 1, 2, 1, 2]",1
265719,"[2, 1]",1
464283,[1],1
796282,[1],1
1039589,[1],1
778268,[1],1
600675,"[1, 1, 1, 1, 1]",1
541859,"[1, 1, 2]",1
147898,"[1, 2]",1
335242,"[1, 2, 1]",1
575635,"[2, 1]",1
613755,[1],1
858688,"[1, 1, 1, 2, 1, 2, 2, 1]",1
492724,"[1, 2, 1, 3, 1, 2, 1]",1
544852,[1],1
342402,[1],1
47439,[1],1
685673,[1],1
789329,"[1, 1, 1, 1, 1, 1, 1, 1, 1, 1, 2, 1, 2, 1, 1, 2, 1, 1, 2, 1, 1]",1
227297,"[1, 2, 2, 1, 2, 1]",1
439312,"[2, 1, 1, 1, 1, 1, 2, 1, 1]",1
764539,"[1, 1, 2, 1, 1, 1, 2, 2, 1, 1, 2, 2, 1, 1, 2, 1, 1, 2, 2, 1, 1, 1, 1, 1, 1, 1, 2, 1, 1, 2, 1, 1, 1, 1, 1, 1, 1, 1, 1, 1, 2, 1, 1, 2, 1]",1
123309,"[1, 1, 1, 1, 1, 1, 1, 1, 1, 1, 2, 1, 2, 1, 2, 1, 1, 2, 1, 1, 1, 1, 2, 1, 1, 1, 1, 2]",1
838029,"[1, 1, 1, 1, 1, 2, 1, 1, 1, 1, 2, 1, 2, 1, 1, 1, 2, 2, 1, 1, 1, 2, 1, 1, 1, 2, 1, 1, 2, 2, 1, 1, 2, 1, 2, 1, 2, 1, 1, 2, 1, 2, 1, 2, 1, 1, 1, 2, 1, 2, 1, 1, 2, 1, 2, 1, 1, 1, 2, 1, 2, 1, 2, 2, 1, 2, 1, 2, 1, 1, 1, 1, 1, 1, 1]",1
916657,"[2, 1, 1, 2, 2, 1, 2, 1, 1, 2, 2, 1, 2, 1, 1, 2, 1, 2]",1
820642,"[1, 1, 2, 1, 2, 1, 2, 1, 2, 1, 1, 2]",1
515449,"[2, 1]",1
442387,"[2, 1, 1, 2, 1, 2, 1, 2, 1, 2, 2, 1, 2, 1, 2, 1, 2, 1, 2, 1]",1
514954,"[1, 2]",1
98178,"[1, 1, 1, 1, 1]",1
566459,"[1, 2, 1, 2, 1, 2, 1, 2]",1
311135,[1],1
833631,"[2, 1]",1
555873,"[1, 1, 1, 1, 1]",1
99234,"[2, 1]",1
193099,"[1, 2, 2, 1, 2, 1, 2, 1, 2, 1, 2, 1, 2, 1, 2, 1]",1
705050,"[1, 2]",1
840,[1],1
311612,"[2, 1, 1, 2, 1, 1, 1]",1
1026879,"[2, 1, 2, 1, 2, 1, 1, 2]",1
221473,"[1, 1, 1, 2, 2, 1, 1, 2]",1
394858,"[1, 1, 1, 1, 1, 1, 1, 1, 1, 1, 1, 1, 2, 1, 2, 1, 1, 1, 2, 1, 1, 2, 2, 1, 2, 1, 2, 1, 2, 1, 1, 2, 1, 2, 1, 1, 1, 2, 2, 1, 2, 1, 1, 2, 2, 1, 1, 2, 1, 2]",1
380571,"[1, 1, 1, 1, 2, 1, 1, 2, 1]",1
730876,"[1, 2, 1, 2, 2, 1]",1
1034066,[1],1
404590,"[2, 1]",1
63829,"[1, 2]",1
825505,"[1, 1, 1, 1]",1
672821,"[1, 1, 2, 1, 1, 2, 1, 2, 1, 2, 1, 1, 2, 1, 2, 1, 1, 2, 1, 1]",1
1000122,[1],1
104664,"[1, 2, 1, 2, 2, 1]",1
112482,"[1, 1, 2, 1, 1, 1, 1, 2, 2, 1, 1, 2, 1, 2, 1, 1, 2, 2, 1, 1, 2, 1, 1, 1, 1, 1, 1, 1, 1, 1, 1, 1, 1, 1, 1, 1, 1, 1, 1, 1, 2, 2, 1, 1, 2, 2, 1, 1, 2, 2, 1, 1, 2, 1, 1, 1, 1, 1, 1, 1, 2, 1, 1, 1, 2, 1, 1, 1, 2, 1, 2, 1, 1, 2, 1, 2, 1, 1, 2, 1, 2, 1, 1, 2, 1, 1, 2, 1, 1, 1, 1, 2]",1
692781,"[2, 1, 1, 2, 2, 1, 2, 1, 2, 1, 2, 1, 1, 2, 1, 2, 2, 1, 1, 2, 1, 2, 2, 1]",1
776935,"[1, 2, 2, 1]",1
189622,"[1, 1, 1, 2]",1
934964,"[2, 1, 1, 2, 1, 2, 2, 1, 2, 1]",1
636865,"[1, 1, 1, 1, 1]",1
1026753,"[2, 1]",1
521516,"[2, 1]",1
51160,"[1, 1, 1, 1, 1, 1, 2, 1, 3, 3, 1, 1, 2, 1, 1, 1, 1, 1, 1, 1, 1, 1, 1, 1, 1, 1, 1, 1, 1, 1]",0
723034,"[1, 1, 1, 2, 1, 2, 1]",1
109239,"[1, 1, 2, 2, 1, 2, 1]",1
355008,"[1, 1, 1, 1, 1, 2]",1
961270,"[1, 2]",1
888932,"[1, 1]",1
365398,"[1, 1, 1, 1, 1, 1]",1
834990,"[1, 1, 1]",1
890918,"[1, 2]",1
588244,"[1, 2, 1, 1, 2, 1, 1, 1, 2]",1
1022231,"[2, 1]",1
371376,"[1, 1, 1, 2, 1, 1, 1, 1, 1, 1, 1]",1
1029749,"[2, 1]",1
159329,"[1, 1, 1, 1, 1, 1]",1
663761,"[2, 1, 1, 2, 2, 1, 2, 1]",1
1027187,"[1, 2]",1
900272,[1],1
223848,"[1, 1, 1, 1, 1, 1]",1
779505,"[1, 1, 1, 1, 2, 1, 1, 1]",1
182461,"[2, 1]",1
817551,"[1, 1]",1
373751,"[1, 1, 1, 1, 1, 1]",1
647706,"[1, 2]",1
885715,"[1, 1]",1
366711,"[2, 1]",1
730943,"[1, 1]",1
113114,"[1, 1]",1
151417,"[1, 1, 1, 1]",1
989710,"[2, 1, 2, 1, 2, 1, 1, 2]",1
1027029,"[1, 1, 1]",1
981523,"[1, 2]",1
972484,"[2, 1]",1
325286,"[1, 1, 2]",1
858595,"[1, 2, 1, 2]",1
553015,[1],1
988373,"[1, 2]",1
135487,"[1, 2]",1
993133,[1],1
755528,[1],1
450148,"[1, 1, 1, 1, 1, 1, 1, 1, 1, 2, 1, 1, 1, 1, 1, 1, 1]",1
774857,"[1, 1, 1, 1, 1, 1, 2, 1, 2, 1, 2, 1, 1, 2, 1, 2, 1, 2, 2, 1, 1, 2, 1, 2, 1, 2, 1, 1, 1, 1, 2, 1, 1, 2, 1, 2, 3, 1, 1]",1
675830,"[1, 1, 1, 1, 1, 2]",1
629056,[1],1
186680,"[2, 1, 2, 1]",1
745442,"[1, 2]",1
782895,"[2, 1, 1, 2, 2, 1]",1
972072,"[1, 2]",1
46089,"[1, 2]",1
468738,[1],1
612183,[1],1
692237,[1],1
141237,"[1, 1, 1, 1]",1
204151,"[1, 1, 1, 2, 1, 2, 1, 1, 2, 1, 2, 1, 1]",1
192427,"[1, 1, 1, 1, 1, 1, 1, 1, 1, 1, 1, 1, 2, 1, 2, 1, 1]",1
175449,"[1, 1, 1, 1, 1, 1, 2, 1, 2, 2, 1, 2, 1]",1
333216,"[1, 1, 1, 1, 1, 1, 1, 1, 1, 1, 1, 1, 2, 1, 1, 1, 1, 2, 1, 1, 2, 1, 1, 1, 1, 1, 1, 1, 1, 1, 1, 2, 1, 1, 1, 1, 1, 1, 2, 1, 1, 1, 1, 2, 1, 1, 1, 1, 1, 1, 1, 2, 1]",1
60627,"[1, 1, 2, 1, 2, 2, 1]",1
395424,[1],1
981824,"[1, 1]",1
898440,"[1, 2, 2, 1, 1, 2]",1
68076,"[1, 1, 2, 1]",1
489645,"[1, 2, 2, 1, 1]",1
698482,"[2, 1, 1, 2]",1
918473,"[1, 1, 1, 1, 1, 1, 1, 1, 1]",1
776997,"[2, 1, 1]",1
644776,"[1, 2]",1
51569,"[1, 1, 1, 1, 1, 1, 1, 1]",1
766090,"[1, 2, 2, 1, 2, 1, 2, 1]",1
575414,"[2, 1]",1
66572,"[1, 1, 1, 1]",1
553104,"[1, 1, 2, 2, 1, 3, 1, 1, 1, 2, 1, 1, 2, 1, 1, 1, 1, 1, 2, 1, 1, 2, 1, 2, 1, 2, 1, 2]",1
6092,[1],1
18409,[1],1
354892,"[1, 1, 2]",1
455341,"[2, 1]",1
306374,"[1, 1, 2, 1, 2, 1, 2, 2, 1, 2, 1, 2, 1, 1, 2, 2, 1, 1, 2]",1
1037150,"[1, 1, 1, 1, 1, 1, 2, 1, 1, 1, 1, 1, 1, 1, 1, 1, 1, 1, 1, 1, 1, 1, 1, 1, 1, 1]",1
463530,"[2, 1, 1, 2, 2, 1, 2, 1, 1, 2, 1, 2, 2, 1, 1, 2]",1
242248,"[1, 1, 2, 1, 1, 1, 1, 2, 1, 1, 2, 1, 1, 2, 1, 1, 2, 1, 1, 2, 1, 1, 2]",1
612298,"[1, 2]",1
466943,[1],1
258692,[1],1
417703,[1],1
1019509,"[2, 1, 1, 2, 2, 1]",1
835083,"[1, 2, 2, 1, 2, 1]",1
323444,"[1, 1, 1, 2, 1, 2, 1, 1, 1, 2, 1, 1, 2, 1, 1, 1, 1, 1, 1, 1, 2, 1, 1, 2, 1, 1, 1, 2, 1, 2, 1, 1, 2, 1, 1, 2, 1, 2, 1, 2, 1, 2, 1, 1, 1, 1, 1, 1, 2, 1, 1, 1, 2, 1, 1, 1, 1, 2, 1]",1
475831,[1],1
663783,"[1, 1, 1, 1]",1
934944,"[2, 1]",1
159333,"[2, 1, 1, 2, 1, 1, 1, 1, 1, 1]",1
917370,"[1, 1, 1, 1, 1]",1
287527,"[1, 1, 1, 1]",1
341876,"[1, 1, 1, 1, 2, 1, 1, 1, 1]",1
252755,[1],1
785388,"[1, 2, 1]",1
687132,"[1, 2, 2, 1]",1
341840,[1],1
834750,"[1, 1, 1, 1, 1]",1
291429,"[1, 1, 1, 1, 1]",1
947120,"[1, 1, 1, 1]",1
659151,[1],1
988798,"[1, 1, 1]",1
871821,"[2, 1]",1
423125,"[1, 1, 1, 1, 1, 2, 1, 1, 2, 1, 2, 1, 1, 1]",1
544261,[1],1
592807,"[1, 2, 2, 1, 1, 2, 1, 2, 2, 1, 2, 1, 2, 1, 2, 1]",1
258052,"[2, 1, 1, 2, 2, 1, 2, 1, 2, 1]",1
975895,"[2, 1, 3, 2, 1]",1
697464,"[2, 1, 1, 2, 1, 2, 1, 2]",1
303630,"[1, 1, 1, 2]",1
609453,"[2, 1]",1
551960,"[1, 1]",1
191252,"[1, 1, 1]",1
347244,"[2, 1, 2, 1]",1
447649,"[2, 1, 1, 1, 1, 1, 2, 1]",1
348284,"[1, 1, 1, 1, 1, 1, 1, 1]",0
337813,"[1, 1, 1, 2, 1, 2, 1, 1, 2, 1, 1, 1, 1, 2, 1, 1]",1
503465,"[1, 2]",1
260450,"[2, 1, 1, 2]",1
846826,"[2, 1, 2, 1, 2, 1, 2, 1, 1, 2, 1, 2]",1
53817,"[1, 1, 1, 1, 2, 2, 1]",1
647094,"[1, 1]",1
659319,[1],1
906412,"[1, 1, 1, 2, 1, 1, 1, 2, 1, 2, 1]",1
820852,"[1, 1, 1, 1, 1, 1, 1, 1, 1, 1, 1, 1, 1, 1, 1]",1
530875,"[1, 1, 1, 1, 1, 2, 1, 2, 1, 1, 1, 1, 1]",1
355182,"[1, 2]",1
593140,"[2, 1]",1
446479,"[1, 1, 1, 1, 2, 1, 1, 2, 1, 1, 1, 1, 1, 2, 1, 1, 1]",1
141365,"[1, 2, 1, 2, 1, 1, 2, 1, 2, 1, 1, 2, 1, 2, 1, 1, 2, 1, 1, 1, 1, 1, 1, 1, 1, 1, 1, 1, 1, 1, 1, 4, 1, 1, 1, 1, 1, 1, 1, 1, 1, 1, 1, 1, 1, 1]",1
335601,"[1, 1]",1
424298,"[2, 1]",1
102469,[1],1
83732,"[1, 1, 2, 1, 1, 2, 1]",1
289712,[1],1
468686,"[1, 1, 1, 1, 1, 2]",1
651270,"[1, 1, 1, 1, 1, 3, 1, 1, 1, 1, 1, 1, 1, 1, 1, 1, 1, 1, 1, 1, 1]",1
587483,"[1, 1, 1, 1, 2, 1, 1, 2, 1, 1, 1, 2]",1
571203,"[2, 1]",1
927575,"[1, 1, 1, 1, 2, 1, 1, 2, 1, 1, 1, 1, 1, 1]",1
413902,"[1, 2]",1
898705,"[1, 1]",1
909668,"[1, 1, 1, 1, 1, 1, 2, 2, 1, 2, 1, 2, 1, 1, 2, 1, 2]",1
699070,"[1, 2, 2, 1]",1
713071,"[2, 1, 2, 1, 2, 1, 1, 2]",1
78111,"[1, 1, 1]",1
310132,[1],1
140803,"[1, 1, 2, 1, 1, 1, 2, 1, 1]",1
781959,"[1, 1, 1, 2, 1, 2, 2, 1, 2, 1]",1
306795,"[1, 1, 1, 1, 1, 1, 2, 1, 2, 2, 1, 1, 2, 1, 1, 1, 1, 1, 1, 2, 1, 2, 1, 1, 1, 1, 1, 1, 1, 1, 1, 1, 1, 1, 2, 1, 2]",1
972818,"[1, 1, 2, 1]",1
359635,"[1, 2]",1
942238,[1],1
928879,"[1, 2, 2, 1, 1, 2, 2, 1]",1
265140,[1],1
985014,"[1, 1, 1, 1, 1, 1, 1, 1, 2, 1, 2, 2, 1, 1, 2, 1, 2, 1, 2, 1, 2, 1, 2, 1, 2, 1, 2, 1, 1, 2, 2, 1, 1, 2, 1, 1, 1, 1, 1, 1, 1, 1, 2, 1, 1, 2, 1, 1, 1, 1, 1, 1, 1, 1, 1, 1, 1, 1, 1, 1, 2, 1, 1, 1, 2, 2, 1, 1, 2, 2, 1, 1]",1
927602,"[2, 1]",1
424441,[1],1
527979,"[1, 1, 1, 1, 1, 1, 2, 1, 2, 1, 1, 1, 2, 1, 1, 1, 1, 1, 1, 1]",1
478810,[1],1
901218,"[1, 1, 1, 1, 1, 2]",1
84914,"[1, 1]",1
715709,"[1, 1, 1, 1, 2, 1, 1, 1, 1, 1, 2, 1]",1
707375,"[1, 1, 1, 2, 1, 2, 1, 2, 1, 1, 1, 1, 1, 1]",1
482142,[1],1
320437,"[1, 2]",1
450989,"[1, 2, 1, 2, 1, 2]",1
221765,"[1, 2, 1, 2, 1, 1]",1
837152,"[1, 1, 2, 1, 2, 1, 1]",1
981987,"[1, 1, 1, 2, 1, 1, 2, 1, 1, 1, 1, 2, 1, 1, 1, 1, 2, 1, 1, 1, 2, 1, 1]",1
222081,"[1, 1, 1, 1, 1]",1
785570,"[2, 1, 2, 1, 1, 1, 1, 1, 1, 1, 1, 1, 1, 1, 2, 1, 2, 1, 2]",1
329414,"[1, 1, 2, 1, 2, 1, 2, 1, 2, 1, 2, 1, 2, 1, 1, 2]",1
759170,"[1, 1]",1
986869,[1],1
240855,"[1, 1, 2, 1, 2, 1, 2, 2, 1, 1, 1]",1
560137,"[2, 1, 1, 2, 1, 2, 1, 2]",1
960511,[1],1
197805,"[1, 2, 2, 1, 2, 1]",1
186368,"[1, 1, 1, 2, 1, 1, 2]",1
236457,"[1, 1]",1
287267,[1],1
755830,"[1, 1, 2, 2, 1, 2, 1, 2, 1, 1, 2, 2, 1, 1, 2, 1, 2, 1, 2, 2, 1, 1, 1, 2]",1
804538,[1],1
924820,"[1, 1, 1, 1, 1, 1, 1, 1, 2, 2, 1, 2, 1, 1]",1
922554,"[1, 1, 1]",1
116936,[1],1
1044561,[1],1
338450,"[2, 1]",1
997034,[1],1
916615,"[2, 1]",1
405608,"[1, 1, 1, 1, 1]",1
173579,"[2, 1, 1]",1
278139,"[1, 1, 1, 1, 1, 2, 2, 1, 1, 2, 1, 2, 1, 2, 2, 1, 1, 2]",1
493095,"[1, 2]",1
53784,"[1, 2]",1
988794,"[1, 1, 1, 1, 1, 2, 2, 1, 1]",1
152147,"[1, 2, 1, 2]",1
755393,"[1, 1, 1, 1, 2, 1]",1
35952,"[1, 2, 1, 2]",1
18750,"[1, 1]",1
484993,"[2, 1]",1
294491,"[1, 2, 1]",1
182308,"[1, 1, 1, 2]",1
128700,"[2, 1]",1
705457,"[1, 1, 2, 1]",1
599533,"[1, 1, 2, 1]",1
302351,"[1, 2]",1
613694,"[2, 1, 2, 1, 2, 1, 1, 2, 2, 1, 2, 1, 1, 2]",1
641939,"[1, 1, 1, 1, 1, 2, 1, 1, 1, 1, 1, 2, 1, 1, 1, 1, 1, 1, 1]",1
19763,"[1, 1]",1
1025519,"[1, 1, 1]",1
860660,[1],1
573526,"[1, 2, 2, 1]",1
262183,[1],1
645931,"[2, 1, 1, 2]",1
256319,[1],1
650306,"[1, 2]",1
207269,"[2, 1]",1
784924,"[1, 1, 1, 1, 1, 2, 1, 1, 1, 1, 1, 2, 1, 2, 1, 1, 1, 1, 1, 2, 1, 1, 1, 1, 1, 2, 1, 1, 2, 1, 1, 2, 1, 1, 2, 1, 1, 1]",1
280307,"[1, 2, 2, 1, 2, 1, 1, 2, 1, 2]",1
487340,"[1, 2]",1
405296,"[2, 1]",1
484877,"[1, 1, 2]",1
690748,"[2, 1]",1
774997,"[1, 2]",1
896565,"[1, 2, 1, 3, 1, 1, 1, 1, 1, 1, 1, 1]",0
583039,"[1, 1, 1]",1
152155,"[1, 1, 1]",1
407002,"[1, 2, 1, 2, 2, 1, 1, 1, 1, 1, 1, 1, 1, 1, 1, 1, 1, 1, 1, 1, 2, 1, 1, 1, 2]",1
815322,"[1, 1, 1, 1]",1
988301,[1],1
762524,[1],1
549912,"[1, 2]",1
514949,[1],1
620897,"[1, 1, 2]",1
665504,"[1, 1, 1, 1, 1]",1
596433,"[2, 1]",1
253485,"[1, 1, 1, 1]",1
366451,[1],1
703250,"[1, 2, 1, 2, 2, 1, 1, 2, 1, 2]",1
628787,"[2, 1]",1
357679,"[1, 2, 1, 1, 1, 1, 2, 1, 1, 1, 1, 1, 1, 1, 2, 1, 1, 2, 1, 1, 1, 2, 1, 2, 1, 1, 2, 1, 1, 1, 2, 1, 2, 1, 1, 2, 1, 1, 1, 2, 1, 1, 2, 1, 1, 2, 1, 1, 2, 1, 1, 2, 2, 1]",1
145688,"[1, 2, 2, 1]",1
48970,"[2, 1]",1
274576,"[2, 1]",1
192929,"[1, 2, 1]",1
542805,"[1, 1, 1, 1, 2, 1, 1, 2, 1, 2, 1, 1, 1, 1, 1, 2, 1, 2, 1, 1, 1, 2, 1, 2, 1, 1, 1, 1, 1, 1, 1]",1
637292,[1],1
765922,"[1, 2, 2, 1, 1, 2, 1, 2]",1
4645,"[1, 2, 1, 1, 2, 1, 1, 1, 1, 2]",1
1000427,"[1, 1, 1, 1, 2, 1, 2, 2, 1, 1, 1, 2, 1, 1, 1, 2, 2, 1, 1, 1, 2, 2, 1, 1, 2, 1, 2, 2, 1, 1, 1, 1, 2, 1, 1, 1, 2, 1, 1, 1]",1
376417,"[1, 1, 1, 1, 1, 1, 1, 2, 3, 1, 1, 4, 1, 1, 1, 1, 1, 1, 1, 1, 1]",1
779906,"[1, 2]",1
288633,"[1, 2, 1, 2, 1, 2, 1, 2, 1, 2, 1]",1
985405,[1],1
983875,[1],1
959709,"[1, 1, 1, 2, 1, 2, 2, 1, 1, 1, 2, 2, 1, 1, 1, 2, 1, 2, 1, 2, 1, 2]",1
848509,"[1, 1, 2]",1
451014,"[1, 2]",1
410318,"[2, 1, 1, 2, 1, 2, 1, 2, 2, 1, 2, 1, 1, 2, 1, 2, 2, 1, 2, 1]",1
53749,"[1, 2, 1, 2]",1
234714,[1],1
17249,"[1, 1, 1, 1, 1, 1, 1, 1, 1, 1, 1, 1, 1, 1, 1, 1, 1, 1]",1
344648,"[1, 1, 1, 1, 1, 1, 1]",1
785666,"[1, 2]",1
443354,"[2, 1, 2, 1]",1
922381,"[1, 2, 3, 4, 4, 1, 4, 4, 4, 4, 4, 4, 4, 4, 4, 4, 2, 1, 4, 4, 1, 4, 4, 1, 4, 4, 4, 4, 4, 4, 4, 4, 4, 4, 1, 2, 1, 1, 2, 1, 1, 1, 1, 1, 4, 4, 1, 4, 4, 1, 4, 4, 1, 1, 4, 4, 1, 4, 4, 1, 4, 4, 4, 4, 4, 4, 4, 4, 4, 4]",1
1017632,"[1, 1, 1, 1, 1, 1]",1
682715,"[1, 1, 1, 2, 1, 2, 1, 2, 1, 1]",1
928012,[1],1
587031,"[1, 2, 3, 1, 2, 3]",1
60031,[1],1
560252,[1],1
903734,[1],1
969944,[1],1
817656,"[1, 1, 1, 1, 1, 1, 1, 1, 1]",1
295049,"[1, 1]",1
513765,"[2, 1]",1
477014,"[2, 1]",1
560157,"[1, 1, 1, 1, 1, 1, 2, 1, 2, 1, 2, 1]",1
79283,"[2, 1, 1, 2, 1, 2, 2, 1, 1, 2]",1
328930,[1],1
301487,"[1, 2]",1
965274,"[1, 1, 3, 1, 1, 1, 1, 1, 1, 1, 2, 1, 1, 1, 1, 1, 2, 1, 2, 1, 1, 1, 2, 1, 1, 1, 1, 2, 1, 1, 2, 1, 2, 1]",1
384301,[1],1
751530,"[1, 1, 2]",1
30756,"[1, 1, 1, 1, 1, 1, 1, 2, 1, 1, 2, 1, 2, 2, 1, 2, 1, 1, 1, 1, 1, 2, 2, 1, 1, 2]",1
934686,"[1, 2]",1
252186,"[1, 1, 1, 2, 1, 2]",1
269335,"[1, 2, 1, 2, 2, 1]",1
263057,"[1, 2]",1
193204,"[1, 2, 1, 2, 1, 2, 3, 1, 2, 1, 2, 1, 2]",1
949490,"[1, 1, 1, 1, 1, 2]",1
383507,"[1, 1]",1
342671,"[1, 1, 1, 1, 1, 1]",1
221030,"[1, 2]",1
807875,[1],1
149672,"[1, 2, 1, 2, 1, 2]",1
841179,"[1, 1, 2, 1, 1, 1, 2, 1, 1, 1, 1, 1, 1, 1, 1, 1, 2, 1, 1, 2, 1, 1, 1, 2, 1, 1, 1, 1, 1, 1, 1, 1, 1, 1, 1, 1, 1, 1, 2, 1, 1, 1, 1, 2, 1, 1, 2, 1, 2, 1, 2, 2, 1, 1, 1, 1, 1, 1, 1, 1]",1
156710,"[1, 1, 1, 1, 1, 2, 3, 1, 1, 1, 2, 1, 1, 2, 1, 1, 1, 2, 1, 1, 1, 1, 1, 1, 1, 2, 3, 1, 1, 1, 1, 1, 1, 1, 1, 1, 1, 1, 1, 1, 1, 1, 1, 1, 1, 1, 1, 1, 1, 1]",1
680691,[1],1
470352,[1],1
870680,[1],1
187391,[1],1
760906,[1],1
440563,"[2, 1]",1
455003,"[2, 1]",1
1007604,"[2, 1, 2, 1]",1
477433,"[2, 1]",1
845224,"[1, 2]",1
484715,"[1, 1, 1, 1, 1, 1]",1
289665,"[1, 1]",1
11133,[1],1
310728,"[1, 2, 1, 1]",1
13121,"[1, 1, 2, 1, 2, 1, 1, 2, 1, 2, 1, 2, 1, 1, 1]",1
143095,"[2, 1]",1
274628,[1],1
210172,"[1, 1]",1
96103,"[1, 1, 2, 1, 1, 1, 2, 1, 2, 1, 1, 1, 2, 1, 1, 2, 1, 1, 2, 1]",1
82256,"[1, 2]",1
895698,"[1, 2, 2, 1]",1
190788,[1],1
358660,"[1, 1, 1, 1]",1
603009,[1],1
642019,"[1, 2]",1
137918,"[1, 2, 1]",1
1011996,"[1, 3, 1]",1
964851,[1],1
753148,"[1, 1]",1
1017758,"[2, 1, 2, 1, 2, 1]",1
672673,"[1, 1, 2, 1]",1
834724,"[2, 1]",1
1019070,"[2, 1, 1, 2]",1
11881,"[1, 2, 1, 1, 2]",1
514501,"[1, 2, 1, 1, 2, 1, 1, 1, 1]",1
138746,"[2, 1, 2, 1, 2, 1, 1, 2]",1
793606,[1],1
611088,"[1, 1, 1, 1, 1]",1
128739,"[1, 2, 1, 2, 2, 1, 2, 1]",1
8500,"[1, 2]",1
710890,"[1, 1, 2, 1]",1
776848,"[2, 1, 1, 2]",1
570776,"[1, 1, 1, 1, 1, 1, 1, 2, 1, 1, 2, 2, 1, 1, 1, 1, 2, 1, 1, 1, 1, 1, 1, 1, 1, 1, 2, 1]",1
456100,[1],1
320450,"[1, 1, 1, 1, 1, 1, 1, 1, 2, 1, 2, 1, 2, 1]",1
240103,"[1, 2, 1, 1, 1]",1
827943,[1],1
36948,"[1, 1, 1, 1, 1, 1, 1, 1, 1, 1, 1, 1, 2, 1, 1, 2, 1, 2, 1, 2, 1, 1, 1, 1, 2, 1, 2, 1, 1, 1, 1, 1, 2, 1, 2, 1, 1, 1]",1
770573,"[1, 2, 1, 1, 1, 2, 1]",1
707820,"[1, 1, 2, 2, 1, 1, 2]",1
614727,"[1, 1, 1, 2, 1, 1, 1, 2, 1, 1, 2, 1, 1, 1, 1, 1, 1, 2, 1, 1, 2, 1, 1, 1, 1]",1
701816,"[1, 1, 1, 2, 1, 1, 1, 2, 1, 1, 2, 1, 1]",1
452073,"[1, 2, 1, 1, 2]",1
672148,"[1, 2]",1
736867,"[1, 1, 1, 2, 1, 1, 2, 1, 2, 1, 2, 2, 1, 1, 1, 1, 1, 1, 1, 1, 1, 1, 1, 1, 1, 1, 1, 1, 2, 1, 1]",1
756092,[1],1
185584,"[1, 1, 2]",1
840819,[1],1
556200,"[2, 1]",1
1026330,"[2, 1, 1, 2, 1, 2, 2, 1, 1, 2, 1, 2]",1
118439,[1],1
214797,"[1, 2, 1, 2]",1
16395,"[1, 1, 1]",1
1043165,[1],1
812165,"[1, 2]",1
1016361,"[1, 1, 1, 1]",1
364310,"[1, 1, 1, 1, 1, 2, 1, 1, 1, 1, 1, 1, 2, 1, 1]",1
337161,"[1, 2, 1]",1
460083,"[1, 2, 2, 1]",1
231125,[1],1
589604,[1],1
519108,"[2, 1]",1
702503,[1],1
20609,"[1, 1, 1, 1, 1]",1
221213,"[2, 1, 1, 2, 1]",1
584395,"[1, 1, 1]",1
218808,"[2, 1]",1
478576,"[2, 1]",1
783861,[1],1
918600,"[1, 2]",1
607396,"[1, 2]",1
170417,[1],1
614208,[1],1
362986,"[2, 1]",1
861495,[1],1
91128,"[1, 2]",1
209325,"[2, 1, 1, 1, 1]",1
974856,"[1, 1, 1, 2, 1]",1
987171,"[1, 2]",1
890758,"[1, 2]",1
305889,"[1, 2, 1, 2]",1
994039,[1],1
482534,[1],1
845184,"[1, 2, 1, 2, 1, 2, 2, 1]",1
467229,[1],1
448004,[1],1
236755,"[1, 2, 2, 1, 1, 2, 1, 2, 1, 2, 1, 2]",1
1031643,"[1, 1, 1, 2]",1
605008,"[1, 2]",1
589752,"[1, 1, 2, 1, 2, 1, 1, 2, 1, 1]",1
483313,"[1, 2, 1]",1
532337,"[2, 1]",1
884488,"[1, 1, 1, 1, 1]",1
725378,"[1, 1]",1
930800,"[1, 1, 2, 2, 1, 2, 1, 1, 2, 2, 1, 2, 1, 2, 1, 1, 2, 1, 2, 1, 2, 2, 1, 2, 1, 1, 2, 1, 2, 2, 1, 2, 1, 1, 1, 2]",1
123962,"[2, 1]",1
410609,"[1, 1, 2, 1, 1, 1, 2, 1, 1, 1, 2, 1, 2, 1, 1]",1
794160,"[2, 1]",1
319717,"[2, 1, 1, 2, 1, 2]",1
231414,[1],1
996179,"[1, 1, 1, 1, 2, 2, 1, 2, 1, 1, 2, 1, 2, 2, 1, 1, 2, 1, 1, 1, 2]",1
275154,"[2, 1, 1, 1, 1, 2, 1]",1
324374,"[2, 1]",1
588961,"[2, 1]",1
395891,[1],1
573704,"[1, 1, 2, 1]",1
367505,"[2, 1, 1, 2]",1
46957,"[1, 1, 1, 1, 2, 1, 1, 1, 1, 2, 1, 1, 2, 2, 1, 3, 1]",1
937792,"[2, 1, 1, 1]",1
35669,"[1, 2, 1, 2]",1
237628,"[1, 1, 1, 1]",1
51641,"[1, 2]",1
712022,"[1, 2, 1, 1, 2, 1, 1, 1, 1, 1, 1, 1, 1, 2, 2, 1, 2, 1, 2, 1, 1, 2, 1, 1, 1, 1, 2, 1, 2, 1, 1, 1, 1]",1
340562,"[1, 2, 2, 1, 2, 1]",1
619467,"[1, 1, 1, 1, 1, 1, 1]",1
1001710,"[1, 1, 1, 2, 1, 1, 2, 1, 1, 1, 1]",1
709137,"[2, 1]",1
265468,"[1, 1, 2, 1, 1]",1
89678,[1],1
746652,"[2, 1, 1, 2, 1]",1
995776,"[1, 1, 1, 1]",1
558853,"[2, 1]",1
895447,[1],1
117895,"[1, 1, 1, 1, 1]",1
876465,"[1, 1]",1
996925,"[1, 1, 1, 1, 1, 2, 2, 1]",1
252710,"[1, 1, 1, 2, 1]",1
611178,"[1, 2, 1, 1, 2, 1, 1, 2, 2, 1, 2, 1, 1, 2, 1, 1, 2, 1, 1, 1, 1, 1, 1, 1, 1, 1, 1, 1, 2, 1, 1, 1, 1, 1, 1, 1, 1, 2, 1, 1, 2, 1, 2, 1, 1, 2, 1, 1, 1, 1, 1, 2, 1, 1, 1, 2, 1, 1, 1, 1, 1, 2, 1, 1, 2, 1, 3, 1, 1, 1, 1, 1, 1, 1, 1, 1, 1, 1, 1, 1, 1, 1, 1, 1]",1
1019777,"[1, 1]",1
681138,"[1, 1, 1, 2, 1, 1, 2, 1, 2, 1, 1, 2, 2, 1, 2, 1, 1, 2, 1, 2, 1, 1, 1, 2, 1, 1, 1, 1, 1, 1, 1, 2, 1, 3, 1, 2, 1, 2, 2, 1, 2, 1, 2, 1, 2, 1, 1, 1]",1
132820,"[2, 1]",1
237491,"[1, 1, 1, 1]",1
1013235,"[1, 2]",1
1013660,"[1, 1, 1, 1, 2, 3, 1, 1, 2]",1
815638,"[1, 1, 2, 1, 1, 1]",1
577339,"[2, 1, 1]",1
545521,"[1, 2, 1, 2]",1
41804,[1],1
292017,"[1, 1, 1, 2, 2, 1, 2, 1, 1, 2, 2, 1, 1, 1, 1, 1, 2, 1, 1, 1, 1, 1, 1, 1, 1, 1, 1, 1, 1, 1]",1
530838,"[1, 1, 2]",1
96163,"[1, 1, 1, 1, 1, 1, 1, 1, 1, 2, 1, 1, 2, 1, 1, 2, 1, 2, 1, 1, 2, 1, 2, 1, 1, 1]",1
560102,"[2, 1, 1, 2, 1]",1
269396,"[1, 2, 1, 2, 1, 2, 1, 1]",1
76796,"[1, 1, 1, 1, 1, 1, 2, 1, 1, 1, 1, 1, 1]",1
398491,"[1, 2]",1
11446,"[1, 1, 2]",1
750559,"[1, 2, 2, 1, 1, 2]",1
576289,"[2, 1]",1
611931,"[2, 1]",1
298450,"[2, 1]",1
96057,"[1, 2, 1, 2, 1, 1, 2, 1, 1, 1, 1, 1, 1, 1]",1
603457,"[1, 1, 1, 1, 2, 1, 1, 1, 1, 1, 1, 1]",1
104996,"[2, 1, 1, 2, 1, 2, 1, 2, 1, 1, 2, 1, 2]",1
255603,"[1, 2, 2, 1, 1, 2, 2, 1, 2, 1, 2, 1, 1, 2, 1, 2, 1, 2]",1
935862,"[1, 2]",1
522257,[1],1
831527,"[2, 1]",1
540148,"[1, 2, 1, 1, 1, 2, 1, 1, 2, 2, 1, 1, 2, 1, 2, 1, 1, 2, 2, 1, 2, 1, 2, 1, 2, 1, 1, 2, 1, 2, 1, 2, 1, 1, 2, 1, 2, 1, 1, 1, 2, 1]",1
676312,"[1, 1, 1, 1]",1
282864,"[2, 1]",1
729093,"[1, 2]",1
499197,"[1, 2]",1
890176,"[1, 2, 1, 1, 2, 1, 2, 1, 1, 2, 1, 1, 1, 2, 1, 2, 1, 1]",1
19471,[1],1
656454,"[2, 1]",1
884364,"[1, 1, 1, 2, 3, 2, 1, 3, 1, 1, 2, 1, 3, 2, 1, 1, 2, 1, 1]",1
23414,"[1, 1, 1, 1, 1, 2, 1, 1]",1
39803,"[1, 1, 1, 1, 2, 1, 1, 1, 1, 1, 1, 1, 1, 1, 2, 1]",1
19890,"[2, 1]",1
43513,[1],1
231280,"[1, 2, 1, 1, 1]",1
403162,"[2, 1, 1, 2]",1
597821,"[1, 1, 1, 1, 1, 1, 1, 1, 1, 1, 1, 1, 1, 1, 1, 1, 1, 1, 1, 1, 2, 1, 3, 1, 1, 1]",1
939628,"[2, 1, 1, 2, 2, 1, 1, 2, 1, 1, 2, 1, 2, 2, 1, 2, 1, 2, 1, 2, 1, 1, 2, 1, 2]",1
246443,"[1, 2, 1, 1, 1, 1]",1
970319,"[2, 1]",1
878449,"[2, 1]",1
255148,"[1, 2, 1, 2, 2, 1]",1
409707,"[1, 2]",1
381559,"[1, 2, 1, 2, 2, 1]",1
882685,"[1, 2]",1
441997,"[2, 1, 1]",1
591198,[1],1
876163,"[1, 2]",1
135470,"[1, 2, 1, 2, 1, 1, 2, 1]",1
427168,"[1, 1, 1, 2, 1, 1, 2, 1, 1, 1]",1
507680,"[2, 1]",1
979510,"[2, 1]",1
930290,"[1, 1, 2, 1, 1, 2, 1, 1]",1
923652,"[1, 1, 1, 1, 1, 1, 1, 1, 1, 2, 1, 1]",1
190825,"[1, 2]",1
944939,"[1, 1, 1, 2, 1]",1
869220,"[1, 2]",1
1003337,[1],1
908630,"[2, 1, 1, 2, 1, 2, 2, 1, 2, 1, 1, 2, 1, 2]",1
46138,[1],1
660552,"[2, 1, 2, 1]",1
272927,"[1, 1, 1, 1, 1]",1
419752,"[1, 1, 1, 1, 1, 1, 1, 2, 1, 2, 1]",1
157890,"[1, 2]",1
532931,"[1, 1, 1, 1]",1
761953,"[2, 1]",1
54626,"[1, 1, 1, 1, 1, 2, 2, 1, 1, 2, 1, 2, 1, 1, 1, 1, 2, 2, 1, 1, 2, 1, 1, 1, 1, 2, 1, 1, 1, 1, 1, 1, 2, 1, 1, 2, 1, 1, 1, 2]",1
1006665,"[2, 1]",1
138172,"[1, 1, 2, 1, 1, 1, 2, 1, 1, 1, 2, 1, 1, 1, 1, 1, 2, 2, 1, 1, 2, 2, 1, 1, 2, 1, 2, 1, 2, 1, 1, 1, 1, 2, 1, 1, 1, 1, 1, 1, 1, 1, 1, 1, 2, 1, 1, 2, 1, 2, 1, 1, 2]",1
315432,[1],1
791632,"[1, 1]",1
1007448,"[1, 2]",1
749931,"[1, 1, 2, 1, 3, 2, 1, 2, 1, 1, 2, 1, 2, 1, 1, 1, 1, 1, 1, 1, 1, 1]",1
345051,"[2, 1]",1
146859,"[2, 1, 1]",1
266628,"[1, 1, 1, 1, 1, 2, 1, 1, 2, 2, 1, 1, 2, 1]",1
194844,[1],1
788066,"[1, 2, 1, 1, 1, 1]",1
12021,[1],1
883083,"[2, 1]",1
770774,[1],1
114104,"[1, 1, 2, 2, 1, 1, 2, 1, 2, 2, 1, 2, 1, 1, 2, 1, 2, 2, 1, 2, 1, 1, 2, 1, 2]",1
132237,"[1, 2]",1
714911,"[1, 1, 1]",1
357980,[1],1
601864,"[1, 2, 1, 1, 1]",1
685387,[1],1
61553,"[1, 2, 1, 1, 1, 2, 1, 1, 2, 1, 1, 2, 1, 1, 1]",1
480953,[1],1
1030650,"[1, 1, 2, 1, 1, 1, 1, 1, 1, 1, 1, 2, 1, 2, 1, 1, 1, 2, 1, 2, 1, 2, 1, 1, 2, 1, 2, 1, 2, 2, 1, 1, 2, 1, 1, 2, 1, 1, 1, 1]",1
608670,[1],1
1046006,"[1, 2, 1, 1, 1]",1
313020,[1],1
388136,[1],1
852125,"[2, 1, 1, 2, 1, 1, 1, 2, 1, 1, 2, 1, 2, 1, 2, 1]",1
65086,"[1, 1, 1, 2, 1, 1, 2, 1]",1
711111,"[1, 1]",1
74097,"[1, 1, 1, 2, 2, 1, 2, 1, 1, 1, 2, 1, 2, 1, 2, 1]",1
1002588,"[1, 1, 1, 1, 1, 1, 1, 1, 2, 1, 1, 1, 3]",1
897490,"[1, 2, 1, 2]",1
997570,"[2, 1]",1
607312,[1],1
414147,"[1, 1, 1, 1, 1, 1]",1
148442,"[1, 2]",1
365860,"[1, 2, 1]",1
981994,[1],1
53968,"[2, 1]",1
51131,"[1, 2]",1
731844,"[1, 2]",1
14609,"[1, 1, 1, 1]",1
880313,"[1, 1, 1]",1
378966,"[1, 2]",1
210151,"[2, 1]",1
989413,"[1, 2, 1, 1, 1, 1, 1]",1
51544,"[1, 1, 1, 1]",1
57823,"[1, 1, 1, 1, 2, 1]",1
310171,"[1, 1, 1, 1, 2, 1, 1, 2, 1, 1, 1, 2, 1, 2, 1, 1, 2, 1, 1]",1
314586,"[1, 1, 1, 2, 2, 1]",1
4201,"[1, 1, 1]",1
321969,"[1, 2]",1
878421,"[1, 2, 1, 2, 1, 1, 2, 2, 1, 2, 1]",1
865791,"[1, 1, 2, 3, 1]",1
107408,[1],1
106684,[1],1
57079,[1],1
720476,"[1, 1, 1, 1, 2, 1, 1, 2]",1
389705,[1],1
379329,"[1, 1, 2, 1]",1
161478,"[1, 2, 2, 1, 1, 2]",1
58464,"[1, 1, 1, 1]",1
471785,"[1, 1, 1]",1
621928,"[1, 1, 2, 1, 1, 2, 1]",1
879212,"[2, 1]",1
271291,[1],1
957505,"[2, 1]",1
671942,[1],1
742848,[1],1
444667,"[2, 1, 2, 1]",1
415900,"[1, 2]",1
315486,[1],1
161577,"[1, 2, 1, 1]",1
842218,"[2, 1, 1, 2]",1
653381,"[2, 1]",1
399003,"[2, 1, 1, 2, 2, 1, 1, 2]",1
551833,"[2, 1, 1, 2, 2, 1]",1
506134,[1],1
514696,"[2, 1]",1
801444,[1],1
899059,"[2, 1]",1
166041,"[2, 1]",1
597984,[1],1
562444,[1],1
122946,"[1, 1, 1]",1
360504,"[2, 1, 2, 1]",1
500082,[1],1
164237,"[1, 1, 1, 1, 2, 1, 2, 1, 1]",1
1031126,"[1, 2, 2, 1, 1, 2, 1, 2, 2, 1, 1, 2, 1, 2, 1, 2, 1, 2, 1, 2, 2, 1, 1, 2, 2, 1, 2, 1, 2, 1, 3, 1, 1]",0
494676,"[2, 1]",1
988974,"[2, 1, 2, 1, 2, 1, 1, 2, 2, 1]",1
17311,"[1, 1, 1, 1, 1, 1, 2, 1]",1
752918,"[1, 2]",1
133459,"[1, 1, 1, 1, 1, 2, 1, 2, 1, 1, 1, 2, 1, 2, 1, 1, 1, 2, 2, 1, 2, 1, 2, 1]",1
772000,[1],1
322782,[1],1
13885,"[2, 1]",1
167528,"[1, 1, 1, 1, 1, 1, 1, 1, 1, 1]",1
575163,"[2, 1]",1
971578,[1],1
119493,"[2, 1]",1
949380,"[2, 1]",1
766708,"[1, 1, 1, 1, 1, 2, 1, 1, 2, 1, 3, 1, 1, 1, 1]",1
685892,"[1, 2, 1, 2, 3, 1, 1, 1, 1, 2, 1, 1, 2, 1, 1, 1, 2, 1, 1, 2, 1, 1, 2, 1, 1, 2, 3]",1
484687,"[2, 1]",1
529739,[1],1
841534,"[1, 1, 1, 1, 2, 1, 1, 1, 1]",1
275260,[1],1
68390,[1],1
491908,"[1, 2]",1
963074,"[2, 1]",1
185349,"[1, 1, 2]",1
588781,"[2, 1]",1
265247,"[1, 1, 1, 2, 1, 1, 1]",1
5987,[1],1
394543,[1],1
61235,[1],1
911267,"[1, 2]",1
211527,"[1, 1, 1, 2, 1, 1, 1, 2, 2, 1, 2, 1, 2, 1, 1, 2, 1, 2, 2, 1, 2, 1, 1, 1, 2, 1, 2, 1, 1, 2, 1, 1, 1, 2, 1, 1]",1
1008153,[1],1
568973,[1],1
49097,"[1, 2, 1, 1]",1
732382,"[1, 2]",1
272105,"[1, 2, 1, 2]",1
932594,"[1, 2, 2, 1]",1
316079,"[1, 1, 1, 2, 1, 1, 2, 2, 1, 2, 1, 2, 1, 1, 2]",1
756513,"[1, 2, 1, 2]",1
83370,[1],1
661791,"[1, 2, 2, 1]",1
318748,[1],1
853679,"[1, 2, 1, 2, 1]",1
151904,"[2, 1, 1, 1, 1, 1, 1, 1, 2, 1, 1]",1
845314,[1],1
368355,"[1, 1, 1, 1, 1, 1]",1
71105,"[1, 1, 1, 1, 1, 1, 2, 1, 2, 1]",1
278923,"[1, 1, 1]",1
419480,"[1, 1, 1, 1, 2, 1, 2, 1, 2, 1, 1, 2, 1]",1
293137,"[2, 1, 1, 1]",1
191465,"[2, 1, 1, 2, 1, 2, 2, 1, 2, 1, 2, 1]",1
526938,[1],1
803635,"[1, 2, 1, 1]",1
362771,"[2, 1]",1
504885,"[1, 1, 1, 1]",1
961996,"[2, 1, 1, 1, 2, 1, 1, 1, 2]",1
782699,"[1, 2, 1, 2, 1, 2, 2, 1]",1
920785,"[1, 1, 1]",1
229105,"[1, 2, 3, 1, 2, 1]",1
419599,[1],1
900036,"[1, 2, 1, 2]",1
999574,[1],1
562837,"[1, 1, 1]",1
817899,"[1, 1, 1]",1
704873,"[2, 1]",1
433330,"[2, 1, 1, 2, 1, 1, 1, 2, 1, 1, 2]",1
665669,"[1, 1, 1, 1, 1, 1, 1]",1
100018,"[1, 1, 1, 1, 1, 1, 1, 1, 1]",1
370879,"[2, 1]",1
400740,"[2, 1, 2, 1]",1
693737,[1],1
996628,"[1, 2]",1
809958,[1],1
145032,"[1, 1, 1, 1, 1, 1, 1]",1
152748,"[1, 1, 1]",1
672916,"[1, 1, 2, 1, 2, 2, 1]",1
583502,"[1, 1, 1, 1, 1, 1, 1, 1, 1, 1, 1, 2, 1, 2, 1, 1]",1
412898,"[2, 1, 2, 1, 2, 1]",1
51447,[1],1
357652,"[2, 1, 1]",1
965993,"[1, 2]",1
74628,"[1, 1]",1
785260,"[1, 2]",1
478386,"[1, 1, 1, 1, 1, 2, 1, 2, 1, 3, 1, 1, 1, 4, 1, 4, 4, 1]",1
632942,"[1, 1]",1
598774,"[1, 1, 1, 1, 1, 2, 1, 1, 1, 2, 1, 1, 1, 1]",0
226134,[1],1
420310,"[1, 1]",1
251619,"[1, 2]",1
150963,"[1, 2]",1
743705,"[1, 2, 1, 2, 1, 2, 2, 1]",1
1000985,"[1, 2]",1
533735,"[2, 1]",1
590391,[1],1
519932,[1],1
199462,[1],1
663994,"[1, 1, 1, 1, 1, 1, 1, 1, 1, 1, 1, 1, 1, 1, 1, 1, 1, 1, 1, 1, 1, 1, 1, 1, 1, 1, 1, 1, 1, 1, 1, 1]",1
1015771,"[2, 1]",1
854957,"[2, 1]",1
286096,"[1, 2, 2, 1, 1, 2, 1, 2, 1, 1, 2, 1, 2, 1, 2, 1, 2, 1, 2, 1, 1, 1, 1, 1, 1, 1, 1, 1]",1
1041792,"[1, 2]",1
591735,"[1, 1, 1, 2, 1, 1, 2, 1]",1
226387,"[1, 2, 1, 2, 1, 3, 4, 1, 4, 1, 4, 4, 4, 4, 1, 1, 1, 1, 1, 1]",1
979614,"[1, 1, 2, 1, 1, 1, 2, 1, 1, 2, 1, 1, 2, 1, 2, 2, 1, 1, 2, 1, 2, 2, 1, 1, 2]",1
436190,"[1, 1, 1, 1, 1, 1, 1, 1, 1, 1]",1
159709,"[1, 2]",1
50278,"[2, 1]",1
905703,"[1, 2, 1, 1, 1, 2, 1, 1, 1, 2]",1
92567,"[1, 1, 1, 2, 1, 1, 1, 2, 1, 2, 1, 1, 1, 1, 1, 2, 2, 1, 3, 1, 1, 2, 2, 1, 2, 1, 1, 1, 1, 1, 1, 1, 1, 1, 1, 1, 2, 1, 3, 1, 1, 1, 1]",0
541671,"[1, 2]",1
83829,"[1, 2, 1, 2, 2, 1]",1
472644,"[1, 2, 1]",1
17830,"[1, 2]",1
191836,"[1, 1, 1, 1]",1
128782,"[1, 1]",1
867909,"[1, 1, 1, 1, 1, 1, 1, 1, 1, 1, 1, 1, 1, 2, 1]",1
907625,"[1, 1, 1, 1, 1, 1]",1
48995,[1],1
16183,"[1, 2]",1
322063,"[1, 2]",1
704005,"[1, 1, 1, 1, 1, 1, 1, 1, 1, 1, 1, 1, 1, 1, 1, 2, 1, 1, 1, 1, 1, 1, 1, 1, 1, 1, 1, 1]",1
294375,"[1, 2, 1, 2, 1, 1, 2, 2, 1, 2, 1]",1
785162,"[2, 1]",1
522300,"[2, 1]",1
986434,"[1, 2]",1
902184,"[2, 1, 1, 2, 1, 1, 1, 1, 2, 2, 1, 2, 1, 1, 1, 1, 2, 2, 1, 1, 2, 1, 2]",1
363188,"[1, 1, 2, 1]",1
1022107,"[1, 2]",1
409678,"[1, 2, 1, 1, 2, 2, 1]",1
1028983,"[1, 1, 2, 1, 1]",1
535484,"[1, 2, 1, 2]",1
981034,"[1, 1, 2, 1, 1, 1]",1
200448,[1],1
394570,"[1, 2, 1, 2, 1, 1, 2, 1]",1
680974,"[2, 1]",1
390386,"[1, 1, 1, 1]",1
330182,"[1, 1, 1, 1, 1, 1, 1, 2, 1, 1, 2]",1
823202,"[1, 2, 1, 1, 1, 2]",1
88023,[1],1
169464,"[1, 1, 1]",1
965190,"[1, 1, 1, 1, 1, 1, 1, 1, 2, 1, 1, 1, 2, 1, 1, 1, 1, 1, 1, 1, 1, 1, 1, 1, 1, 1, 1, 1, 1, 1, 1, 1, 1, 1, 1, 1, 1, 2, 1, 1, 2, 1, 1]",1
756116,"[2, 1]",1
785362,"[1, 2, 3]",1
458008,"[1, 1, 2, 1, 1]",1
700421,[1],1
243679,"[1, 2]",1
786257,"[1, 1, 1]",1
475523,"[2, 1]",1
891166,"[1, 2, 1, 1, 1, 1, 1, 2, 1, 2]",1
687464,"[1, 2]",1
776666,"[1, 2, 1, 1, 1, 1, 2, 1]",1
924825,[1],1
874784,"[1, 2, 1, 2, 1, 2, 1]",1
345659,"[1, 2, 1, 1, 2, 1, 2, 1, 2, 2, 1, 2, 1, 1, 1, 2, 1, 1, 1, 1, 1]",1
617486,"[2, 1]",1
709660,"[2, 1]",1
729215,"[1, 1, 1, 1, 2, 1, 2, 1]",1
586515,"[1, 2]",1
765813,"[1, 1, 1, 1, 1]",1
687542,"[1, 1, 1, 1, 1, 1, 1, 1, 1, 1]",1
484896,[1],1
969167,"[1, 1, 1, 1, 2, 1, 1, 2, 2, 1, 1, 2]",1
716307,[1],1
538653,"[1, 1, 1, 1, 2, 1, 2, 3, 4, 1, 4, 4, 4, 4, 4, 1, 4, 1, 1, 1, 1, 1, 1, 1, 1, 1, 1, 1, 1, 1, 1, 4, 1, 1, 1, 1, 1, 1, 1]",1
210771,"[1, 2, 1, 2, 1]",1
417035,"[1, 2, 1, 1]",1
773164,"[2, 1]",1
287175,"[1, 2, 2, 1, 2, 1]",1
299032,"[1, 2, 1, 2, 1, 2, 1, 2, 1, 1, 1, 1, 1, 1, 1, 1, 1, 1]",1
447072,"[2, 1]",1
103719,"[1, 1, 1, 1, 2, 1, 2, 1, 2, 1]",1
480850,[1],1
509116,[1],1
560580,[1],1
219533,[1],1
712217,"[2, 1]",1
966759,[1],1
268158,"[2, 1]",1
742516,"[1, 1, 2, 2, 1]",1
853983,"[2, 1, 1, 2, 2, 1, 1, 2, 2, 1, 1, 2, 2, 1, 1, 2]",1
171517,"[1, 1, 1, 1, 1, 2, 1, 1, 2, 1, 2, 2, 1, 1, 1, 2, 1, 2, 1, 2, 1]",1
78205,[1],1
874891,"[2, 1, 1, 2, 1, 2, 2, 1, 2, 1, 1, 2, 1, 2, 1, 2]",1
394526,"[2, 1]",1
358620,"[1, 1, 1, 1]",1
466110,"[1, 1, 2, 2, 1]",1
632024,"[1, 1]",1
552547,"[1, 2, 1, 1, 1, 1, 1, 1]",1
1007098,"[1, 1, 2, 1, 2, 1]",1
525795,"[2, 1]",1
532236,[1],1
620201,[1],1
877463,"[1, 2]",1
646170,"[2, 1]",1
926949,[1],1
370301,"[1, 1, 1, 1, 1, 2, 1, 1, 2, 1, 2]",1
317882,"[1, 2, 1, 1, 2, 1, 2, 1, 1, 2, 2, 1, 2, 1]",1
692426,"[1, 1, 1, 1]",1
695818,"[1, 2, 1, 2, 2, 1, 1, 2]",1
290641,"[2, 1, 1, 2]",1
620177,[1],1
720533,"[2, 1]",1
769983,"[2, 1]",1
284153,"[2, 1, 1, 1, 2, 1, 1, 2, 2, 1, 2, 1, 2, 1, 1, 2, 1, 1]",1
729088,[1],1
1010396,"[1, 1, 1, 1, 1, 2, 1, 1, 2, 1]",1
343480,[1],1
697682,"[2, 1]",1
451365,"[1, 1, 1]",1
199679,"[2, 1]",1
922434,"[1, 2]",1
312081,"[1, 2, 1, 1, 2, 2, 1, 1, 1, 1, 1, 1, 1, 1, 1, 1, 1, 1, 2, 1, 1, 1, 1, 2, 1, 1, 2, 2, 1, 2, 1, 1, 1, 1, 1, 1, 1, 2, 1, 1, 2, 1, 2, 1, 1, 1, 1, 1, 1, 1, 1, 1, 1, 1, 1, 1, 2, 1, 2, 1, 1, 1, 2, 1, 1, 1, 1, 1, 1]",1
120317,"[1, 1, 1, 1, 1, 1]",1
984212,[1],1
490768,[1],1
319039,"[1, 1, 1, 1, 2, 1, 1, 2, 1]",1
1048539,[1],1
891321,"[1, 1, 1, 2, 1, 1]",1
177349,[1],1
493482,[1],1
820046,"[1, 2, 1, 2]",1
127444,"[1, 1, 1, 1, 1, 2, 1]",1
901387,[1],1
418121,"[1, 1, 1, 1, 2, 1, 1, 1]",1
115651,[1],1
424597,"[1, 2]",1
927128,"[1, 2, 2, 1, 1, 1, 2, 1, 2, 1, 2, 1, 1, 2, 1, 1, 2, 2, 1, 1, 2]",1
214499,"[1, 1, 1, 1, 2, 1, 2, 1, 1, 1, 2, 3, 1, 2]",1
633561,"[2, 1, 1, 2, 2, 1, 1, 2, 1, 2, 1, 1, 1, 1, 1, 2]",1
327444,"[1, 1, 1, 1, 1, 1, 1, 1, 1, 1, 1, 1, 1, 1, 1, 1, 1, 1, 2, 1, 1, 1, 1, 1, 1, 1, 1, 1]",1
551003,"[1, 1, 1]",1
67890,"[1, 1, 1, 1, 2, 1, 1, 1, 1, 2]",1
105347,"[2, 1]",1
195316,"[1, 1, 1, 1, 1, 1, 1, 1, 2, 1, 2, 1, 1]",1
166432,"[2, 1]",1
639477,[1],1
504220,"[1, 1, 1, 2, 1, 2, 1, 1, 1]",1
509030,"[1, 2]",1
674889,"[1, 1, 1, 1, 1, 2, 1]",1
746977,[1],1
163537,[1],1
812670,[1],1
346609,"[2, 1, 1, 2]",1
258160,"[1, 2]",1
172825,"[1, 1, 1, 1]",1
748038,"[2, 1]",1
992077,"[2, 1]",1
613627,"[1, 1, 1, 1, 1, 1, 1, 1, 1, 1, 1, 1, 1, 1, 1]",1
22866,"[1, 1, 1]",1
473444,"[1, 2]",1
26062,"[2, 1]",1
8534,"[2, 1]",1
70437,"[1, 1, 2, 1]",1
160801,"[2, 1, 1, 1, 1, 1, 2, 1, 2, 1, 1, 2, 2, 1, 2, 1, 2, 1, 1, 2, 3, 1, 4, 1, 4, 4, 4, 4, 4, 4, 1]",0
25404,"[1, 2, 2, 1, 2, 1, 1, 2]",1
138944,[1],1
155257,"[1, 2, 1, 2, 1, 2, 1, 2, 1, 2, 3, 1, 2, 2, 1, 1, 2, 1, 2, 1, 1, 1, 1, 1, 1, 1, 2]",1
986446,"[2, 1]",1
716835,"[1, 2]",1
374530,[1],1
416047,[1],1
712362,"[2, 1, 1, 2, 1, 2, 2, 1, 1, 2]",1
464514,"[1, 1, 1, 1]",1
653575,[1],1
549346,"[2, 1]",1
571342,"[1, 2]",1
424980,"[1, 1]",1
605381,"[1, 1, 1, 1, 2, 1]",1
307174,"[1, 2, 1, 1, 2]",1
783450,[1],1
56797,"[1, 1, 1]",1
101825,[1],1
921201,"[1, 1, 1, 1, 2, 1, 2, 1, 1, 1, 2, 1, 1, 2, 1, 2, 1, 1, 1, 2, 1, 1, 2, 1, 2, 1, 2, 1, 1, 2, 1, 2, 2, 1, 2, 1, 2, 1, 2, 1, 2, 1, 2, 1, 1, 1, 2, 1, 1, 1, 1, 1, 1, 1, 1, 1, 1, 1]",1
389245,[1],1
442688,"[1, 1, 1, 2, 1, 1, 2, 2, 1, 1, 1]",1
126492,"[2, 1, 2, 1, 1, 2, 2, 1, 1, 2, 1, 2, 1, 2, 1, 1, 1, 2, 1, 3, 1, 1, 1, 1, 1, 1, 1, 1]",1
962460,"[2, 1, 2, 1]",1
700865,"[2, 1, 2, 1]",1
552089,[1],1
559937,"[1, 1, 1, 1]",1
73207,"[1, 1, 1, 1, 1, 1, 1, 1, 1]",1
213670,"[1, 2]",1
72032,"[1, 2]",1
861932,"[1, 1, 1, 1]",1
147644,"[1, 2, 1, 2]",1
427130,[1],1
495060,"[1, 2]",1
496265,"[1, 1, 1, 1]",1
435048,[1],1
350271,"[1, 1, 1, 1]",1
914082,"[1, 1, 2, 1, 2, 1, 2, 1, 2, 1, 1, 1, 1, 1, 2, 1, 1, 2, 1, 2, 1, 1, 2, 1, 2]",1
74156,"[2, 1]",1
192047,"[1, 2, 1, 1, 2]",1
572263,[1],1
349057,"[1, 2, 2, 1, 2, 1, 1, 2, 2, 1, 1, 2, 2, 1]",1
805441,"[1, 2, 2, 1]",1
244358,"[1, 1, 1, 1, 1, 1, 2, 1, 1, 1, 1, 2, 1, 2, 1, 2, 1, 1, 2, 2, 1, 2, 1]",1
408526,"[2, 1]",1
894453,[1],1
432755,"[2, 1, 1, 1, 2, 1, 1, 2, 1, 1]",1
209894,"[1, 2]",1
712024,"[1, 1, 1, 1, 2, 1, 2, 1, 1]",1
341006,"[1, 1, 1, 1]",1
862874,"[1, 1, 1]",1
288552,"[1, 1, 1, 1, 1]",1
68775,"[2, 1]",1
810704,"[1, 2, 2, 1]",1
682795,[1],1
498516,"[2, 1]",1
763359,"[1, 1, 1, 1, 2, 3, 1, 1, 1, 1]",0
797123,"[1, 2]",1
350832,"[1, 2]",1
1029900,"[1, 1, 1, 1, 1, 1, 1, 1, 1, 1, 1, 1, 1, 1]",1
954916,"[1, 1, 1, 1]",1
379648,"[1, 2]",1
635110,"[1, 2, 2, 1, 1, 1, 2, 1, 2, 1, 2, 1]",1
735621,"[1, 1]",1
346361,"[1, 1, 1, 1, 1, 1, 2, 1, 2, 1, 1, 2, 1, 1, 1, 1, 1, 1]",1
77139,[1],1
883188,"[2, 1]",1
1036514,"[1, 1, 1, 1, 2, 1, 2, 1, 1, 1, 2, 1, 1]",1
542636,"[1, 1, 1, 1, 2, 1, 1, 2, 2, 1, 1, 1, 1, 1, 1]",1
428022,[1],1
4931,"[1, 1, 1, 1, 1, 2]",1
727470,"[1, 2]",1
518504,"[1, 2]",1
392524,[3],1
316021,[1],1
972334,"[1, 1, 1, 2, 1, 2, 1, 1]",1
120812,"[2, 1]",1
86447,"[1, 1, 1, 1, 1, 2, 1, 2, 1, 1, 2, 1, 2, 2, 1, 2, 1, 2, 1, 2, 1, 1, 2, 2, 1, 1, 1, 1, 1, 2, 1, 1, 1, 1, 2, 1, 2, 3, 2, 1, 1, 1, 2, 1, 1, 2, 1, 2, 2, 1, 1, 2, 3, 1, 1, 1, 1, 2, 1, 1, 1, 1, 1, 1, 2, 1, 1, 1, 1, 1, 1, 1, 2]",1
406034,"[1, 1, 1, 2, 1, 1]",1
491746,"[1, 1]",1
883939,"[1, 1, 1, 1, 1, 2, 1, 1, 1, 1, 1, 2, 1]",1
889020,"[1, 1, 2, 1, 1, 2, 1, 1, 2, 1, 1, 1, 1, 2, 1]",1
982170,"[2, 1]",1
979189,"[1, 2]",1
970510,"[1, 1, 1]",1
762526,"[2, 1, 1, 2, 1, 2, 2, 1]",1
755305,"[1, 1, 1]",1
159739,"[1, 2, 1, 2, 2, 1, 2, 1, 1, 2, 2, 1, 1, 2, 2, 1, 1, 2, 1, 2]",1
111329,"[2, 1]",1
435398,"[1, 2, 2, 1, 1, 1]",1
434353,"[1, 1, 1, 2, 1, 1, 2, 2, 1]",1
1009577,"[2, 1, 1]",1
596203,"[2, 1]",1
34529,"[1, 1]",1
776723,"[1, 1, 1, 1, 1, 1, 1, 2, 1, 1, 1, 1, 1]",1
488071,"[2, 1]",1
696433,"[2, 1, 1, 2, 1, 2]",1
538597,"[1, 1, 1, 1, 1, 1, 2, 1, 1, 2, 1, 1, 1, 2, 1, 1, 2, 1, 1, 1, 2, 1, 1, 1, 1, 1, 1, 1, 2, 1, 1, 1, 2, 1, 2, 1, 1, 2, 1, 2, 1, 1, 2, 1, 2, 2, 1, 2, 1, 2, 1, 1, 1, 2, 1, 2, 1, 1, 1, 2, 1, 2, 1, 2, 1, 1, 2, 2, 1, 2, 1, 2, 1, 1, 2, 1, 2, 2, 1, 2, 1, 2, 1, 1, 2, 1, 2, 1, 2, 2, 1, 1, 1, 2, 1, 2, 1, 2, 1, 1, 2, 1, 1, 2, 2, 1, 1, 2, 2, 1, 1, 2, 2, 1, 1, 2, 1, 1, 2, 1, 2, 1, 1, 1, 2, 1, 2, 1, 2, 1, 2, 2, 1, 1, 1, 1, 1, 2, 1, 1, 2, 1, 1, 2, 1, 1, 1, 1, 1, 2, 1]",1
270798,"[1, 1, 1, 1, 1, 1, 1, 2, 1, 2, 1, 2, 1, 1, 2, 1, 1, 1, 2, 2, 1, 1, 2, 1, 1, 1, 1, 1, 2, 1]",1
677113,"[1, 2, 1, 2]",1
777419,"[1, 2, 1]",1
818270,"[1, 1, 1, 1, 1, 1, 1, 1, 1, 1, 1, 1, 2, 1, 2, 1, 1, 1, 2, 1, 1, 2, 2, 1, 2, 1, 1, 2, 1, 1, 2, 1, 2, 1, 2, 1, 2, 2, 1]",1
600980,"[1, 1, 2, 1, 2, 1, 1, 2, 1, 1, 1]",1
878332,"[1, 2]",1
757692,"[1, 1, 1, 1]",1
819278,[1],1
782571,[1],1
201339,"[1, 2]",1
754196,[1],1
573248,"[1, 1, 1, 1]",1
1010231,[1],1
576868,"[1, 1, 1, 1, 1, 1, 1, 2, 1, 2, 1, 1, 2, 1, 2, 1, 2]",1
428773,"[1, 1, 1, 1, 1, 2, 1, 1, 2, 1, 2, 1, 1, 2, 1, 2, 1, 2, 1, 1, 1, 2, 1, 1, 1, 2, 1, 2, 1, 1]",1
366775,"[2, 1, 2, 1, 1, 2, 1, 2, 1, 2, 2, 1, 1, 2, 1, 2, 1, 2, 2, 1, 2, 1]",1
817968,"[2, 1]",1
771122,"[1, 1, 1, 1, 2, 1, 2, 1, 1, 1, 2, 1, 2, 1, 1, 2, 1, 1, 2, 1, 2, 1]",1
360826,"[1, 2]",1
285082,"[1, 1, 1, 2, 1, 1]",1
983408,"[1, 1, 1, 1, 2, 1, 1, 1, 1, 1, 1, 2, 1, 1, 2, 1, 1, 1, 2, 1]",1
97639,"[1, 1, 1]",1
590764,"[1, 2]",1
587530,"[1, 1, 1, 1, 1, 1, 1, 1]",1
876970,"[1, 1, 1, 1, 2, 1, 2, 1, 1, 1, 1, 1]",1
447081,"[1, 2]",1
208502,"[2, 1, 2, 1, 1, 2]",1
916913,[1],1
595010,"[1, 2, 1]",1
239378,"[2, 1]",1
129890,"[1, 2, 1, 2, 2, 1]",1
375180,"[1, 1, 1, 1, 1, 1, 1, 1, 1, 1, 1, 1, 1, 1, 1, 1, 1, 1]",1
446165,"[1, 2]",1
15291,[1],1
788897,"[1, 2, 1, 1, 1, 2, 1, 2, 1, 1, 1, 1, 1, 1, 1, 1, 1, 1, 1, 1, 2, 1, 2, 2, 1]",1
794753,"[1, 2]",1
270715,"[2, 1, 1, 2, 3, 1, 1]",1
637059,"[1, 2, 1, 2, 1, 1, 2, 1, 2, 2, 1, 1, 2, 1, 2, 2, 1]",1
824638,[1],1
2755,"[1, 1]",1
230924,"[1, 1, 1]",1
771928,"[1, 1, 1, 2, 1, 1, 2, 1, 1, 1, 2, 1, 1, 2]",1
35249,"[1, 1, 1, 1]",1
904684,[1],1
839273,"[1, 1, 1, 1, 1, 1, 1, 1, 2, 1, 1, 2, 1, 1, 1, 2, 1, 1, 1, 2, 1, 1, 1, 2, 3, 1, 1, 1, 1, 1, 1, 1, 1, 2, 1, 1, 1]",1
924281,"[2, 1, 3, 1, 1, 1, 1, 2, 1, 1]",1
961424,"[2, 1]",1
882782,"[1, 2, 2, 1, 1, 2]",1
463400,[1],1
188124,[1],1
969493,"[1, 1, 2, 1, 1, 2, 1, 1]",1
607550,"[1, 2, 1, 2, 1, 1, 1, 2, 1, 1]",1
933014,"[2, 1]",1
389421,[1],1
490085,"[2, 1, 2, 1]",1
1021304,"[1, 2, 2, 1]",1
85089,"[2, 1, 1, 1, 1, 1]",1
876442,"[1, 2, 2, 1]",1
874554,"[1, 1, 1, 1, 1, 1, 1]",1
725720,[1],1
576196,[1],1
34166,"[1, 2, 3, 1]",0
763283,"[1, 1, 1, 1, 2, 1, 1, 1]",1
797993,[1],1
203009,"[1, 2, 1, 1, 1, 2, 1]",1
360624,[1],1
585811,"[1, 2]",1
631461,"[1, 1, 1]",1
910109,"[1, 1, 1, 1, 1, 1, 1, 1, 1]",1
180981,[1],1
799487,[1],1
913736,"[1, 1, 1, 1]",1
292911,"[1, 2, 1, 2, 1, 2, 2, 1, 2, 1, 1, 2, 2, 1, 1, 2, 2, 1, 2, 1, 2, 1, 2, 1, 2, 1, 2, 1, 2, 1, 2, 1, 2, 1, 2, 1, 2, 1, 2, 1, 1, 2, 1, 2, 2, 1, 2, 1]",1
1007148,"[1, 1, 1]",1
415651,"[1, 2]",1
820576,"[1, 1, 1, 1]",1
671330,"[1, 2]",1
477234,"[1, 1, 1, 1, 1]",1
250251,[1],1
250962,"[2, 1, 3, 1]",1
170300,"[1, 1, 1, 1, 1]",1
610113,"[2, 1]",1
78112,"[1, 1, 1, 1, 1, 2, 1, 1, 1, 1, 1, 2]",1
163294,"[1, 1, 1, 1]",1
172766,"[1, 1, 1, 1, 2, 1, 1, 1, 1, 1, 1, 1, 1]",1
173307,"[1, 1]",1
583929,"[1, 2, 1, 2, 1]",1
743466,"[2, 1, 1, 2, 1, 2]",1
751705,"[1, 2, 3]",1
401780,"[1, 2, 1, 1, 2, 1, 2, 1, 2, 1, 1, 2, 2, 1, 2, 1, 1, 2, 1]",1
340287,"[1, 2, 1]",1
499214,"[1, 1]",1
982054,"[1, 1, 1, 1]",1
932406,"[1, 1, 1]",1
729872,"[1, 2, 2, 1, 1]",1
19878,"[1, 2]",1
546376,"[2, 1]",1
905170,"[1, 2, 2, 1, 1, 2]",1
519013,"[2, 1]",1
681866,"[2, 1]",1
220164,"[1, 2]",1
1030106,"[1, 1, 1, 2, 1, 1, 2, 1, 2, 1, 1, 2, 1, 2, 1, 2, 1, 1]",1
847698,"[2, 1, 3, 1, 1]",1
240642,"[1, 1, 1, 2, 1, 1, 2, 2, 1, 2, 1, 1, 2, 1, 2, 2, 1, 1, 2, 2, 1, 2, 1, 1, 2, 1, 1, 1, 1, 1, 1, 1, 2, 1, 2, 1, 1, 2]",1
616226,"[1, 1, 1]",1
88907,"[1, 1, 1, 1, 2, 1, 1, 1, 1, 2, 1, 1, 1]",1
729843,"[2, 1, 2, 1, 1, 2, 1, 2, 2, 1, 1, 2]",1
645629,"[2, 1]",1
265299,"[2, 1, 1]",1
506096,"[1, 1, 2, 1, 1, 1, 1, 1, 2]",1
915412,"[2, 1]",1
548352,"[1, 2]",1
499820,[1],1
994252,[1],1
963425,"[1, 2]",1
922998,"[2, 1, 1, 2, 2, 1, 3, 1, 1, 1, 2, 1, 1, 2, 1]",1
399040,"[1, 2, 1, 2, 2, 1, 2, 1, 1, 2, 2, 1, 1, 2]",1
426269,"[2, 1]",1
409961,"[1, 1, 1, 1, 2, 1, 1, 2, 1, 1, 1, 1, 1, 1, 2, 1, 2]",1
906635,"[1, 1, 2, 1, 1, 2]",1
271400,"[1, 1]",1
714910,"[1, 2]",1
290768,"[1, 1, 2, 1, 1, 2, 1, 2, 2, 1, 1, 1, 1, 2, 1, 2, 1, 2, 1, 2, 2, 1, 1, 2, 1, 1, 1, 1, 1, 1]",1
795368,"[2, 1]",1
50970,[1],1
279277,"[2, 1, 1, 2, 1, 1, 1, 2, 1]",1
464984,[1],1
145338,"[1, 2, 1, 1, 1]",1
789989,"[1, 1, 2, 1, 1, 2, 1, 1, 2, 1, 2, 1, 1, 2, 1, 1, 2, 1, 2, 1, 2, 1]",1
572634,"[1, 1, 1, 1, 1, 1, 3, 1, 1, 2, 1, 1, 1, 2, 3, 1, 1, 1, 2, 3, 1, 1, 1, 1, 1, 1, 1, 3, 1, 1, 1, 1, 1, 1, 1, 1]",1
199021,[1],1
1038671,"[1, 1, 1, 2, 1]",1
1033689,"[1, 2, 1, 2, 1, 2]",1
556155,"[2, 1]",1
446302,"[1, 1]",1
632915,"[2, 1, 1, 1, 2, 1, 1, 1, 1, 2, 1, 1, 1, 1, 1, 2, 2, 1, 2, 1, 1, 1, 2, 1, 1, 1, 1, 2, 1, 1, 1, 1, 1, 1, 1]",1
902753,"[1, 2, 2, 1]",1
413280,"[1, 2, 2, 1, 1, 2, 1, 1]",1
896532,[1],1
714620,"[1, 1, 1, 1, 2, 1, 1, 2, 1, 2]",1
636441,"[1, 2]",1
386124,"[1, 1, 1, 1, 2, 1, 1, 1, 2, 1, 1, 2, 1]",1
15362,[1],1
735259,"[1, 2]",1
52588,"[2, 1]",1
870386,"[1, 1, 1, 1, 1, 1, 1, 1, 1, 1]",1
328787,"[1, 2]",1
749868,"[2, 1, 1, 1, 1, 1, 1, 1, 1, 1, 2, 1, 2, 1, 2, 1, 2, 1, 2, 1, 2, 1, 2, 1, 1, 1, 1, 1, 2, 1]",1
282842,"[1, 1, 1, 1, 2, 1, 1, 1, 1, 2, 1, 3, 2, 1, 1, 1, 1]",1
383736,"[1, 2]",1
403472,[1],1
208743,[1],1
613533,"[1, 1, 2, 1, 1]",1
548008,"[1, 1, 1, 1, 2, 1, 1, 2, 1, 1, 1, 2, 1, 2, 1, 1, 1, 1, 1, 1, 2, 1, 1, 2, 1, 1, 2, 1, 1, 1, 1]",1
386616,[1],1
577444,"[1, 1, 1, 2, 1, 1, 1, 2, 1, 1, 2, 1, 2, 1, 2]",1
474191,"[1, 1, 2, 1, 1, 2, 2, 1, 1, 1, 1, 1, 2, 1, 2, 2, 1, 2, 1, 1, 1, 1, 1, 1, 2, 2, 1, 1, 2, 1, 1, 2, 1, 1, 1, 1, 2, 2, 1, 1, 2, 1, 1]",1
33050,"[1, 1, 1, 2, 1, 2, 1, 2, 1, 1, 1, 2, 3, 2, 1, 1, 1, 1, 1, 1, 1, 2, 3, 1, 1]",0
756325,"[1, 1, 1, 1, 1, 1, 1, 1, 2, 1]",1
665104,"[1, 1, 1]",1
75591,"[2, 1, 1, 1, 1, 1]",1
727503,"[1, 2, 2, 1]",1
1030113,"[1, 2]",1
632719,"[2, 1]",1
50745,"[1, 2, 1]",1
887129,"[1, 2]",1
71924,"[1, 1, 1, 1]",1
193223,"[1, 2, 1, 2, 1, 1]",1
617734,"[1, 2]",1
18722,"[2, 1]",1
146648,"[1, 1, 1, 1, 1, 2, 1, 2, 1, 1, 1, 2, 1, 1, 1, 2, 1, 2, 1, 1, 1, 2, 1, 1, 1, 2, 1, 2, 1, 1, 2, 1, 1, 1, 2, 1, 1, 2, 1, 2, 1, 1, 2, 1, 1, 2, 1, 1]",1
132473,"[2, 1]",1
212687,"[1, 2]",1
207584,"[1, 1, 1, 1, 1]",1
744637,"[2, 1]",1
45770,[1],1
91942,"[2, 1, 1, 1, 1, 2, 1, 2, 1, 2, 1, 1, 2, 2, 1, 1, 2, 1, 2, 2, 1, 2, 1, 1, 2]",1
407950,[1],1
6773,[1],1
967585,"[1, 1]",1
46067,"[1, 2, 1, 2, 1, 2, 2, 1]",1
547251,"[1, 1, 1, 1, 1, 1, 1, 1, 1, 1, 2, 3, 1, 2, 1, 2, 1, 2, 2, 1, 1, 2, 1, 2, 1, 1, 1, 2, 1, 1, 1, 2, 3, 3, 1, 2, 1, 1, 1, 2, 1, 1, 2, 1, 1, 1, 1, 1, 2, 1, 1, 2, 1, 1, 2, 1, 1, 1, 2, 1, 1, 2, 1, 1]",1
58234,"[1, 1, 1, 1, 2, 1, 1, 1, 1, 2, 1, 1, 1, 1, 1, 1]",1
635145,"[1, 1, 1, 1]",1
252287,"[1, 2]",1
857889,"[2, 1]",1
1025898,"[1, 1, 1, 1, 2]",1
579240,"[1, 1, 1, 1, 1, 1, 1, 1, 1, 1, 1, 1, 2, 1, 2, 2, 1, 1, 1, 1, 1, 1, 1, 1]",1
1012322,"[1, 2, 2, 1]",1
976148,"[2, 1, 1, 2, 1, 2]",1
947796,"[1, 1, 1]",1
413077,"[1, 1, 1, 1, 1, 1, 1, 1, 1, 1, 1, 1, 1, 2]",1
969510,"[1, 2]",1
171482,[1],1
80304,"[2, 1]",1
204439,"[1, 1, 1, 1]",1
517330,"[1, 2]",1
315499,"[1, 1, 1, 1, 1, 1, 1, 1, 1, 1, 1, 1, 1, 1, 1, 1, 1, 1, 1, 2, 1, 3, 1, 1, 1]",0
443375,"[1, 1, 1]",1
577584,"[2, 1, 2, 1, 3, 1]",1
629445,"[1, 1, 2, 1]",1
1008183,"[2, 1, 1, 2]",1
423586,"[1, 1, 2, 1, 1, 1, 2, 3, 1, 1, 1, 1, 1, 1, 1, 1, 1, 1]",0
19804,"[1, 1]",1
715937,"[1, 2, 1, 2, 1]",1
749289,"[1, 2]",1
567356,"[2, 1]",1
873076,"[1, 2]",1
705309,[1],1
418432,"[1, 2]",1
985413,"[2, 1, 1, 2, 2, 1, 1, 2, 1, 2, 2, 1, 1, 2, 1, 2, 2, 1, 2, 1, 2, 1, 1, 2]",1
48551,"[1, 1, 1, 1, 1, 1, 1, 1, 1, 2, 2, 1, 1, 2, 1]",1
1022283,"[1, 2]",1
470696,"[2, 1]",1
360594,"[2, 1, 1, 2, 2, 1, 2, 1, 1, 1, 1, 1, 1, 1, 1, 1, 1, 2, 1, 1]",1
141860,"[1, 2]",1
341039,[1],1
104283,[1],1
81359,"[1, 1, 1, 2, 1, 1, 1, 1, 1]",1
142145,"[1, 2, 1, 1]",1
489764,"[2, 1]",1
204023,"[1, 1, 1, 1, 2, 2, 1, 2, 1, 3, 2, 1, 2, 1, 1, 1, 1, 2, 3, 1, 1, 2, 3, 1, 1, 1, 2, 1, 2, 1, 1, 2, 1, 2, 1, 1, 1, 1, 1, 1, 1, 2, 1, 1, 1, 2, 2, 1, 2, 1, 1, 1, 2, 1, 1, 1, 1, 1, 1, 1, 2, 3, 1, 4, 1, 1, 1, 4, 1, 4, 1, 4, 1, 1, 1, 2, 1, 1, 1, 1, 1]",1
816399,[1],1
918134,[1],1
88922,"[1, 1, 1, 1]",1
741436,[1],1
385318,[1],1
91958,"[1, 1, 1, 1, 1, 1, 2, 1, 2, 1, 2, 1, 2, 1, 1, 2, 2, 1, 2, 1, 1, 2, 2, 1, 2, 1, 2, 1, 1, 2, 1, 2, 1, 1, 2, 2, 1, 2, 1, 1, 2, 1, 1, 2, 1, 1, 2, 1, 2, 2, 1, 1, 2, 1, 1, 1, 1, 1, 2, 1, 1, 1, 1, 1, 2, 1, 2, 1, 2]",1
715591,"[1, 2, 1]",1
368253,"[1, 1, 1, 3, 4, 1, 4, 4, 4, 1, 4, 3, 4, 1, 4, 4, 4, 4, 1, 1, 1, 4, 1, 4, 4, 4, 1, 1, 1, 4, 1, 1, 4, 1, 4, 1, 4, 4, 4, 4, 4]",0
691949,"[1, 1]",1
364330,"[1, 1, 2, 2, 1]",1
678526,"[1, 1, 1, 2, 1]",1
771325,"[1, 2, 2, 1, 2, 1]",1
723406,"[1, 1, 1]",1
361848,[1],1
115574,"[1, 2, 1, 1, 2, 1, 2, 2, 1, 2, 1, 1]",1
252562,"[1, 2, 1]",1
941755,"[1, 1, 1, 2, 1]",1
858015,"[1, 2, 1, 1, 1, 2, 2, 1, 1, 2, 2, 1, 2, 1, 1, 1, 2, 1, 2, 2, 1, 2, 1, 1, 2, 2, 1, 2, 1, 1, 1, 1]",1
498162,[1],1
476433,"[2, 1]",1
599179,[1],1
600481,"[1, 1, 1, 1, 1, 2, 1, 2, 1, 1, 2]",1
931794,"[2, 1]",1
796382,"[1, 1, 2]",1
566930,"[1, 1, 1, 1, 1, 1, 1, 1, 1, 1, 1]",1
724487,[1],1
19375,"[1, 1, 1, 1, 1, 1, 1, 1, 1, 1, 1, 1, 1, 1, 1, 1, 1, 1]",1
57405,"[2, 1, 1]",1
107337,"[1, 1, 2, 1, 2, 1, 2, 1, 2, 2, 1, 2, 1, 1, 2, 1, 2, 2, 1, 1, 2, 2, 1, 1, 2, 2, 1, 2, 1, 1, 2, 1, 2]",1
648799,[1],1
332619,[1],1
813519,"[1, 1]",1
761851,"[1, 1, 1, 1, 1]",1
299745,"[1, 1, 1, 2]",1
396939,"[1, 1, 2, 1, 2, 1, 1, 1, 2, 1, 1, 2, 1, 1, 1, 2, 1, 1, 1, 2, 1, 1, 1, 2, 1, 1, 1, 2]",1
413331,"[1, 1, 1, 1]",1
507840,"[2, 1]",1
289663,"[1, 1, 1, 2, 1, 1, 1, 1, 1, 1, 1, 2, 1]",1
192382,[1],1
193148,"[1, 2]",1
836321,"[1, 2, 1]",1
686444,"[1, 1, 1, 1, 1]",1
188971,"[1, 2, 2, 1, 1, 2, 2, 1, 2, 1, 2, 1, 1, 2, 1, 2, 2, 1]",1
496005,"[1, 1, 1, 1, 1]",1
553305,"[1, 1, 1, 1, 1, 1, 1, 1, 1, 1, 1, 1, 1, 1]",1
404267,"[1, 1, 2, 1, 1, 2, 1, 1, 1, 2, 1]",1
272416,"[2, 1, 2, 1]",1
461845,[1],1
555018,"[1, 1, 1, 2, 1, 1, 1, 1, 1, 1]",1
230968,"[2, 1]",1
909270,"[1, 1, 1]",1
266544,[1],1
26344,"[1, 1, 2, 1, 2, 1, 2]",1
842079,"[1, 1, 1, 1, 1, 1, 1]",1
422499,"[1, 1, 1, 1, 1, 1]",1
589565,"[1, 1, 1]",1
615556,"[1, 2]",1
778285,"[1, 1, 1]",1
950846,"[1, 2]",1
664360,"[2, 1, 1, 2]",1
1003131,"[1, 1, 2, 1, 1]",1
192098,[1],1
314495,"[1, 1, 1, 1, 1, 1, 2, 1, 2, 1, 1, 1, 1, 2, 2, 1, 1, 2, 1, 2, 2, 1, 2, 1, 1, 2, 1, 2, 1, 2, 1, 1, 1, 2, 1, 1, 1, 1, 2, 1, 2, 1, 2, 1, 1, 2, 1, 2, 1, 1, 1, 1, 2, 2, 1, 1, 2, 1, 2, 1, 2, 1, 1, 1, 1, 2, 1, 2, 2, 1, 2, 1, 2, 1, 2, 1, 2, 1, 2, 1, 2, 1, 1, 2, 2, 1, 1]",1
216361,"[1, 2]",1
153615,"[1, 1, 2, 1, 1, 1, 1, 2, 1, 2, 1, 1]",1
359957,"[2, 1, 1, 2, 1, 2, 2, 1, 1, 2]",1
719052,"[1, 2]",1
472197,"[1, 1, 1, 1, 1, 2]",1
780405,"[1, 1, 2]",1
255153,[1],1
532852,"[1, 2]",1
666223,"[1, 2, 1, 2, 1, 2, 1, 2]",1
254618,"[1, 2, 1, 1, 2, 1, 1, 2, 1, 2, 1, 2, 2, 1, 1, 2, 2, 1, 1, 2, 2, 1, 1, 2, 1, 2, 1, 2, 1, 1, 1, 1, 2]",1
143058,"[1, 2]",1
537012,"[2, 1, 1, 2, 1, 1, 1, 2, 1, 1, 1, 1, 1, 2, 1, 1]",1
978055,"[2, 1]",1
352232,"[2, 1]",1
847092,"[2, 1]",1
71530,"[2, 1, 1, 2, 1, 2, 1, 1, 2, 1, 1, 1, 2, 1, 1, 2]",1
504933,[1],1
895008,[1],1
495044,"[1, 2, 1]",1
140402,"[2, 1]",1
547684,"[1, 2, 2, 1, 2, 1, 2, 1]",1
958273,"[1, 1, 1, 1, 1, 2, 1, 2, 1, 1, 2]",1
808228,"[1, 2, 1]",1
212332,"[1, 1, 1, 1, 1, 1]",1
620314,"[1, 1, 1, 1, 1, 3, 1, 2, 1, 1, 1]",0
1001555,"[1, 1, 2, 1]",1
214700,"[2, 1]",1
800802,"[1, 1, 1, 1, 1, 1, 1, 1, 1]",1
527300,"[1, 1, 1, 2, 1, 1, 2, 1]",1
50676,[1],1
922906,"[1, 2, 2, 1]",1
62121,"[1, 1, 1]",1
125611,"[1, 2]",1
926186,[1],1
953663,"[2, 1, 1, 2, 1]",1
457208,"[2, 1]",1
739295,"[1, 1, 1, 1, 2, 2, 1, 1, 2, 3, 4, 1]",1
470813,"[1, 1, 1, 1, 1, 1, 2, 1, 1, 2, 1, 2, 1, 1, 2, 1, 1, 2, 1, 1, 1, 1, 1, 3, 1, 1, 1, 1, 1, 1, 1, 1, 1, 2, 1, 1, 1]",0
681550,"[1, 1, 1, 1, 1, 1, 1, 1, 1, 1, 1, 1, 1, 1, 1, 1, 1, 2, 1, 2, 1, 1, 2, 2, 1, 2, 1, 2, 1, 2, 1]",1
834584,"[1, 1, 1, 1, 1, 1]",1
566866,[1],1
571116,"[2, 1]",1
798787,"[1, 1, 1, 1, 1, 2, 1, 1, 2, 1, 2, 1, 1, 1, 1]",1
170857,"[2, 1]",1
70748,"[1, 1, 1, 1, 1, 1, 1]",1
311148,"[1, 1, 1, 1, 1, 1, 1, 1, 1, 1, 2, 1, 1, 1, 1, 1, 2, 1, 1, 2, 1, 2, 1, 1, 2, 1, 2, 1, 2, 2, 1, 1, 1, 1, 1, 2, 1, 1, 2, 1, 2, 1, 2, 1, 2, 1, 1, 1, 1, 1, 1, 1, 1, 1, 1, 1, 1, 2, 1, 1, 2, 1, 2, 1, 1, 2, 2, 1, 2, 1, 1, 2, 2, 1]",1
91144,"[1, 2, 1, 2, 1, 1]",1
890000,"[1, 1, 2, 1, 2]",1
295775,"[1, 1, 1, 2, 1, 1, 2, 1, 1, 2, 1, 1, 1, 1]",1
792526,"[1, 1, 1, 1, 1, 2, 1]",1
177102,"[1, 1, 2, 1, 1, 1, 1, 1, 1, 1, 2, 1, 2, 1, 2, 1, 2, 1]",1
449999,[1],1
364545,"[1, 2, 1, 2, 1, 1, 2, 1, 1, 2, 1, 1, 1, 2, 1, 2, 1, 1, 1, 2]",1
326521,"[1, 1]",1
238836,"[1, 2]",1
985346,"[1, 2, 1, 1, 1, 2, 1]",1
820426,"[1, 2, 1, 2, 2, 1, 1, 1, 1, 2, 1, 1, 2, 1, 2]",1
197270,"[1, 1, 1, 1]",1
759649,"[2, 1]",1
137845,"[1, 2, 2, 1, 1]",1
837868,[1],1
841817,"[2, 1]",1
581020,"[2, 1, 2, 1, 1, 2, 1, 1, 2, 1, 1, 1, 2]",1
473202,"[1, 1, 1, 1, 1, 2, 1, 1]",1
238185,"[1, 1, 1, 1, 1, 1, 1, 1, 1, 1, 2, 1]",1
438113,"[1, 2]",1
593288,"[1, 2]",1
939364,"[1, 2, 1, 1, 1, 2, 1]",1
382194,"[1, 1]",1
182012,"[1, 1, 1]",1
336407,"[2, 1, 2, 1, 1, 2, 1, 1, 1, 2, 1, 1, 2]",1
674948,"[2, 1, 2, 1, 2, 1]",1
536352,[1],1
449673,[1],1
202240,"[1, 1, 1, 1, 1, 2, 1, 1, 2, 1, 1]",1
1009836,[1],1
430191,"[1, 2]",1
852027,"[1, 1]",1
810448,"[1, 1, 1, 1, 1, 2, 1, 2, 1, 1, 1, 1, 1, 1, 1, 2, 1, 1]",1
513655,"[1, 1, 1, 2, 1, 2, 1, 1, 2, 1, 1, 2, 1, 1, 1, 2, 1, 1, 2, 1]",1
265112,"[2, 1, 2, 1, 1, 2, 1, 2, 2, 1, 1]",1
244000,"[1, 1, 2, 1, 2, 1, 1, 2, 2, 1, 1, 2, 1, 2, 1, 1, 2, 1, 2, 1, 1, 2, 1, 1, 2, 1, 1, 1, 1]",1
166490,"[2, 1, 1, 1, 1, 2, 2, 1]",1
810251,"[1, 2, 2, 1, 2, 1, 2, 1, 1, 2, 2, 1]",1
896281,[1],1
874484,"[1, 1, 1, 1]",1
403765,"[1, 1, 1, 1, 1, 2, 1, 1, 1, 2, 1, 1, 2, 1, 1, 2, 1, 1, 2, 1, 1, 2, 1, 1, 1, 1, 1, 1, 1]",1
786523,"[1, 1, 1, 1, 1, 1, 1, 1, 1, 1, 1, 1]",1
600872,"[1, 2, 1, 3, 2, 1, 1, 1, 1, 1, 1, 1, 1, 2, 1, 1]",1
262508,"[1, 1, 1, 1, 1, 2, 3, 1, 1, 1, 1, 1, 1, 1]",0
58964,"[1, 2]",1
996857,"[1, 1, 1, 1, 1, 1, 1, 2, 1, 2, 1, 1, 1, 1, 1, 1, 1, 2]",1
439921,"[1, 1, 1, 1, 1, 1, 1, 1, 1, 2, 1, 3, 1, 1, 1, 1, 2, 1, 2, 1, 1, 2, 1, 2, 1, 1]",1
950815,"[1, 1, 1, 1, 1, 1, 2, 1]",1
797031,"[2, 1, 1, 2, 1, 2]",1
268412,"[1, 1, 1, 1, 1, 1, 1, 1]",1
990714,"[1, 2, 2, 1, 1, 2, 2, 1]",1
340883,"[2, 1]",1
57572,"[2, 1]",1
261254,[1],1
362574,"[1, 2]",1
339911,"[1, 1, 2, 1]",1
817862,"[1, 1, 2, 1]",1
630274,"[2, 1, 1, 2, 1, 2, 2, 1]",1
96084,"[1, 2]",1
391360,"[2, 1]",1
800180,"[2, 1, 1, 2]",1
673476,"[1, 1, 1, 1, 1, 2, 2, 1, 1, 1, 1, 2, 1, 1, 1, 1, 1, 2, 2, 1, 2, 1, 2, 1]",1
1035800,"[1, 1, 1]",1
690923,"[1, 1, 1, 2, 1, 1, 1, 1]",1
441232,[1],1
52027,[1],1
965330,[1],1
81792,[1],1
161208,"[2, 1]",1
110495,"[1, 1, 1, 1, 1, 1, 1, 1, 1, 1, 1, 2, 1, 1, 1, 1]",1
1006431,"[1, 2, 1, 2, 1, 1, 2, 1, 2, 2, 1]",1
616062,[1],1
180060,"[1, 1, 2, 2, 1, 1, 2, 2, 1, 2, 1, 1, 2, 1, 2, 1, 2, 1, 1]",1
712354,"[1, 1, 2, 2, 1, 3, 1, 2, 3, 1, 1]",1
91646,"[1, 2, 1, 2]",1
903242,"[1, 2, 2, 1, 1, 1, 1, 1, 1, 1]",1
547670,"[1, 2, 2, 1, 2, 1, 1, 2, 1, 2, 1, 1, 2, 1, 2, 1, 2, 2, 1, 2, 1, 2, 1, 1, 2, 2, 1, 1, 2, 1, 2]",1
655000,"[2, 1]",1
376310,"[2, 1]",1
655274,"[1, 1]",1
858070,"[1, 2, 3, 1, 1]",1
197706,"[1, 2, 1, 1, 1, 2, 1, 2, 1, 1, 2, 1, 3, 1, 2, 1, 1, 4, 1, 1, 2]",1
766739,[1],1
501081,"[1, 2, 3, 1, 2, 1]",1
967331,"[1, 2]",1
481150,"[1, 2, 2, 1, 1, 2, 2, 1, 2, 1]",1
327046,"[1, 1, 1, 1]",1
312479,"[1, 1, 1, 2, 1, 1]",1
245113,"[1, 1, 1]",1
759917,"[2, 1, 1, 2]",1
151449,"[1, 2, 1, 2]",1
600436,"[1, 1, 2, 1, 1, 2, 2, 1, 2, 1, 2, 1, 1, 2, 1, 2]",1
815940,"[1, 2]",1
841203,"[2, 1]",1
463226,"[1, 2, 1, 2, 2, 1]",1
139906,"[2, 1]",1
238927,"[2, 1]",1
377247,[1],1
278339,[1],1
502735,[1],1
347834,"[1, 2, 1, 2, 2, 1]",1
759688,"[1, 2, 1, 2]",1
515537,[1],1
96482,"[1, 2]",1
248331,"[1, 1, 1, 1]",1
925922,"[2, 1, 2, 1]",1
426941,"[1, 2]",1
95576,"[1, 2, 1, 3, 1, 1, 1, 2, 1, 1, 2, 2, 1, 2, 1, 2, 1, 2, 1, 2, 1, 1, 1, 2, 1, 2, 1, 1, 2, 1, 1, 1, 1, 1, 2, 1, 1, 1, 1, 1, 1, 1, 1, 1, 1, 1, 1, 1, 1, 1, 2, 1]",1
196470,[1],1
1006913,"[1, 1, 1, 2, 1, 3, 1, 1, 2, 1, 2, 1, 1, 2, 1, 1, 1, 2, 4, 1, 1, 1, 1, 2, 1, 2, 1, 1, 1, 1, 1, 2, 1, 2, 1, 1, 2, 1]",1
68852,"[2, 1]",1
632752,"[1, 2]",1
557556,"[1, 1, 2]",1
514756,"[2, 1]",1
54866,"[1, 2, 1, 2]",1
470803,"[1, 1, 1, 1, 1, 1, 2, 1, 1, 2, 1, 1, 1, 1, 1, 2]",1
514464,[1],1
665461,"[1, 2]",1
672996,[1],1
382937,"[1, 1, 1, 1, 2, 1]",1
1012549,"[1, 2]",1
351680,"[2, 1]",1
41472,"[1, 1, 2]",1
885310,"[2, 1]",1
514419,[1],1
371214,[1],1
360551,[1],1
4350,"[2, 1, 1, 2, 1, 2]",1
906505,"[1, 2, 1, 2, 2, 1, 2, 1]",1
435902,"[1, 1, 1, 2, 1, 1, 2, 1, 1, 1, 1, 1, 2, 2, 1, 2, 1, 1, 2, 1, 1, 1, 1, 2, 1, 1, 1, 1, 2, 1, 1, 2, 1, 1, 2, 2, 1, 2, 1, 2, 1, 1, 2, 1, 2, 2, 1, 1, 2, 1, 2, 1, 1, 2, 1, 2, 1, 1, 2, 2, 1, 1, 2, 1, 2]",1
744768,[1],1
268270,"[1, 1, 1, 1, 1, 2, 1, 1, 1, 1, 1, 1, 1, 1]",1
793593,"[2, 1, 1, 2, 3, 1, 1, 1, 1]",0
851173,"[2, 1, 1, 2]",1
425277,"[2, 1, 1, 2, 2, 1, 2, 1]",1
526276,"[1, 2, 3, 1, 2, 2, 1, 2, 1, 2, 1]",1
730288,"[1, 1, 1, 1, 1, 1, 2, 1, 2]",1
678790,"[2, 1]",1
54132,"[2, 1]",1
771676,"[1, 1, 1, 1, 1, 2, 2, 1, 1, 2, 2, 1, 2, 1, 2, 1, 2, 1, 3, 1, 1, 2, 1, 1, 2, 1, 1, 1]",1
821204,"[1, 2]",1
168993,"[1, 2]",1
565682,"[1, 2, 1, 2, 1, 1, 1, 1, 1, 2, 1, 2, 1, 1, 2, 1, 2, 1, 1, 1, 2, 1, 1, 1, 2, 1, 1]",1
632626,[1],1
787643,"[1, 2]",1
134269,"[2, 1]",1
84226,"[2, 1, 1, 1, 1, 2, 1, 2, 1, 1]",1
32544,"[1, 1, 2, 1]",1
808269,[1],1
558075,"[2, 1]",1
400417,[1],1
258392,"[1, 2]",1
301145,[1],1
139511,"[2, 1, 3, 4, 1, 2, 1, 1, 1, 2, 1, 2, 1, 1, 1, 1, 1, 2, 1, 2, 1, 1, 2, 1, 1, 1]",1
142429,"[2, 1, 3]",1
518301,"[1, 2, 2, 1]",1
797429,"[1, 2]",1
706542,[1],1
14083,"[2, 1, 1, 2, 1, 2, 3, 1, 2, 3, 1]",1
176888,"[1, 1, 1, 1, 1, 1, 1, 1, 1, 1, 1, 2, 1]",1
390331,"[2, 1, 1, 1, 2, 1, 1, 2, 1, 1, 1, 2, 1, 1, 2, 1, 1, 1, 2]",1
958973,"[1, 2, 1, 1, 1, 2]",1
168179,"[1, 1, 1, 1, 1, 1, 1, 2, 1, 1, 2, 1, 1, 1, 1, 1, 1, 2, 1, 2]",1
31950,[1],1
1008115,"[1, 2, 1, 2, 1, 2, 2, 1, 1, 2, 1, 2, 1, 2]",1
499284,"[2, 1]",1
80223,[1],1
705628,"[1, 1, 1]",1
675599,"[1, 2]",1
977752,[1],1
279571,"[1, 1, 2, 2, 1, 1, 2, 2, 1, 2, 1, 1, 2, 2, 1, 2, 1, 2, 1, 1, 1, 1, 2, 2, 1, 1, 2, 1, 1, 1, 1, 1, 2, 1, 2, 2, 1, 1, 2, 2, 1, 2, 1, 1, 1, 1, 1]",1
836209,"[1, 2]",1
917725,"[1, 2]",1
387674,"[1, 1, 1, 2, 1, 2, 1, 1, 2, 1, 1, 1]",1
241503,"[1, 2, 2, 1]",1
759721,"[1, 1, 1]",1
61909,"[1, 2, 1, 2, 1, 2, 1, 2, 1, 2, 2, 1, 2, 1, 2, 1, 2, 1]",1
163697,"[2, 1]",1
603672,"[1, 1, 1, 1, 1, 1]",1
683514,[1],1
384036,"[1, 2]",1
191092,"[1, 1, 1, 1, 1, 1, 2, 1, 2, 1]",1
99750,"[1, 1, 1, 1, 1, 1, 1]",1
324018,"[1, 2, 1, 2]",1
297353,"[2, 1, 3, 1, 1, 2, 1, 1, 2, 2, 1, 1, 2, 2, 1, 1, 2]",1
668249,"[1, 2]",1
24468,"[1, 2]",1
544071,"[1, 1, 1, 2, 1, 1, 1, 1, 2, 1, 1, 2, 1]",1
227553,"[1, 1, 1, 1, 1, 1, 2, 1, 1, 1, 2, 1, 1, 2, 1, 1, 1, 1, 1, 1, 1, 1, 1, 1, 1, 1, 1, 1, 1, 1, 1, 1, 1, 2, 1, 1, 1, 1, 1, 1, 1, 1, 1, 1, 1, 1, 1, 1, 1, 1, 1, 1, 1, 1, 1, 1, 1, 1, 1, 1, 1, 1, 1, 1, 1, 1, 1, 2, 1, 2, 1, 1, 2, 1]",1
910127,"[2, 1]",1
524983,"[2, 1, 1, 2, 2, 1]",1
664497,"[2, 1]",1
425338,"[1, 1, 1, 1, 2]",1
62822,"[1, 2]",1
478135,"[1, 2]",1
626991,"[2, 1, 2, 1, 2, 1, 1, 2, 1, 2, 2, 1, 1, 2, 1, 2]",1
987092,"[1, 2, 2, 1, 1, 2, 3, 2, 1, 2, 1, 2, 1]",1
488351,[1],1
870724,[1],1
61220,"[1, 2, 2, 1, 1, 2, 2, 1, 1, 1, 1, 2, 1, 1, 2]",1
1041107,[1],1
944928,"[1, 1, 1, 2, 1, 2, 1, 1, 2, 1, 1, 1, 2, 1, 1, 2, 2, 1, 1, 2, 2, 1]",1
385084,"[2, 1]",1
253813,[1],1
929384,"[1, 1, 2, 1, 2, 1, 1, 2, 1, 2, 1, 1, 1, 1, 2, 1, 2, 1, 1, 1, 2, 1, 2, 1, 2, 1, 1, 2, 1, 2, 2, 1, 1, 2, 1, 2, 1, 2, 1, 1, 2, 1, 1, 2, 2, 1, 3, 1, 1, 2, 1]",1
954095,"[1, 1, 1, 1, 1, 2, 1, 1]",1
409753,"[1, 1, 1, 1, 1, 1, 1, 1, 1, 1, 1, 1, 1, 1]",1
267211,[1],1
340697,"[2, 1]",1
51721,"[1, 1, 1]",1
273470,"[1, 2]",1
820010,"[1, 1, 1, 1]",1
155060,"[2, 1]",1
1001058,"[1, 2]",1
629744,[1],1
181642,"[1, 2, 1, 1, 1, 1, 1, 1]",1
248419,"[1, 1, 1, 1, 1]",1
935134,"[2, 1]",1
429709,"[1, 2, 1, 2]",1
20274,[1],1
529226,[1],1
209667,"[1, 1, 1, 2, 1, 1, 1, 1, 1, 2, 1, 1, 1, 2, 1, 1, 1]",1
18603,"[1, 1, 1, 1, 1, 2, 3, 1, 1, 2, 1, 2, 1, 1, 1, 1, 2, 2, 1, 1, 2, 3, 1, 2, 1, 2, 1, 2, 1, 1, 2, 1, 2, 1, 1, 2, 1, 3, 2, 1, 1, 2, 1, 2, 1, 2, 3, 1, 1, 1]",0
231553,"[2, 1, 1, 2, 2, 1]",1
37351,"[1, 1, 1, 2, 1, 2, 2, 1, 1, 1]",1
633731,"[2, 1]",1
501315,"[2, 1]",1
899790,"[1, 1, 1, 1, 1, 2, 1, 1, 2, 1, 2, 2, 1, 1, 2, 1, 1, 2, 1, 2, 1, 2, 1, 2, 2, 1, 2, 1, 2, 1, 1, 1, 1, 1, 2, 1, 1, 1, 1, 1, 1, 1, 1, 2, 1, 1, 2, 1, 2, 2, 1, 1, 2, 1, 2, 2, 1, 2, 1, 1, 2, 1, 2, 2, 1, 2, 1, 1, 2, 1, 2, 1, 2, 1, 2, 2, 1, 2, 1, 2, 1, 1, 2, 2, 1, 1, 1, 1, 1, 1, 2, 1, 1, 1]",1
796314,"[1, 2, 2, 1, 1, 2, 2, 1, 2, 1, 1, 2, 2, 1, 2, 1]",1
438037,"[2, 1]",1
335300,"[2, 1, 1, 2, 2, 1]",1
609821,"[2, 1]",1
845054,"[2, 1, 1, 2, 1, 1, 1, 1, 1, 1, 1, 2, 1, 1]",1
184378,"[1, 1, 1, 1, 1, 1, 2, 1, 1, 1]",1
296417,"[1, 2, 1, 1, 1, 1, 1, 1, 1]",1
46968,"[1, 2, 2, 1]",1
426389,[1],1
440780,[1],1
574316,"[1, 1, 1, 1]",1
227635,[1],1
82565,"[1, 1, 1]",1
948333,"[1, 1, 1, 2, 1]",1
461826,"[1, 1, 1, 1, 1]",1
691264,"[1, 2, 2, 1, 1, 2]",1
500578,"[1, 2]",1
7023,"[1, 2, 2, 1, 1, 2]",1
968210,"[1, 2]",1
1036136,[1],1
338999,"[2, 1]",1
810803,"[2, 1]",1
118242,"[1, 1]",1
272259,[1],1
1000960,"[2, 1]",1
899951,"[1, 1, 1, 1]",1
600711,"[1, 2]",1
662486,"[1, 2]",1
97723,"[1, 1, 1, 1, 1, 2]",1
168139,"[1, 1, 1, 1, 1]",1
127056,"[1, 1, 1, 1, 1, 1, 1, 1, 1, 1]",1
588596,"[1, 1, 1, 2]",1
628337,"[2, 1, 2, 1, 1, 2, 1, 2, 2, 1]",1
272255,"[2, 1]",1
505321,"[2, 1, 2, 1, 1, 2]",1
274779,"[1, 2, 1, 1, 2, 2, 1, 1]",1
617225,"[1, 1, 1, 1, 1, 1, 2, 1, 2, 1, 1, 1]",1
177797,"[1, 1, 2, 1, 1, 2, 1, 1, 1, 1]",1
276816,"[2, 1]",1
376303,"[1, 2, 2, 1, 2, 1, 2, 1, 1, 2]",1
581344,"[1, 1]",1
183033,[1],1
466293,[1],1
697582,"[1, 1, 1, 1, 1, 1, 1, 1, 1, 1, 1, 1, 1, 1, 1, 1, 1, 1, 1, 1, 1, 2, 2, 1]",1
985768,"[2, 1, 1]",1
514478,"[1, 1, 1]",1
92183,"[1, 1, 1, 2, 1, 2, 1, 1, 1, 1, 1, 1, 1, 1, 2, 1, 2, 1, 1, 2, 1, 2, 1, 1, 1, 2, 1, 2, 1, 2, 1, 1, 1, 1, 1, 1, 2, 1, 1, 2, 1, 1, 1, 1, 1, 1, 1]",1
486986,"[1, 1]",1
445030,"[2, 1]",1
993820,"[1, 1]",1
919371,"[1, 1, 2, 1]",1
796641,[1],1
1042614,[1],1
358362,"[2, 1]",1
485051,[1],1
474360,"[2, 1, 1, 2, 2, 1, 1, 2, 1, 2, 2, 1, 1, 1, 1, 1, 1, 1, 2, 1, 1, 1]",1
108208,"[1, 1, 1, 1, 1, 1, 1, 2, 1, 2, 1, 1]",1
412581,"[1, 1]",1
730748,"[1, 1]",1
264650,[1],1
465600,"[2, 1]",1
79821,"[1, 2]",1
1024232,"[1, 2]",1
872959,"[1, 1, 2, 1, 1, 2, 1, 2, 1, 1, 2, 2, 1, 1, 1, 2, 1, 2, 2, 1]",1
753324,"[1, 2]",1
577145,"[1, 1, 3, 1, 1, 1, 1, 1, 1, 1, 2, 2, 1, 2, 1, 2, 1, 1, 1, 1, 1, 1, 1, 1, 1, 1, 1, 1]",0
969244,"[1, 1, 1, 1]",1
745322,[1],1
380212,"[2, 1]",1
412185,"[1, 2, 2, 1, 2, 1, 2, 1, 1, 1, 2, 1, 1, 2]",1
705810,"[2, 1]",1
293969,"[1, 2, 1, 2, 2, 1, 2, 1, 1, 2]",1
527426,[1],1
754421,"[1, 1, 1, 1, 2, 1, 2, 1, 1, 2, 1, 2, 2, 1, 1, 2]",1
628314,"[1, 1, 1]",1
45746,"[2, 1]",1
383701,[1],1
88927,"[1, 1, 2, 1, 2, 1, 2, 1, 1, 2, 1, 2, 1, 2, 1, 1, 1, 2, 1, 1, 1, 2, 1]",1
554208,"[1, 1, 1, 1, 1, 1, 1, 1]",1
848397,"[1, 2, 1, 1, 2, 1, 1, 1, 2, 2, 1]",1
835545,"[1, 2]",1
790379,[1],1
720970,"[1, 2, 2, 1]",1
948835,[1],1
3083,"[1, 2]",1
712557,"[1, 1, 1, 2, 2, 1, 2, 1, 1, 1, 1]",1
572154,"[1, 2]",1
894124,"[2, 1]",1
617004,"[1, 2]",1
428927,[1],1
391836,"[1, 1, 1, 1, 1, 1, 1, 1, 1, 1, 1, 1, 1, 1, 1]",1
657890,"[1, 2]",1
196121,"[2, 1]",1
298385,[1],1
632283,"[1, 1, 1, 1, 1]",1
53848,"[1, 1, 1, 1, 1, 1]",1
1005835,"[1, 2]",1
939834,"[2, 1, 1, 2]",1
686602,"[1, 1]",1
13338,"[1, 1, 1, 1, 1]",1
940961,"[2, 1]",1
535729,[1],1
458440,"[1, 2]",1
237816,"[1, 2, 1, 2, 1, 1, 1, 1, 1, 1, 1, 1, 1, 2, 1]",1
805826,[1],1
841526,"[1, 2, 1, 2, 1, 1]",1
424543,"[2, 1]",1
962221,[1],1
585079,"[1, 2]",1
628545,"[2, 1, 1, 1, 1, 2, 1, 2]",1
335757,"[1, 2, 1, 2, 2, 1, 2, 1]",1
790735,"[2, 1]",1
71362,"[2, 1]",1
736416,"[1, 1, 1, 1, 1]",1
242496,"[2, 1, 2, 1, 1, 2, 3, 4, 1, 4, 1]",1
859996,"[1, 1]",1
470658,[1],1
10029,"[2, 1]",1
201614,"[1, 2]",1
153055,"[1, 2]",1
597374,"[1, 1, 1, 1]",1
304094,"[1, 1, 1, 1, 2, 1, 1, 2, 1, 1, 1, 1, 1, 1, 1, 2, 1, 1]",1
942758,"[1, 1, 1, 2, 1, 1, 1, 1, 1, 1, 1, 1, 1, 1, 1, 1]",1
664137,"[1, 1, 1, 1, 1, 1, 1]",1
913011,"[1, 1]",1
762299,"[1, 1, 1, 2, 1, 2, 1]",1
217939,"[1, 1, 1, 1, 2, 1, 1, 1, 2]",1
1018887,"[1, 1, 1]",1
460823,"[1, 2, 2, 1]",1
482977,"[1, 2]",1
1022506,[1],1
710386,"[1, 1, 1, 1, 2, 2, 1]",1
294106,"[1, 1, 2, 1, 1, 2, 1, 1, 1, 1]",1
177408,[1],1
225152,"[1, 1, 1, 1, 1, 1, 1, 1, 1, 1, 1, 2, 1, 1, 1, 1, 1, 1, 1, 1, 1, 1, 1, 1]",1
616093,"[1, 2, 1, 2, 1]",1
74341,[1],1
1032610,"[1, 2, 1, 2, 1, 1, 1, 2]",1
749424,[1],1
899829,"[1, 2]",1
273131,"[1, 2]",1
110061,"[2, 1]",1
101048,"[1, 1, 1, 2]",1
637190,"[1, 2, 1, 2, 1, 1, 2, 1, 1, 2, 1, 2]",1
895243,[1],1
477111,"[1, 2]",1
548691,"[1, 1, 1, 2, 2, 1, 2, 1, 1, 2]",1
862631,[1],1
861676,"[2, 1]",1
622373,"[1, 1, 2]",1
356934,"[2, 1]",1
570003,"[1, 1, 1, 1, 1, 1, 1, 1, 1, 2, 1, 1, 2, 3]",1
681183,[1],1
795712,"[1, 1, 1]",1
288473,"[1, 2, 1, 2]",1
175299,"[1, 1, 1, 2, 1, 1, 1, 2, 1, 1, 2, 1]",1
177492,"[1, 1, 1]",1
870735,"[1, 1, 2, 1, 1, 2, 1]",1
105735,"[2, 1, 1, 2, 2, 1]",1
346501,"[1, 2]",1
336047,[1],1
383068,[1],1
900568,"[1, 1, 1, 1]",1
272251,"[2, 1, 1, 2, 1]",1
210682,[1],1
592823,[1],1
588193,"[2, 1]",1
727266,[1],1
644903,"[2, 1]",1
454862,"[1, 1, 1, 1, 1, 1, 1, 2, 1, 1, 2, 3, 1, 1, 2, 2, 1]",1
373397,[1],1
375328,"[1, 1]",1
316694,"[1, 1, 1, 1, 1, 1, 2, 1, 1, 2, 1, 2, 2, 1, 1, 2, 1, 2, 1, 2, 1, 2, 2, 1, 1, 1, 2, 1, 1, 2, 1, 1, 1, 1, 1, 1, 2, 1, 1]",1
407890,[1],1
383639,"[2, 1, 2, 1, 2, 1, 1, 2]",1
322957,"[2, 1, 1, 2, 2, 1, 2, 1, 1, 2, 1, 2, 1, 1, 2, 1, 1, 1, 1, 1, 1, 1, 1, 2, 1, 1, 2, 1, 2, 1, 1, 1, 1, 2, 1, 1, 2, 1, 1]",1
463813,"[1, 1, 1]",1
818568,"[2, 1, 2, 1]",1
951129,"[2, 1]",1
838799,"[1, 2, 1, 2]",1
111701,"[1, 1, 1, 1, 2, 3, 1, 1, 1, 1, 1, 1, 2, 1, 1, 1, 1, 2, 2, 1, 2, 1, 2, 1, 2, 1, 1, 1, 2, 1, 1, 1, 1, 2, 1, 1, 1]",0
948397,[1],1
836647,"[1, 1, 1, 2, 1, 2, 1, 2]",1
880876,"[1, 2, 1, 2, 1, 1, 2, 2, 1, 1, 2, 1, 2, 1]",1
464945,"[1, 1, 2, 1, 1, 1, 1, 2, 2, 1, 1, 2, 2, 1, 1, 2, 1, 1, 1, 1]",1
119933,"[2, 1]",1
281779,"[1, 1, 1, 2, 2, 1, 2, 1, 1, 2, 1, 1, 1, 2, 2, 1, 2, 1, 1, 1, 2, 1, 1, 1, 1, 1, 1, 1, 1, 2, 2, 1, 1, 2]",1
443727,"[1, 2]",1
488543,[1],1
113274,"[1, 2]",1
413530,"[1, 2, 1, 1, 1, 1, 1, 2, 1, 2, 1, 2, 1, 2, 1, 1, 1, 1, 2, 1, 1, 2, 1, 2, 1, 2, 1, 1, 1]",1
902428,[1],1
521779,"[1, 1, 1, 1, 1, 1, 1, 1, 1]",1
42702,"[1, 2, 2, 1, 1, 2]",1
892357,"[2, 1]",1
170141,"[1, 1, 2, 1, 1, 2, 1, 1, 1]",1
405002,"[1, 2]",1
974805,"[2, 1]",1
352068,"[1, 2]",1
369375,[1],1
292727,[1],1
257787,"[1, 1, 1, 1, 2, 1, 2, 1, 1, 1, 2, 1, 1, 2, 1, 2, 1, 1, 2, 1, 1, 1, 1, 1, 1, 1, 1, 2, 1, 1]",1
811832,[1],1
941884,"[1, 2, 1, 1, 2, 1, 2]",1
869109,"[1, 1, 1, 1, 1, 2, 1, 1, 1, 1, 1, 2, 1, 1, 1, 2, 1, 1, 1, 1]",1
930733,"[1, 2, 2, 1, 2, 1, 1, 2]",1
30011,"[1, 1, 1, 2, 1]",1
701119,[1],1
982402,"[2, 1]",1
272460,[1],1
690737,[1],1
550428,"[1, 1]",1
58366,"[2, 1, 2, 1, 1, 2]",1
875787,"[1, 2, 2, 1, 1, 2, 1, 2, 2, 1, 1, 2, 1, 2, 1, 2, 2, 1, 2, 1]",1
729380,"[1, 2, 1]",1
990061,"[1, 2]",1
932440,"[1, 2, 2, 1]",1
969322,"[1, 1, 1, 1]",1
290870,"[1, 2]",1
540613,"[1, 1, 1, 1, 1, 2, 1]",1
979616,"[2, 1]",1
1046883,"[1, 1, 1, 2, 1, 2, 2, 1, 2, 1, 1, 1]",1
77852,"[1, 2, 1, 2, 1, 2]",1
373520,"[2, 1, 2, 1, 2, 1, 1, 1, 1, 1, 1, 1, 2, 1]",1
384391,"[1, 2]",1
466850,"[1, 2, 2, 1, 1, 2, 1, 1, 1, 1, 1, 1, 1, 2, 1, 1]",1
631061,"[1, 1, 1]",1
913451,"[1, 1, 1, 1, 1, 1, 1, 2, 1, 2, 1, 1, 1, 2, 1, 1, 1, 1, 1, 1, 1, 1, 1, 1, 1, 1]",1
707224,"[1, 1, 1, 1, 1, 2, 1, 2, 1, 2, 1, 1, 2, 2, 1, 1, 2, 2, 1, 2, 1, 2, 1, 2, 1, 1, 2, 1]",1
434951,[1],1
937060,[1],1
923880,[1],1
262832,"[1, 1, 1, 1, 1, 1, 1, 1, 1, 2, 2, 1, 1, 2]",1
32349,"[2, 1, 2, 1, 1, 2, 1, 2, 1, 2]",1
720893,"[1, 2, 2, 1]",1
931335,"[2, 1]",1
992222,[1],1
101170,"[2, 1, 2, 1, 1, 2, 2, 1, 2, 1, 1, 2, 2, 1, 1, 2, 1, 2, 2, 1, 1, 2, 2, 1, 2, 1, 1, 2, 1, 2, 1, 2, 2, 1, 2, 1, 2, 1, 1, 2]",1
497543,[1],1
662530,"[1, 2, 1, 2, 2, 1, 1, 2]",1
764936,[1],1
934189,[1],1
56672,"[2, 1, 2, 1]",1
436420,"[1, 2, 2, 1, 1, 2, 2, 1, 1, 2, 1, 2, 2, 1, 1, 2, 2, 1, 1, 2, 1, 2]",1
739551,"[1, 1, 1, 2, 1, 1, 1, 2, 1]",1
287159,"[1, 2, 1, 1, 2, 1, 2, 1, 1, 1, 2, 2, 1, 1, 2, 2, 1, 1, 2, 2, 1]",1
484239,[1],1
662750,[1],1
306607,[1],1
243684,"[1, 1, 1, 1, 1, 1]",1
825049,"[1, 2, 1, 2]",1
498991,"[1, 1, 1]",1
714584,"[1, 1, 2, 1]",1
264020,"[1, 1, 2, 2, 1, 1, 2, 2, 1, 1, 2, 3]",1
176117,[1],1
65756,"[2, 1]",1
811664,"[1, 2, 1, 2]",1
818321,"[1, 1, 2, 1]",1
538104,"[1, 1, 1, 1, 1, 2, 2, 1, 1, 2, 1, 1, 2, 2, 1, 2, 1, 1, 1, 1, 1, 2, 1, 1, 2, 2, 1, 2, 1, 1, 1, 1, 1, 1, 1, 1, 1, 2, 1, 1, 2, 1, 1, 1, 2, 2, 1, 2, 1, 1, 1, 1, 1, 1, 1, 1, 1, 1, 1, 1, 1, 1, 1, 1, 1, 1, 1, 1, 1, 2, 1, 1, 1, 1, 1]",1
840690,[1],1
952120,[1],1
605979,"[1, 2, 1, 2, 2, 1, 1, 2, 1, 2, 2, 1]",1
459903,"[1, 2]",1
548004,"[2, 1]",1
319184,"[2, 1]",1
151883,"[2, 1, 1, 2, 1, 2, 2, 1]",1
783219,"[1, 1, 1]",1
826389,"[1, 1, 2, 1, 2, 1, 1]",1
1011580,"[1, 2, 2, 1, 1, 2, 2, 1]",1
92615,"[1, 2]",1
254305,"[1, 1, 1, 1]",1
44026,"[1, 2, 2, 1, 1, 2]",1
854899,[1],1
58490,[1],1
571929,"[1, 2]",1
182164,"[2, 1, 1, 2]",1
844914,[1],1
37462,"[1, 2]",1
969824,"[1, 2]",1
312398,"[1, 2, 1]",1
245448,"[1, 2, 2, 1]",1
963532,"[2, 1]",1
368577,"[1, 1, 2, 3, 1, 1, 1]",0
819112,"[1, 1, 1, 1, 1, 1, 1, 1]",1
579571,"[1, 1, 1, 1, 1]",1
316699,"[1, 2]",1
862442,"[2, 1]",1
193584,"[1, 1, 1, 1, 1]",1
781673,[1],1
285599,"[2, 1]",1
1032194,[1],1
134175,"[2, 1, 1, 1, 2, 2, 1]",1
929323,"[1, 1, 1, 1, 1, 1, 1, 1, 1, 1]",1
618633,"[2, 1, 1]",1
381492,"[2, 1]",1
357141,"[2, 1]",1
625245,"[1, 1, 1, 1, 1, 1, 1, 1, 2, 1, 1, 2, 1, 1, 2]",1
335830,"[1, 1, 2, 1, 1, 2, 1, 1, 1, 1, 2, 1, 2, 1, 3, 2, 1, 1, 2, 1, 2, 1, 2, 1, 2, 1, 2, 1, 1, 1, 1, 1, 2, 1, 2, 1, 1, 1, 2, 1, 1]",1
41519,"[2, 1, 2, 1]",1
471312,"[2, 1]",1
985896,"[1, 2]",1
157739,"[1, 1, 1]",1
251916,"[1, 2, 1, 2, 2, 1, 1, 1, 1, 2, 1]",1
415204,[1],1
236818,"[1, 1, 2, 1, 1, 1, 1, 2, 1, 1, 1, 2, 1, 1, 2, 1, 1, 1, 1]",1
734768,"[1, 1]",1
45193,"[1, 1, 2, 1, 2, 1, 2, 1, 1, 1, 2, 1, 2, 1, 1, 2, 2, 1, 1, 1, 2, 1, 1, 2, 1, 1, 1, 2, 1]",1
110266,[1],1
9859,[1],1
210713,"[1, 1]",1
673593,"[1, 1, 2, 1]",1
373814,"[1, 2]",1
433308,"[1, 1, 1, 1, 2, 1, 1, 2, 1, 2, 3, 2, 1, 3, 1, 4, 1, 1, 1]",0
420417,"[1, 2]",1
231669,[1],1
458578,"[2, 1]",1
621994,"[2, 1]",1
98641,"[2, 1]",1
754859,"[1, 2, 1, 2]",1
289191,"[1, 1]",1
700517,"[1, 1]",1
605266,"[1, 1, 1, 1, 2, 1]",1
447222,"[1, 1, 1, 1, 1, 1, 1, 1, 1, 1, 1]",1
884811,"[1, 2]",1
99548,"[1, 1, 1]",1
132097,"[1, 2]",1
375520,[1],1
319213,"[1, 2]",1
924433,"[2, 1, 1, 1, 2, 2, 1, 1]",1
788104,"[1, 1]",1
555989,"[1, 2]",1
327248,[1],1
955199,[1],1
707453,"[2, 1]",1
927544,"[1, 1, 1, 1, 1, 1, 2, 1, 1, 1, 2, 1, 2, 1, 1]",1
579784,"[1, 2]",1
755140,"[1, 1, 1]",1
401517,"[1, 2]",1
222918,"[1, 2]",1
826962,[1],1
692887,[1],1
791732,"[2, 1]",1
963621,"[1, 1, 2, 1]",1
796782,"[1, 2]",1
933213,[1],1
71868,"[1, 2, 1, 2, 2, 1, 2, 1, 1, 2, 1, 1, 1, 1]",1
222715,"[1, 1, 1, 1, 1, 1, 1]",1
38054,[1],1
628655,"[1, 1, 1, 1, 1, 1, 1, 1, 1, 2, 1]",1
108286,[1],1
834440,"[1, 2]",1
345788,"[2, 1]",1
14968,"[1, 1, 2, 1, 1]",1
812579,"[1, 2, 1, 1, 1, 1, 1, 1, 1, 1, 1, 1]",1
441596,"[1, 1, 2, 2, 1]",1
145365,[1],1
246481,"[1, 2]",1
579117,"[1, 1, 1]",1
331590,"[1, 1, 1, 1, 1]",1
480072,"[1, 1, 1, 1, 1, 1, 1, 1, 1]",1
568535,"[1, 1, 1]",1
359581,"[1, 2]",1
209371,"[2, 1]",1
510017,"[2, 1]",1
299776,[1],1
726788,"[1, 2]",1
228640,"[1, 2]",1
682505,"[1, 1, 1, 1, 2, 1, 1, 1, 1, 1]",1
729913,"[2, 1, 2, 1, 2, 1, 2, 1, 2, 1, 1, 2, 2, 1, 1, 2, 1, 2, 1, 2, 2, 1, 2, 1, 2, 1, 2, 1, 2, 1, 2, 1, 2, 1, 2, 1, 2, 1, 2, 1, 2, 1, 2, 1, 2, 1, 2, 1, 2, 1, 1, 2, 2, 1, 1, 2, 1, 2, 2, 1, 2, 1, 2, 1, 2, 1, 2, 1, 1, 2, 2, 1]",1
96059,"[1, 2, 1]",1
890343,"[2, 1, 2, 1]",1
166642,"[1, 2]",1
566907,"[2, 1]",1
1005296,"[2, 1, 1, 1, 1, 1]",1
473874,"[1, 1, 1, 1, 1, 1, 2, 1]",1
475937,"[1, 2, 2, 1, 1, 2]",1
759803,"[1, 1, 1, 2, 1, 1, 2, 1]",1
835605,"[1, 1, 1, 1, 1, 2]",1
5492,[1],1
823658,"[1, 2]",1
93079,"[1, 1]",1
904650,"[1, 1, 1, 1, 1, 2, 1]",1
637027,"[1, 1]",1
107486,"[1, 1, 1, 1]",1
911962,[1],1
436305,[1],1
304633,"[1, 2, 2, 1, 1, 2]",1
608170,"[1, 1]",1
250913,[1],1
1014373,[1],1
836608,"[1, 1, 1, 2]",1
94678,"[1, 2, 1, 2]",1
965092,"[2, 1]",1
113867,"[2, 1, 1, 2, 2, 1, 2, 1, 3, 1, 1, 1, 1, 1, 1, 1, 1, 1, 1, 1, 1, 1, 1, 1, 1, 1, 1, 3, 1, 1]",0
980019,"[1, 1]",1
980487,"[1, 2, 1, 1, 2]",1
789789,"[1, 1, 1]",1
345766,[1],1
901247,"[1, 2]",1
217252,"[1, 2, 1, 1, 1, 1, 2]",1
555996,"[1, 2]",1
329652,"[2, 1]",1
189439,[1],1
39631,"[2, 1, 2, 1]",1
210368,"[1, 2, 2, 1, 2, 1, 1, 2, 1, 2, 1, 2]",1
485142,[1],1
289215,"[1, 2]",1
585187,"[1, 1, 1, 1, 1, 1]",1
740797,"[1, 2, 1]",1
830175,[1],1
717927,"[2, 1, 1, 2, 2, 1]",1
943780,"[1, 1, 1, 1, 1, 2, 1, 1, 1, 1, 1, 1, 1]",1
719183,"[2, 1]",1
550388,"[1, 1, 1, 2, 1, 2]",1
348729,"[1, 1, 1, 1, 1, 1, 1, 1, 1]",1
412832,"[1, 1, 1, 1]",1
608625,"[1, 1, 2, 1, 3, 1, 2, 1, 2, 2, 1, 1, 1, 1, 2]",1
370447,"[1, 2, 2, 1, 1, 1, 1, 2, 1, 1, 2, 1, 1, 1, 1, 2, 1, 2, 1, 2, 1, 1, 1, 1, 1, 1, 2]",1
465707,"[1, 1, 1, 2, 1, 2, 1, 1, 2, 1, 2, 1, 1]",1
237898,[1],1
974375,"[1, 1, 1, 1, 1]",1
360922,"[1, 2, 1, 1, 1, 1, 1, 2, 1, 1, 1, 1]",1
521226,[1],1
772970,"[2, 1]",1
397886,[1],1
620668,"[2, 1]",1
789519,"[1, 2]",1
158118,[1],1
905126,[1],1
250062,"[1, 2, 1, 1, 2, 1, 1, 1, 1, 2, 1, 1, 1, 1, 1, 2, 1, 1, 1, 1, 1, 2, 2, 1, 1, 2, 1, 2, 1, 2, 1, 1, 2, 1, 1, 2, 2, 1, 1, 2, 1, 1, 1, 2, 1, 2, 1, 2, 1, 2, 1, 1, 2, 1, 1, 1, 2, 1]",1
771956,"[1, 1, 1, 1, 2, 1, 3, 4, 4, 1, 1, 1, 1, 1, 1, 1]",1
444015,"[2, 1]",1
195999,"[2, 1, 2, 1, 2, 1, 2, 1, 2, 1, 1, 2, 1, 2, 2, 1]",1
138691,"[1, 1, 1, 1, 2, 1, 1, 1, 1, 1, 1, 1, 1, 1, 1, 1, 1, 1, 1, 1, 1, 1, 1, 1, 1, 1, 1, 1, 1, 1]",1
304068,"[2, 1, 1, 2, 1, 2, 1, 2, 2, 1, 2, 1, 2, 1, 1, 2, 3, 1, 1, 1, 1, 1, 1, 1, 1, 1, 1, 1, 1, 1, 1, 1, 1, 1, 1, 1, 1, 1, 1, 1, 1, 1, 1]",1
335221,"[1, 2, 1]",1
51615,"[1, 2, 1, 1, 1, 1]",1
732742,"[1, 1, 1]",1
940306,[1],1
614963,"[1, 2]",1
133068,"[1, 1]",1
194431,"[2, 1]",1
647637,"[2, 1, 1, 2, 1, 2, 2, 1, 1, 2, 1, 2]",1
509510,"[2, 1, 2, 1]",1
915155,"[1, 2]",1
967601,"[2, 1]",1
574170,[1],1
574528,"[1, 1, 1, 1, 1, 1, 2, 2, 1, 1, 2, 1, 1, 2, 1, 1, 2, 1, 1, 2, 1, 1, 2, 1, 2, 1, 1, 2, 1, 1, 2, 1, 1, 1, 1, 1, 1]",1
638032,"[1, 2, 2, 1, 2, 1]",1
882260,"[1, 2]",1
81454,"[1, 1, 1]",1
883239,[1],1
272971,"[1, 1, 2, 1, 1, 1, 2]",1
257364,[1],1
251427,[1],1
606422,"[1, 2, 1, 2, 1]",1
995433,"[1, 1, 1, 2, 1]",1
912370,"[1, 2, 1, 1, 1, 1, 2, 2, 1]",1
442455,"[1, 1]",1
247746,"[2, 1]",1
332676,"[1, 2]",1
355981,"[1, 1, 2, 1, 1, 1, 1, 2, 1, 2, 1, 1, 1, 1, 1, 2, 1]",1
6082,"[1, 1, 2, 1, 1, 2, 1, 2, 1, 2, 1, 2, 2, 1, 1, 2, 1, 2, 1, 1, 1, 1, 1, 2, 1, 1, 1, 2, 1, 2, 2, 1, 2, 1, 1, 2, 2, 1, 2, 1, 2, 1, 2, 1]",1
259525,"[2, 1]",1
973561,"[1, 1, 2, 1, 2, 2, 1, 1, 1, 1, 1, 1]",1
413029,[1],1
245121,[1],1
904812,"[1, 2]",1
693353,[1],1
691080,"[1, 1, 1, 2, 1, 1, 1]",1
586540,"[2, 1]",1
704189,[1],1
137729,"[1, 2]",1
405631,"[2, 1]",1
741786,"[1, 1, 1, 1, 1, 1, 1, 2, 1, 1, 2, 1, 2, 1, 2, 1, 2, 1, 2, 1, 2, 2, 1, 1, 2, 2, 1, 1, 2, 2, 1, 2, 1, 2, 1, 1, 1, 2, 1, 2, 1, 2, 1, 2]",1
445088,[1],1
980845,[1],1
686034,[1],1
951486,"[1, 1, 1, 1, 1, 1, 1]",1
429261,[1],1
611406,[1],1
1002116,"[1, 2]",1
962776,"[1, 1, 1, 1, 1, 2, 1, 2, 1, 1, 1, 1, 2, 1, 2, 1, 1, 2, 2, 1, 3, 1, 2, 1, 2, 1, 2, 1, 1, 1, 1, 2, 1, 2, 1, 1]",1
617901,"[1, 1, 1]",1
265923,"[1, 2, 1, 2]",1
421695,"[2, 1]",1
39335,"[1, 2]",1
1025421,"[1, 1, 1, 1]",1
522335,[1],1
347937,"[1, 1, 1, 2]",1
41247,[1],1
709796,[1],1
1045442,"[2, 1, 1, 1, 1, 2, 3, 1, 1]",1
15232,"[1, 2, 1, 1, 1, 1, 2, 1, 1, 2, 1]",1
836766,"[1, 2, 2, 1, 1, 2, 1, 2, 2, 1]",1
403538,"[1, 1, 2, 1, 1, 1, 2, 1]",1
502878,"[1, 2]",1
552857,"[1, 1, 2, 1, 1, 1, 1]",1
951024,"[1, 2]",1
477003,"[1, 1, 1, 1]",1
802827,[1],1
420600,"[1, 1, 1, 2, 2, 1, 1, 2, 1, 2, 1, 2, 1, 2, 1, 2, 1, 1, 1, 1, 1, 1, 2, 1, 1, 2, 1, 1, 2, 1, 1, 2, 1, 1, 2, 1, 1, 1, 2, 1, 1, 1, 2, 1, 1, 1, 1, 2, 1, 1, 2, 1, 2, 1, 1, 1, 1]",1
553862,"[1, 1, 1, 1]",1
384836,"[1, 1, 1, 1, 1, 1, 2, 1, 1, 1, 1, 1, 1, 1, 1, 2]",1
872133,"[1, 1]",1
639610,[1],1
563231,[1],1
334180,"[2, 1]",1
873943,"[1, 2, 2, 1, 2, 1, 2, 1, 1, 2, 1, 2, 2, 1, 1, 2, 2, 1]",1
154065,"[1, 1, 1, 1, 1, 2, 1, 1]",1
594835,"[1, 1, 1, 2, 1, 1, 2, 1, 1, 1, 1, 1, 2]",1
179094,"[1, 1, 1, 1, 3, 1, 1, 1, 1]",0
324562,[1],1
601829,"[2, 1]",1
522139,"[1, 2]",1
29428,"[1, 2]",1
859422,"[1, 1, 1]",1
295558,"[2, 1, 2, 1, 1, 2]",1
713294,"[1, 2, 1]",1
464197,"[1, 1]",1
171273,"[1, 2]",1
856978,"[1, 2, 1, 2, 1]",1
852469,"[1, 2, 2, 1]",1
684643,"[2, 1, 1, 2, 2, 1, 1, 2, 2, 1, 2, 1, 2, 1]",1
878625,"[1, 1, 1, 1, 1, 1, 2, 1, 1, 1, 1, 1, 1, 1, 1, 2, 1, 1, 1, 2, 1, 1, 1, 1, 1]",1
285266,"[1, 1, 1, 1, 1, 2, 1, 1, 2, 1, 3, 1, 2, 1, 1, 2, 2, 1, 4, 3, 2, 1, 2, 1, 4, 1, 4, 4, 4, 1, 4, 4, 4, 1, 4, 4, 4, 4, 1, 1, 4, 1, 4, 1, 4, 4, 1, 4, 4, 4, 4, 4, 4, 1, 1, 1, 4, 1, 4, 1, 4, 4, 4, 4, 4, 4]",0
447457,"[1, 1, 1, 1, 1, 1, 2, 1, 2, 1, 1, 2, 1, 1, 1, 1, 2, 1, 1, 1, 1, 2, 1, 1, 2, 1, 1, 2, 1, 1, 2, 1, 1, 1, 2, 1, 1, 1, 1, 1, 1]",1
571803,"[1, 1, 1, 1]",1
873397,"[1, 1, 1, 1, 1, 2, 1, 1, 1, 1, 1, 1, 2, 1]",1
577901,"[1, 1, 1, 1, 1, 1]",1
891403,"[2, 1]",1
1042717,"[1, 2]",1
677600,"[1, 1, 1, 1, 1, 1, 1, 1, 1, 2, 1, 1]",1
393014,"[2, 1]",1
559926,"[1, 1, 1, 1, 2, 3, 1, 2, 1, 4, 1, 2, 1, 4, 1, 1, 1, 4, 1, 1, 1, 1, 1, 1, 1, 1, 2, 4, 3, 1, 1, 1, 1, 2, 1, 2, 1, 1, 2, 1, 2, 1]",1
390716,"[1, 1, 1, 1, 1, 1, 1, 1, 1]",1
316545,"[2, 1]",1
744031,"[1, 2, 1, 1, 2, 1, 1, 2]",1
594858,"[1, 1, 1, 2, 1]",1
1034994,"[1, 2, 1, 2, 1, 1]",1
482873,[1],1
339481,[1],1
17440,[1],1
103522,"[1, 1, 2, 1, 2, 1, 1, 2, 1, 2, 1, 1, 1, 1, 1, 2, 1]",1
164265,[1],1
912470,"[1, 2, 1, 1, 1, 1, 1, 2, 1, 3, 4, 4, 1, 4, 4, 1, 4, 4, 4, 4, 4, 4, 1, 4, 4, 4, 4, 4, 4, 1, 4, 4, 4, 4, 4, 1, 4, 4, 1, 4, 4, 4, 4, 4, 4, 1, 4, 4, 1, 4, 4, 4, 4, 4, 4, 1]",1
990387,"[2, 1]",1
754649,"[1, 2, 1, 2]",1
805706,[1],1
341330,"[1, 2]",1
917056,"[2, 1]",1
732208,"[1, 1]",1
323979,"[1, 1, 1]",1
318642,"[1, 2, 1, 1, 1, 1, 2, 1, 1, 2, 1, 1, 2, 1, 3, 1, 1, 2, 2, 1, 3, 1, 4, 1, 2, 1]",1
441990,"[1, 1, 2, 1, 1, 1, 2, 1, 1, 2, 1, 1]",1
687336,[1],1
59450,"[1, 1, 1, 1, 1, 1, 1, 2, 2, 1, 1, 1, 2, 1, 1, 2, 1, 2, 1, 1, 2, 2, 1, 1]",1
496195,"[1, 1, 1, 1, 1, 1, 1, 1]",1
347524,"[2, 1]",1
138003,"[2, 1]",1
490419,"[2, 1]",1
338637,"[1, 2, 3, 2, 1, 1, 2, 1, 2, 1, 1, 2, 2, 1, 1, 2, 3, 1, 4, 1, 1, 2, 1, 2, 1, 1, 2, 1, 2, 2, 1, 2, 1, 2, 1, 3, 1, 2, 2, 1, 1, 2]",1
781838,[1],1
597432,"[1, 2, 1, 1, 1, 1, 1, 1, 2, 1, 1]",1
280536,"[1, 1, 1, 2, 1, 1, 1, 1, 2, 2, 1, 1, 1]",1
18696,[1],1
950291,"[2, 1, 1, 2]",1
687712,"[1, 1, 1]",1
971678,"[2, 1, 1, 1, 1, 2, 1, 2, 1, 2]",1
639838,"[1, 2]",1
217612,"[1, 1, 1, 1]",1
968269,"[1, 2, 1, 2]",1
429472,[1],1
1027278,"[1, 2]",1
586829,"[1, 1, 1, 1, 1, 2, 1, 1, 1, 1, 1, 2, 1, 1, 2, 1, 2, 1, 2]",1
972577,"[1, 2]",1
463534,"[2, 1]",1
541297,"[1, 2]",1
534430,"[1, 1, 1, 1]",1
203408,"[1, 2, 1, 1, 2, 1, 1]",1
835462,"[1, 1, 2, 2, 1, 1, 2, 1, 2, 1, 1, 1, 1, 2, 1, 1, 2, 1, 1, 1, 1, 1, 1, 1, 1, 1, 1, 1, 1]",1
642905,"[2, 1, 2, 1, 1, 2]",1
87093,"[1, 2]",1
785838,"[1, 1, 2, 1]",1
675,"[2, 1, 1, 1, 2, 1, 2, 1, 2, 1, 2, 1, 1, 2]",1
429676,"[2, 1]",1
1026617,"[2, 1]",1
915183,"[2, 1]",1
895812,"[1, 1, 1, 1, 2, 1, 1, 1, 1, 1, 1, 2, 1, 1, 2, 1, 2, 2, 1, 1, 1, 1, 1, 1, 1, 1]",1
734823,"[1, 1, 2, 1, 1, 2, 1, 2, 1, 1, 1]",1
936558,"[1, 1, 1, 1, 2, 1, 1, 2, 2, 1, 1, 2, 2, 1, 1, 1, 2, 1, 2, 1, 2, 1, 1, 2, 1, 2, 1, 2, 1, 1, 2, 1, 2, 1, 1, 1, 1]",1
788727,"[2, 1]",1
543923,"[1, 2]",1
528214,"[1, 1, 1, 1, 1, 1]",1
232660,[1],1
586372,"[2, 1, 2, 1, 1, 2, 1, 1, 1, 1, 1, 1, 1, 1, 2, 1, 1, 1]",1
244994,"[1, 1, 1, 2, 1]",1
381618,"[2, 1, 3, 1]",0
687592,"[1, 1, 1, 2, 1]",1
603216,"[1, 1, 1, 2, 1, 1, 2]",1
135582,"[1, 1, 1, 1, 1, 2, 1, 1, 1, 2, 1, 1, 2, 1]",1
149239,"[1, 1, 1, 1, 1, 1, 2, 1, 2, 1, 1, 1, 1, 1, 1, 1, 1, 1, 2, 1]",1
165444,[1],1
428042,"[2, 1, 2, 1, 1, 2]",1
789374,"[2, 1, 2, 1, 1, 2, 1, 2, 1, 2, 1, 2]",1
733392,"[2, 1]",1
422078,"[2, 1]",1
477367,"[1, 1, 1, 1, 1, 2, 1, 1, 2, 1, 2, 1, 2, 1, 2, 2, 1, 2, 1, 2, 1, 1, 1, 2, 2, 1, 2, 1]",1
89986,[1],1
502101,"[2, 1, 2, 1, 2, 1, 1, 2, 1, 2, 2, 1, 1, 2, 1, 2, 2, 1, 1, 2, 1]",1
794946,"[2, 1]",1
457239,[1],1
545764,"[1, 1, 1, 2, 1, 1, 1, 1]",1
402104,[1],1
772302,[1],1
320558,"[2, 1, 1, 2, 2, 1]",1
14185,"[2, 1, 1, 2]",1
273255,"[1, 2]",1
752291,"[2, 1, 1]",1
209704,"[2, 1, 1, 2]",1
957059,"[1, 2]",1
770717,"[2, 1]",1
400540,"[1, 2, 2, 1, 2, 1, 2, 1, 1, 2, 2, 1, 1, 2, 1, 1, 2, 1, 2, 2, 1, 2, 1, 2, 1, 1, 2]",1
686119,"[1, 1, 1, 2, 1, 1, 2, 2, 1, 1, 1, 1, 1, 1]",1
753289,"[1, 1, 1, 2, 1, 1, 1, 1]",1
238275,[1],1
654818,[1],1
973074,"[1, 1, 1]",1
482834,"[2, 1, 2, 1]",1
883498,"[1, 2, 1, 2, 2, 1, 1, 2, 1, 2, 2, 1]",1
983406,"[2, 1]",1
366238,"[2, 1]",1
291951,"[2, 1]",1
612758,"[1, 2, 1, 1]",1
96098,"[1, 2]",1
216893,"[1, 2]",1
374599,"[1, 1, 1]",1
171303,[1],1
602405,"[2, 1]",1
296167,"[1, 2, 2, 1, 2, 1, 1]",1
929784,"[1, 1, 1]",1
804040,"[2, 1, 2, 1, 1, 2, 1, 2, 2, 1, 1, 2, 1]",1
492852,"[1, 1, 1, 1, 1, 1, 2, 1, 1, 2]",1
996,[1],1
374195,"[2, 1]",1
180647,"[2, 1]",1
684554,"[2, 1, 2, 1, 2, 1, 1, 2, 1, 2]",1
232277,"[1, 2]",1
959071,"[2, 1, 2, 1]",1
715182,"[1, 2]",1
706411,[1],1
729140,"[2, 1, 2, 1, 1, 2, 1, 2, 2, 1, 1, 2, 2, 1, 1, 2]",1
272635,"[2, 1]",1
327813,"[1, 2, 1, 2, 1]",1
1016898,"[2, 1]",1
107297,"[1, 1, 1, 1, 1, 2, 1]",1
220020,"[2, 1, 1, 2]",1
632352,"[2, 1]",1
35985,"[1, 2, 2, 1]",1
187709,[1],1
65989,"[1, 1, 1]",1
403232,"[2, 1, 1, 2]",1
673406,"[2, 1]",1
411628,"[1, 2, 1, 2]",1
760212,"[1, 1, 1, 1]",1
495997,"[2, 1, 1, 2]",1
195002,"[1, 1, 1, 1, 1, 1, 1]",1
562772,[1],1
346186,"[1, 1, 2, 2, 1, 1, 2, 2, 1, 3, 1, 1, 1, 1, 1, 1]",1
1027542,[1],1
117620,"[2, 1, 1, 2, 1, 2]",1
401497,"[1, 1, 1, 1, 1, 1, 1, 2, 1]",1
88043,"[1, 2, 2, 1, 1, 2, 1, 2, 1, 1, 1, 1, 1, 1, 1, 2, 1, 1, 2, 1, 1, 1, 1, 2, 1, 2, 1, 2, 1, 2, 1, 2, 1, 2, 2, 1, 2, 1, 2, 1, 1, 1, 1, 1, 2, 1, 2, 1, 1, 2, 2, 1]",1
672220,"[2, 1]",1
891586,"[1, 1, 1]",1
895558,"[1, 2]",1
865378,"[1, 1, 2]",1
1015671,"[2, 1, 2, 1]",1
53644,"[1, 1]",1
319673,"[1, 2]",1
170819,"[1, 1, 1, 1, 2, 1, 1, 1, 1, 2, 1, 2, 1, 1, 1, 1, 1, 1, 1, 1, 1, 1, 2, 1, 1, 1, 2, 1, 1, 1, 2, 1, 1, 2, 3, 1, 1, 1, 1, 1, 1, 2, 1, 1, 2, 1, 1, 2, 1, 1, 1, 1, 1, 1, 1, 2, 3, 1, 2, 1, 3, 1, 1, 2, 1, 1, 1, 2, 1, 1, 1, 1, 1, 1, 1, 1, 1, 1, 1, 1, 1, 1, 2, 1, 1, 1, 1, 1, 1, 1, 1, 1, 1, 1, 1, 1, 1, 1, 1, 1, 1, 1, 1, 1, 1]",1
246296,"[2, 1]",1
518653,"[2, 1]",1
379198,"[1, 1, 2, 1, 1]",1
109122,[1],1
736046,"[1, 1, 1, 1, 2, 1, 1, 2, 1, 2, 2, 1, 1, 1, 2]",1
871889,"[2, 1, 2, 1, 2, 1]",1
130566,[1],1
170494,"[1, 1, 1, 1, 1]",1
452364,"[2, 1]",1
107143,"[1, 1, 1, 2, 1, 1, 2, 1, 2, 1, 1, 1, 2, 1, 2, 1]",1
42664,"[1, 2, 1, 1]",1
648138,"[1, 1, 1, 1, 1]",1
959236,"[1, 1, 2, 1, 1, 1, 2, 1, 2, 1, 1, 1, 1, 1, 1, 1, 2, 1, 2, 1, 2, 1, 1, 2, 2, 1, 2, 1, 2, 1, 2, 1, 1, 2, 1, 1, 1, 1, 1, 2, 1, 2, 1, 1, 1, 2, 1, 1, 1, 1, 2, 1, 1, 1, 1, 1, 1, 2, 1, 2, 1, 2, 1, 1, 2, 1, 2, 1, 2, 1, 1, 1, 1, 1, 1, 1, 1, 1, 1, 2, 1, 2, 3, 1, 1, 1, 2, 1]",1
703739,[1],1
50297,"[1, 2]",1
469611,"[1, 1, 1, 1, 1, 1, 1, 1, 1, 1]",1
601051,"[2, 1, 1, 1, 2, 1, 2, 1]",1
837440,"[2, 1]",1
87311,"[1, 1, 1, 1, 2, 1, 1, 4, 1, 2, 1, 2, 1, 1, 1, 2, 2, 1, 3, 1, 2, 1, 3, 1, 4, 1, 2, 1, 1, 4, 1, 4, 1, 1, 2, 1, 2, 1, 3, 1, 4, 1, 1, 2, 3, 1, 4, 1, 1, 1, 1, 1, 1, 1, 1, 1, 1, 1, 1, 1, 2, 1, 1, 2, 1, 2, 2, 1, 1, 2, 2, 1, 1, 2, 1, 2, 1, 1, 2, 1, 1, 2, 1, 1, 2, 1, 1, 2, 1, 1, 1, 2, 2, 1, 2, 1, 2, 1, 2, 1, 1, 2, 1, 1, 2, 1, 2, 2, 1, 1, 2, 2, 1, 2, 1, 1, 2, 1, 1, 1, 2, 1, 2, 1, 1, 1, 1, 1, 1, 1, 1, 1, 1, 2, 1, 1, 2, 1, 1, 2, 1, 1, 2, 1, 1, 2, 1, 2, 1, 1, 2, 1, 1, 2, 1, 1, 1, 1, 1, 1, 1, 2, 2, 1, 1, 1]",0
249790,"[1, 1, 1, 2, 1, 1, 1, 1, 2, 1, 2, 1, 1, 2, 1]",1
623687,"[2, 1, 1, 1, 2]",1
900512,[1],1
841948,[1],1
845584,"[1, 1, 1, 1, 1, 1, 1, 2, 1, 1, 1, 2, 2, 1, 2, 1, 1, 1, 2, 1, 1, 2, 1, 1, 1, 1, 2, 1, 1, 2, 1, 1, 2, 2, 1, 1, 2, 1, 1, 2, 1, 2, 1, 1, 2, 1, 2, 1, 1, 1]",1
939081,[1],1
844422,"[2, 1]",1
192730,"[1, 1, 2, 1, 1, 1, 1, 1, 2, 1, 1, 1, 2, 1, 2, 1, 2, 2, 1, 1, 2, 1, 2, 1, 2, 1, 2, 1, 1, 2, 2, 1]",1
167442,"[2, 1]",1
156762,[1],1
268894,"[1, 1, 1, 2, 2, 1, 2, 1, 2, 1, 2, 1, 2, 1, 1, 2, 1, 2, 1, 1, 2, 1, 2, 2, 1, 1, 2, 2, 1, 1, 2, 2, 1, 2, 1, 2, 1, 1]",1
848531,"[1, 2]",1
858601,"[2, 1, 1, 2, 2, 1, 1, 2, 2, 1, 1, 2, 2, 1, 2, 1, 2, 1, 1, 2, 2, 1, 1, 2, 1, 1, 1, 1, 1, 2, 1, 1, 1, 1, 2, 1, 1, 2, 1, 2, 1, 2, 1, 1, 2, 2, 1, 2, 1]",1
26466,"[1, 1]",1
71194,"[2, 1]",1
428087,"[1, 1, 2, 1, 1, 1, 1, 2, 1, 2, 1]",1
532131,"[1, 2, 1]",1
64136,[1],1
168571,[1],1
846706,"[1, 1, 1, 1, 1, 1]",1
230625,[1],1
32113,[1],1
277869,"[1, 1, 1, 1, 2, 2, 1, 1, 2, 1]",1
32326,"[1, 2]",1
1021896,"[1, 1, 1, 1, 1, 2, 1, 1, 2, 1, 1, 1, 1, 1, 1, 1, 1, 2, 1, 1, 2, 1, 2, 2, 1, 1, 2, 1, 1, 1, 2, 1, 1, 1, 2, 1, 1]",1
414619,"[2, 1, 1, 1, 2, 1, 1, 1, 2, 1]",1
488138,"[1, 2]",1
147141,"[2, 1]",1
266858,"[1, 1, 1, 2, 2, 1, 3, 3, 1, 1, 1, 4, 1, 4, 1, 4, 1, 1, 1, 1, 1, 2, 1, 2, 1, 1, 2, 3, 3, 1, 1, 1, 2, 1, 1, 1, 2, 1, 2, 1, 2, 1, 2, 1, 1, 1, 1, 2, 1, 2, 1, 1, 2, 1, 2, 1, 1, 1, 1, 1, 1, 2, 1, 1, 1, 2]",1
596075,"[1, 1, 1, 1, 1, 1, 1, 1, 1, 1, 1, 1]",1
139844,"[2, 1, 1, 1, 1, 1]",1
683898,"[1, 2, 1, 2]",1
742119,"[2, 1, 1, 2, 1, 2, 1, 2, 2, 1]",1
760707,"[2, 1, 3, 3, 1, 1, 1, 1, 1, 1, 2]",1
7406,"[2, 1, 1, 2, 1, 3, 1, 1, 1, 1, 1, 1, 1, 2, 1]",1
285052,"[2, 1]",1
655289,"[2, 1]",1
117538,"[1, 1, 1, 1, 1, 1, 2, 1, 1, 1, 1, 1, 1, 2, 1]",1
130082,"[1, 1, 2, 1, 2, 2, 1, 2, 1]",1
860111,"[1, 1, 1, 1, 1, 1, 1, 1, 2, 1, 1, 2, 1, 1, 1, 2, 1, 2, 1, 1, 1, 2]",1
221626,"[2, 1, 2, 1, 1, 2, 1]",1
867919,"[1, 1, 1, 1, 1, 1, 2]",1
358403,[1],1
354310,"[1, 2, 2, 1]",1
888226,"[1, 1, 1, 1, 1, 1, 1, 1]",1
467575,"[2, 1, 2, 1, 1, 1, 1, 1, 1, 1, 1]",1
130339,"[1, 2]",1
823633,"[1, 2, 2, 1]",1
441214,"[2, 1, 2, 1, 2, 1, 1, 2, 1, 2, 1, 2, 2, 1, 2, 1, 1, 2, 1, 1, 1, 1, 1, 2, 1, 2, 1, 1, 2, 2, 1]",1
268615,"[1, 1]",1
695475,"[1, 1]",1
179398,[1],1
401724,"[1, 1, 1, 1, 2, 1, 3, 1, 1, 1, 1]",1
304376,"[1, 2, 1, 2, 1, 2, 1, 1, 1, 1, 2, 1, 1, 2, 1, 1, 2, 2, 1, 1, 2, 1]",1
855416,"[1, 1]",1
117207,[1],1
138527,[1],1
838121,"[2, 1, 1]",1
985239,"[1, 2, 1, 1, 2, 2, 1, 1, 2, 1, 2, 2, 1, 2, 1, 1, 2, 1, 2, 1, 2, 1, 2, 1, 1, 2, 1, 2, 2, 1, 2, 1, 2, 1, 1, 2, 2, 1, 1, 2, 2, 1, 2, 1, 1, 1, 2, 2, 1, 1, 2, 1, 2]",1
81879,"[1, 2, 1]",1
188681,"[2, 1]",1
643367,"[2, 1, 1, 2, 2, 1, 1, 2, 1, 2]",1
212193,"[1, 1, 1, 2, 1, 1, 2]",1
469782,"[1, 1]",1
176861,"[1, 1, 2, 2, 1]",1
72856,"[1, 1, 1, 1, 1, 2, 1]",1
961001,[1],1
329578,"[1, 1]",1
744267,"[1, 2]",1
406104,"[1, 1, 1, 1, 2, 1, 1, 2, 3, 1, 1, 1]",1
47518,"[1, 1, 1, 1]",1
815441,"[1, 2]",1
474270,"[1, 2]",1
108877,"[1, 1, 1]",1
236057,"[1, 1, 2, 2, 1, 1, 2, 2, 1, 1, 1, 1, 1, 1, 2, 2, 1, 2, 1]",1
179272,"[1, 1, 1, 1]",1
114970,"[1, 1, 1, 1, 1, 1, 1, 2, 2, 1, 2, 1, 1, 2]",1
331858,"[1, 2, 2, 1, 2, 1]",1
772221,"[2, 1]",1
420360,"[2, 1, 2, 1]",1
756599,"[1, 1, 1, 1, 1, 1, 2, 1]",1
279041,"[1, 1]",1
21732,"[1, 1, 1, 1, 2, 2, 1]",1
281847,"[1, 1, 1, 1, 2, 1, 1, 2, 2, 1]",1
582701,"[1, 2]",1
973060,"[1, 2]",1
194294,"[1, 2, 1, 1, 2, 1, 1, 1]",1
1014187,"[1, 1, 1, 2, 1]",1
785670,[1],1
422659,"[1, 1, 1, 1, 2]",1
1003597,"[1, 1, 2]",1
258121,"[1, 2, 1, 2, 2, 1, 2, 1]",1
961555,[1],1
210596,"[1, 2]",1
675884,"[1, 1, 2, 1, 1, 2, 1]",1
950187,"[1, 2]",1
302374,"[1, 1, 1, 1, 2, 1, 2, 1, 1]",1
263165,"[1, 2]",1
165789,"[1, 2]",1
252667,"[1, 1, 1, 1, 1]",1
45815,"[2, 1, 1, 2]",1
1015351,[1],1
893591,[1],1
809081,"[1, 2]",1
407680,[1],1
470703,"[1, 1, 1, 1, 1, 1]",1
214931,"[1, 2]",1
119845,"[1, 2]",1
182890,[1],1
725864,"[1, 1]",1
882936,"[2, 1]",1
831322,"[2, 1, 3, 1, 1, 1]",1
20278,"[1, 1, 1, 1, 3, 1, 1]",0
192478,"[1, 1]",1
563059,[1],1
533128,"[1, 2]",1
517635,"[1, 2]",1
942935,"[1, 1, 1]",1
481438,"[1, 1, 1, 1, 2, 1, 1, 2, 1, 1, 1, 2, 1, 1, 2, 1, 2, 1, 1, 1, 1, 1, 2, 1, 1, 1, 2, 1]",1
537203,[1],1
381353,"[1, 1, 1, 2, 1, 1, 1, 1, 2, 1, 1, 2, 1, 1, 1]",1
530001,[1],1
864055,"[1, 2]",1
672892,"[1, 1, 1, 1, 1]",1
497109,[1],1
213020,"[1, 2]",1
704042,"[1, 1, 1, 2, 1, 2, 1, 1, 1, 2, 1, 1, 2, 1, 1, 1, 2, 1, 1, 2, 1, 1, 2, 1, 1, 1, 1, 2, 1, 1, 2, 1, 1]",1
33767,"[2, 1, 1, 2, 1, 2]",1
262417,[1],1
1044786,[1],1
892297,"[1, 1, 2, 2, 1, 2, 1]",1
64099,"[2, 1]",1
846463,"[2, 1, 1, 1, 2, 1, 1]",1
684109,"[2, 1, 1, 2, 1, 2]",1
52924,[1],1
626022,"[1, 2, 2, 1]",1
289341,"[1, 1, 1, 1, 1, 1]",1
556761,[1],1
276951,"[1, 1, 1, 2, 1, 2, 1]",1
2756,[1],1
619153,[1],1
941475,[1],1
343063,"[1, 1, 1, 1, 1, 1, 1, 1]",1
670253,"[2, 1]",1
271596,"[1, 2]",1
147842,"[1, 1, 1, 1, 1, 1, 1, 1, 1, 1, 1, 1, 1, 1, 1, 1, 1, 1, 1, 2, 1, 2, 1]",1
865852,"[1, 1, 1, 1, 1, 1, 1, 2, 1, 1, 2, 1, 2, 1, 2, 1, 1, 2, 1, 2, 1, 1, 2, 1, 3, 2, 1, 3, 1, 3, 1]",1
152116,[1],1
807828,"[1, 2]",1
725121,[1],1
599928,"[1, 1, 1, 1, 1, 2, 1, 1, 1, 2, 1]",1
897529,"[1, 2, 1, 2, 2, 1, 2, 1, 2, 1]",1
845026,"[1, 1, 2, 1, 2, 1, 1, 2]",1
145366,[1],1
990966,"[1, 2, 2, 1]",1
118851,"[2, 1]",1
777439,"[1, 1, 1, 2, 1, 2, 1]",1
678927,"[1, 1, 1, 1]",1
897551,"[1, 1, 2, 1, 1, 1, 2, 1, 1, 2, 2, 1, 1, 1, 2, 2, 1, 1, 1, 1, 2, 1, 2, 1, 2, 1, 1, 2, 1, 2, 1]",1
239373,"[2, 1]",1
40519,"[1, 1, 1, 1, 1, 1, 2]",1
801041,"[1, 1, 1, 1, 1, 1, 1, 2, 1, 1, 1, 2, 1, 1, 1, 1, 1]",1
769301,[1],1
195490,"[1, 2]",1
135324,"[1, 2]",1
295865,"[1, 2]",1
668691,"[2, 1, 2, 1]",1
442589,"[2, 1]",1
649132,[1],1
489319,"[1, 2]",1
757780,"[1, 1, 1, 2, 1, 2, 1, 1, 1]",1
783104,"[1, 1, 2, 1, 2, 1, 1, 1, 2, 2, 1, 1, 2, 1, 2, 1]",1
665649,[1],1
791849,[1],1
400440,"[2, 1, 1, 1, 1, 2, 2, 1]",1
364032,"[1, 1, 1, 1]",1
646715,"[1, 1, 1, 1, 1, 1, 1, 1, 1, 1, 1, 1, 1, 1, 1, 1, 1, 2, 3, 1, 1, 1, 1, 1, 1, 1, 1, 1, 2, 1, 2, 1, 1, 1, 1, 2, 1, 3, 1, 1, 1, 1, 1, 1, 1, 1, 1, 1, 1, 1, 1, 1, 1, 1, 1, 1, 1, 1, 1, 1, 1, 1, 1, 1, 1, 1, 1, 1, 1, 1, 1, 1, 1, 1, 1, 1, 1, 1, 1, 1, 1, 1, 2, 1]",1
368408,"[1, 1, 2, 1, 1, 2]",1
800708,"[1, 2, 1, 1, 2, 1, 1, 1, 1, 2]",1
733842,[1],1
268666,"[1, 1]",1
675521,"[2, 1]",1
272351,"[1, 2]",1
312647,[1],1
224854,"[1, 2, 2, 1, 2, 1, 1, 2]",1
826165,"[1, 1, 1]",1
955668,"[2, 1, 2, 1]",1
547393,[1],1
257207,"[1, 2]",1
820906,"[1, 1, 1, 2, 1, 1, 1, 2, 1, 2, 1, 1, 2, 1, 1, 1, 1]",0
698422,"[1, 2, 1, 2, 1, 1, 2, 1]",1
484446,[1],1
680143,"[1, 1, 1, 1]",1
895419,[1],1
116211,"[2, 1]",1
321773,"[2, 1]",1
265525,"[1, 2, 2, 1, 1, 1, 2]",1
750483,[1],1
764132,"[1, 2, 1, 1, 1, 1]",1
232818,"[1, 1, 2, 2, 1, 1, 1]",1
763350,"[1, 1, 1, 1, 1, 1, 2, 1, 1, 2, 1, 2, 2, 1, 1, 2, 3, 1, 2, 1, 2, 2, 1, 1, 2, 1, 2, 1, 3, 1, 1, 1, 1, 1, 1, 1, 1]",0
956801,"[1, 2, 1, 2]",1
775677,"[1, 1, 1, 1, 1, 2, 1]",1
727247,[1],1
398821,"[1, 2, 1, 1, 2, 1, 2, 1, 1, 2, 1, 2, 1]",1
899369,"[1, 2, 1, 2, 2, 1]",1
511270,"[1, 1, 1, 1, 1, 1, 2, 1, 1, 2, 1, 1, 2, 1]",1
592597,"[2, 1]",1
877222,"[1, 1, 1, 1, 1, 2, 1, 1, 1, 1, 1, 1, 1, 2, 1, 1, 1, 1, 1, 1, 1, 1, 2]",1
983471,"[1, 1, 2]",1
333384,"[2, 1, 1, 2, 2, 1]",1
1023184,"[2, 1]",1
699205,"[2, 1]",1
482852,"[1, 2]",1
499964,"[1, 1, 1, 1]",1
856855,[1],1
565483,"[1, 1, 1, 1, 1, 2, 1, 1, 1, 1]",1
1018359,"[1, 1, 1, 1, 1]",1
203582,"[1, 1, 1, 1, 1]",1
800798,"[1, 2, 1, 2]",1
510900,"[1, 1, 1, 1, 1, 2, 1, 1, 1, 1, 1, 2, 1, 1, 1, 1, 1, 1, 1, 1, 1]",1
166607,"[1, 1, 1, 2, 1, 1]",1
927836,"[2, 1]",1
669609,[1],1
718951,"[1, 2]",1
427940,"[2, 1]",1
505901,"[1, 2]",1
763835,[1],1
127845,"[1, 1, 1, 1, 1, 1, 1]",1
794567,"[1, 1, 1]",1
457454,"[1, 2, 2, 1, 2, 1, 2, 1, 2, 1, 2, 1, 1, 2]",1
56497,"[1, 1, 1, 1, 1, 1, 1, 1, 2, 1, 1, 1, 1, 2, 1, 1, 2, 1, 2, 1, 1, 1]",1
915655,"[2, 1]",1
502617,[1],1
291120,"[1, 1, 2, 1, 1, 1]",1
158450,"[1, 1, 1, 1]",1
837757,"[1, 2]",1
876197,"[1, 1, 1, 2, 1, 1]",1
279669,"[1, 1, 1, 1, 2, 1]",1
34471,"[1, 2, 1, 2, 2, 1]",1
544069,"[2, 1]",1
881395,"[1, 2, 1, 1, 1, 1, 2, 1, 1, 1, 1, 1, 1, 1, 1, 1, 1, 1, 1, 1, 2, 1, 1, 1, 1, 2, 1, 1, 1, 1, 2, 2, 1, 2, 1]",1
575270,[1],1
739592,[1],1
653511,"[1, 1, 1, 1]",1
615337,"[2, 1]",1
622043,"[2, 1, 1, 1, 2, 1, 2, 1, 1, 1, 1, 1, 1, 2, 1, 1, 1, 1, 1, 1, 2, 1, 2, 1, 1, 1, 1, 1, 1, 2, 1, 2, 1]",1
631371,"[1, 1]",1
756004,"[2, 1]",1
403071,"[1, 1, 1, 1, 1, 2, 1, 1, 2]",1
1010626,"[2, 1, 1, 2, 1, 2]",1
856733,"[1, 1, 1, 1, 2, 1, 2, 1]",1
852950,"[1, 2, 1, 1]",1
822250,"[1, 1, 2, 1, 1, 2, 2, 1, 1, 2, 2, 1, 1, 2, 1, 2, 2, 1, 2, 1, 2, 1, 1, 2, 1, 2, 2, 1, 1, 2, 2, 1, 2, 1, 2, 1, 1, 2]",1
85823,"[2, 1, 2, 1]",1
447,"[1, 1, 1, 1, 1, 1, 1, 1, 1, 2, 1, 1, 2, 2, 1, 1, 2, 1, 1, 1, 1, 1, 1, 1, 1]",1
156397,[1],1
807886,[1],1
395145,[1],1
192226,"[1, 1, 1, 2, 1, 1, 1, 1, 1, 1, 1, 2, 1, 2, 1, 1, 2, 1, 3, 1, 1, 1, 1, 1, 1, 2, 1, 4, 4, 1, 2, 1, 1, 1, 1, 2, 1, 1, 2, 1, 2, 1, 1, 1, 1, 1, 1, 1, 1, 1, 1, 1, 1, 1, 2, 1, 2, 1, 4, 4, 3, 1, 1, 2, 1, 2, 1, 4, 4, 1, 4, 4, 4, 4, 4, 1, 1, 1, 2]",1
389092,"[1, 2, 1, 1, 1, 2, 1, 1, 2, 2, 1, 1, 2, 1, 2, 1, 1, 2, 1, 2, 1, 2, 1, 1, 2, 1, 1, 1, 2, 2, 1, 1, 1, 2, 2, 1, 1]",1
185698,"[2, 1]",1
894423,[1],1
185055,"[2, 1, 1, 1, 1, 2, 1]",1
522224,[1],1
549657,"[2, 1, 1, 2, 1, 1, 1, 2, 1, 1, 1, 1, 2]",1
154156,"[2, 1, 1, 2, 1, 2, 1, 1]",1
303720,"[1, 2]",1
336891,"[1, 1, 1, 1, 2, 2, 1, 1, 2, 2, 1, 2, 1, 2, 1, 1, 2, 2, 1, 1, 2, 2, 1, 2, 1, 1, 2, 1, 2, 1, 1, 2, 2, 1, 2, 1, 2, 1, 1, 1, 1, 2, 1, 1, 1, 2, 2, 1, 2, 1, 2, 1, 2, 1, 1, 2, 1, 2, 1, 2, 1, 1, 1, 1, 1, 1, 2, 1, 1, 1, 1, 1, 2, 1, 2, 1]",1
176710,"[1, 2]",1
155819,[1],1
683245,[1],1
6149,"[1, 2, 2, 1, 2, 1, 2, 1, 1, 2]",1
635872,"[1, 1]",1
205687,[1],1
435225,"[2, 1, 3, 1, 1, 1, 1, 1, 1, 2, 1, 2, 1, 1, 2, 1, 2, 1, 2, 1, 1, 1, 1, 1]",1
750736,[1],1
862544,"[2, 1]",1
530569,"[1, 1, 1, 1, 1, 1, 1, 1, 2, 1, 1, 1, 1, 1, 1, 1]",1
866121,"[2, 1, 2, 1]",1
155542,[1],1
367910,"[1, 2, 2, 1]",1
1023670,"[1, 2, 2, 1]",1
246197,"[2, 1]",1
686415,[1],1
640306,"[1, 2]",1
195651,"[2, 1, 1, 1]",1
887830,"[1, 1, 2, 1, 1, 1, 2]",1
215903,"[1, 1, 2]",1
511675,"[1, 2]",1
692382,[1],1
881791,"[1, 1, 1, 1, 1, 2, 1, 1]",1
538003,"[1, 1, 1, 1]",1
999859,[1],1
585651,"[1, 1, 1, 1, 1, 1, 1]",1
958414,"[1, 2, 1, 1, 1, 1, 2, 1, 1, 1, 1, 1, 1, 1, 1, 1, 2, 1]",1
236440,"[1, 1]",1
459975,"[1, 2, 2, 1, 1, 2, 1, 2]",1
792729,"[2, 1]",1
930425,"[1, 1, 1, 1, 1, 1]",1
658913,"[1, 2, 3, 1]",0
94687,"[1, 1]",1
990781,"[1, 1, 1, 1, 1, 1]",1
424885,"[1, 1, 1, 1, 1, 2, 1, 1, 2, 1]",1
636259,"[1, 2]",1
134444,"[1, 1, 1, 1, 2, 1, 1, 2, 1, 1, 2, 1]",1
41657,"[2, 1]",1
264044,"[1, 1, 1, 2]",1
502544,"[1, 2]",1
634078,"[1, 1, 1, 2, 1, 1, 2]",1
899904,"[1, 2, 1, 2, 2, 1, 2, 1]",1
988444,"[1, 1, 1, 1, 1, 2, 1, 1, 1, 1, 1, 1, 1, 1, 1, 1, 1, 2, 1, 1, 2, 1, 1, 2]",1
786380,"[1, 1, 1, 2]",1
946527,"[1, 2, 2, 1, 1, 2, 1, 2]",1
710535,[1],1
533781,"[2, 1, 2, 1]",1
464814,"[1, 2, 1, 1, 1, 2, 1]",1
465583,[1],1
470858,[1],1
171454,"[1, 1, 1, 2, 1, 1, 2, 1, 1]",1
76252,"[1, 1, 1, 1, 1]",1
11336,[1],1
645035,"[1, 1, 1, 1, 1, 1, 1, 1, 1, 2, 2, 1]",1
902082,"[1, 1, 2, 1, 1, 1, 1, 1, 2, 1, 2, 1, 1, 2, 1, 1, 2, 1, 1, 2, 2, 1, 2, 1, 1, 2, 1, 2, 1, 1, 1, 1, 2]",1
300,[1],1
1044537,"[1, 1, 1, 2, 1, 2, 1, 2, 1, 1]",1
82634,"[1, 1, 1]",1
588726,"[2, 1]",1
1033606,"[1, 2, 1, 2, 1, 2, 2, 1, 2, 1, 2, 1, 3, 2, 1, 1, 2, 1, 2]",1
669639,[1],1
22942,"[2, 1]",1
844072,"[2, 1, 1, 2, 2, 1, 2, 1, 2, 1, 2, 1, 1, 2]",1
551410,"[1, 1, 1, 1, 1, 1, 1, 1, 1, 1, 1]",1
616770,"[1, 2]",1
551440,"[1, 1, 1, 1, 1, 1, 1, 1, 1, 1, 1, 2, 3, 1, 2, 1, 1, 1, 2, 1, 1, 1, 1, 1, 1]",1
321039,[1],1
191707,[1],1
748049,"[1, 1, 1, 1, 1, 1, 1, 1, 1, 1, 1, 1]",1
255430,"[1, 1, 1, 1]",1
885494,"[1, 2, 1, 1]",1
948966,"[2, 1]",1
253139,"[2, 1]",1
201886,"[1, 1, 1, 1, 1, 1]",1
971075,"[1, 1, 1, 1, 1, 1, 1, 1, 1, 1, 1, 1, 1, 1, 1, 2, 1, 1, 2, 1]",1
414353,"[1, 1, 1, 1, 1, 1]",1
222392,"[2, 1, 1]",1
841595,"[1, 1, 1, 1, 1, 1, 1, 2, 1, 1, 2, 1, 1, 1, 2, 1, 1, 1, 2, 1, 1]",1
226476,"[1, 1, 1, 2, 1]",1
931012,"[2, 1]",1
50141,"[1, 1]",1
903557,[1],1
787876,"[1, 2, 1, 2, 1]",1
840120,"[2, 1]",1
799407,"[1, 1, 1, 1, 2, 1, 1]",1
756601,"[1, 1]",1
720997,"[1, 1]",1
395652,"[1, 1]",1
317835,"[1, 2, 3, 3, 1, 1, 1, 1, 1, 1, 2]",1
394322,"[1, 1, 1, 2, 1, 2, 1]",1
141272,"[1, 1, 1, 2, 1, 2, 2, 1]",1
900390,"[1, 2]",1
743729,"[1, 1, 1, 1, 1, 1, 1, 1, 1, 1, 1, 1, 2, 1]",1
846825,[1],1
280971,[1],1
48926,"[2, 1, 1, 2, 1]",1
724916,"[2, 1, 1, 1, 2]",1
667527,[1],1
326890,"[1, 2]",1
771607,"[1, 1, 2, 1, 1, 2]",1
996136,"[2, 1]",1
204483,"[1, 1, 1, 1, 1]",1
606279,[1],1
873196,"[2, 1]",1
719,[1],1
361873,"[1, 2, 1, 1, 2, 1, 2, 1, 1]",1
774046,[1],1
645161,"[2, 1]",1
407383,"[1, 1, 1, 1, 1, 1, 2, 1, 1, 1, 1, 1, 1, 1, 1, 2, 1]",1
144505,"[2, 1, 2, 1, 1, 2]",1
915950,"[1, 1, 1, 2, 1, 1, 2, 1]",1
845698,"[2, 1, 1, 1, 1, 2, 1]",1
898673,"[1, 1, 1, 1, 1, 1, 1]",1
444533,"[2, 1]",1
521075,"[1, 2]",1
958222,"[1, 2]",1
32945,"[1, 2, 1, 2, 1, 2, 2, 1]",1
654441,"[1, 1]",1
376001,"[1, 1, 1]",1
398178,"[2, 1, 3]",1
142996,"[2, 1, 1, 2]",1
282076,"[1, 1, 1, 1, 1]",1
710742,"[1, 1]",1
103995,"[2, 1]",1
232325,"[1, 1, 1, 1, 1, 1, 2, 1, 1, 2, 1, 1]",1
164484,[1],1
975662,"[2, 1]",1
1042381,[1],1
848426,[1],1
321246,"[1, 2, 1, 1, 2, 1, 2, 1, 2, 1, 2, 1, 1, 2, 1, 2]",1
332130,[1],1
243018,"[1, 1, 1, 1, 1]",1
772428,"[1, 1, 1, 1, 1, 1, 1, 1, 1, 1]",1
840795,"[1, 2]",1
895141,"[2, 1, 2, 1, 2, 1, 1, 2, 1, 2, 2, 1, 1, 2]",1
531946,[1],1
968212,[1],1
537864,"[1, 2, 1, 2, 2, 1, 2, 1]",1
302825,"[1, 1, 1, 1]",1
450704,"[1, 2]",1
1000412,"[2, 1]",1
626442,"[1, 1, 1, 1, 1, 1, 1, 2, 1, 1]",1
802855,"[1, 2, 1, 2]",1
187680,"[2, 1, 1, 2, 3, 1, 1, 2, 1]",1
249154,"[1, 2]",1
94043,"[1, 1, 1, 1, 1, 1, 1, 1]",1
963327,"[2, 1]",1
959865,"[1, 1, 1, 1, 1, 1, 1, 2, 1, 2]",1
866032,"[1, 1, 1, 1, 1, 2, 2, 1, 2, 1]",1
705462,[1],1
883434,"[1, 1]",1
169181,"[1, 1, 1, 1, 2, 1, 1, 1, 1, 1, 1, 1, 2, 1, 1, 1, 1, 1, 1, 1, 2, 1, 2, 1, 1, 1, 1, 1, 2, 1, 1, 1, 2, 1, 1, 1, 1, 1, 1, 1, 1, 1, 1, 1, 1, 1, 2]",1
336109,"[1, 2, 1, 2, 1, 2]",1
24942,"[1, 2, 1, 1]",1
647753,"[1, 2]",1
204369,"[1, 1, 1, 1, 1, 1, 1, 2, 1]",1
915016,[1],1
427396,"[1, 2]",1
930481,"[1, 2, 2, 1, 1, 2]",1
159565,"[2, 1]",1
856047,"[1, 2, 1, 1]",1
245136,"[1, 1]",1
549178,"[1, 1, 1]",1
349384,"[2, 1, 1, 2, 1, 2, 1, 2, 1, 2]",1
600889,"[1, 1, 1, 1, 1, 1, 1, 1, 1, 1, 1, 1, 1, 1, 1, 1]",1
42290,"[1, 1, 1, 2]",1
179795,"[1, 2]",1
64291,"[1, 1, 1]",1
166868,"[2, 1]",1
390982,"[1, 2]",1
183086,[1],1
438765,"[1, 2]",1
503673,"[1, 2, 3, 2, 1, 2, 1, 3, 1, 4, 1, 1]",1
169911,"[1, 1, 1, 2, 1]",1
814728,[1],1
397153,"[1, 2, 1, 2, 1, 2, 1, 2, 1, 2, 2, 1, 2, 1]",1
400574,"[1, 1, 1, 1]",1
118913,"[1, 2, 1, 1, 1, 2]",1
359893,"[2, 1]",1
815777,[1],1
38890,"[1, 1, 1, 1, 1, 1, 1, 1, 1, 2, 1, 1, 1, 1, 1, 1, 1, 1, 2, 1, 1, 1, 1, 1, 2, 1, 1]",1
346622,"[1, 1]",1
888025,[1],1
224644,[1],1
807311,"[2, 1]",1
260831,"[1, 1, 1, 1, 1, 1, 3, 1, 2, 1, 4, 4, 3, 4, 4, 1, 4, 4, 1, 4, 4, 4, 4, 4, 4, 1, 4, 4, 1, 4, 4, 1]",1
558883,"[1, 1]",1
239282,"[2, 1, 2, 1]",1
111982,"[1, 2]",1
278258,"[1, 2, 1, 2, 1, 1, 2, 1, 1, 2, 2, 1, 1, 1, 1, 2, 1, 2, 1, 1, 2, 1, 1, 2, 1, 1, 1, 2, 1, 2, 1, 1, 2, 1, 2, 2, 1, 1, 2, 2, 1, 2, 1, 1, 2]",1
766028,"[2, 1]",1
69961,[1],1
698904,"[2, 1, 1, 2, 1, 1, 1, 1, 1, 1, 1, 2, 1, 2, 3, 1]",0
685905,[1],1
568715,"[1, 1, 1, 1, 1, 1, 1, 1, 1, 1, 1, 1, 1]",1
597107,"[2, 1, 2, 1, 1, 2, 1]",1
746736,"[1, 1, 1, 1, 1, 1, 2, 1, 1, 1, 2, 1, 1, 1, 1, 1, 2, 1, 1]",1
749144,"[1, 1, 1]",1
828918,"[1, 2, 1, 1, 1]",1
668858,"[2, 1, 1, 2, 2, 1]",1
614182,"[1, 1]",1
483525,"[2, 1, 1, 2, 1, 1, 1, 2, 1, 1, 2, 1, 2, 1, 1, 1, 2, 2, 1]",1
681354,"[1, 1, 1, 1, 1, 1, 1, 1, 2, 1, 1, 2, 1, 1, 1, 1, 1, 1, 1]",1
575254,"[2, 1, 1, 2]",1
718743,[1],1
484625,"[1, 2]",1
756349,"[1, 1, 1, 1, 1, 1, 1]",1
180897,"[2, 1, 1, 1, 2]",1
278475,"[2, 1]",1
478432,"[2, 1, 1, 2, 2, 1, 2, 1, 1, 2, 1, 1, 2, 1, 1, 2, 2, 1, 1, 2, 2, 1, 2, 1, 1, 2]",1
581079,"[1, 2]",1
730348,"[1, 1, 1]",1
13459,"[2, 1]",1
692278,"[1, 1]",1
298935,"[2, 1]",1
766916,"[1, 1, 1, 2, 1, 1, 2, 1, 1]",1
111086,"[2, 1]",1
219844,[1],1
147329,"[1, 1, 2, 1, 1]",1
157055,"[1, 1, 2, 1, 1, 1, 1, 1, 1, 1]",1
295878,"[1, 1, 2, 1, 1, 2]",1
189889,[1],1
38256,"[1, 1, 1, 2, 1]",1
125982,"[2, 1]",1
602653,"[1, 1, 1, 1, 1, 1, 1, 1, 1]",1
948565,[1],1
388096,"[1, 2]",1
141653,"[1, 2]",1
300333,"[1, 1, 1, 1, 1]",1
87964,"[1, 1, 1]",1
160967,"[1, 1, 1, 2, 1, 1, 1, 1, 1, 1, 1, 1]",1
410707,"[1, 1, 2, 1, 1, 1, 2, 1, 2, 1, 2, 1, 1, 1, 1, 1, 1]",1
842397,"[1, 2, 1, 2, 1, 2]",1
35866,"[1, 1, 1, 2, 1, 1, 2, 1, 2, 1, 2, 2, 1, 2, 1, 2, 1, 1, 1, 1]",1
429837,"[2, 1, 1, 2, 2, 1, 2, 1, 1, 2, 1, 1, 1, 2, 1, 1]",1
750290,[1],1
576734,[1],1
426073,[1],1
236395,"[1, 1, 2, 1]",1
1004095,"[1, 1, 1, 1, 1, 1, 1]",1
126225,"[1, 1, 1, 1, 1, 2, 3, 1, 1, 2, 1, 1, 2, 1, 2, 1, 2, 1, 2, 2, 1, 3, 2, 1, 1, 2, 1, 2, 1, 1, 1, 1, 1, 1, 1]",1
317258,"[1, 1, 1, 1, 1, 2, 1, 2, 1, 2, 1, 2, 1, 2, 1, 1, 2, 1, 2, 2, 1, 1, 1, 1, 1, 2, 1, 1, 2, 2, 1, 1, 2, 1]",1
723305,[1],1
51734,[1],1
559851,"[1, 2]",1
259712,"[2, 1]",1
474835,"[1, 1, 1, 1, 2, 1, 1, 1, 1, 2, 1, 1, 1, 1, 1, 1, 1, 1]",1
344076,"[1, 2]",1
727640,"[1, 2, 1, 1, 1, 1, 1, 1]",1
306565,"[1, 2]",1
5508,"[1, 2]",1
223566,"[1, 1, 1]",1
173323,[1],1
537318,[1],1
474595,"[1, 1, 1]",1
70520,[1],1
988758,"[2, 1, 2, 1, 1, 2, 2, 1]",1
910417,"[2, 1, 1, 2, 2, 1, 2, 1, 2, 1, 2, 1, 1, 2]",1
757675,"[2, 1]",1
840208,[1],1
415315,"[1, 2, 2, 1, 1, 2, 1, 1, 2, 1, 1, 1, 1, 1, 1, 1, 1, 1, 1, 1, 1, 1, 1, 1, 1, 2, 1, 1, 2, 1, 1, 1, 1, 1, 1, 1, 1, 1, 2, 1, 1, 2, 1, 2, 1]",1
225185,"[1, 2]",1
931959,"[1, 1, 1, 1, 1, 1, 1, 2, 1, 1, 2, 1, 1, 1, 2, 1, 1, 1, 1, 1, 2, 1]",1
385909,"[1, 2, 2, 1, 2, 1]",1
366722,"[1, 1, 1, 1, 1, 1]",1
897778,"[2, 1]",1
152066,"[2, 1]",1
499824,"[1, 1, 2, 1, 1, 2, 1, 2, 1, 2, 2, 1, 1, 2, 1, 2, 2, 1, 1, 1, 1, 1, 2, 1, 1, 1, 1, 1]",1
214392,[1],1
420461,"[1, 1, 1]",1
155815,"[2, 1, 1, 2, 1, 2, 1, 2]",1
630430,"[2, 1]",1
740439,"[2, 1, 1, 2, 2, 1, 2, 1]",1
226066,"[1, 2]",1
591354,"[1, 1, 2, 1, 2, 1, 1, 1, 2, 1, 1, 2, 1, 1, 2, 1, 2, 1, 1, 2, 1, 2, 1, 3, 1, 2, 1, 1, 2, 1, 2, 1, 1, 2, 2, 1, 1, 1, 1, 2, 1, 1, 1, 2, 1, 2, 1, 1, 2, 1, 1, 2, 3, 1, 1, 1, 1]",0
691259,"[2, 1, 1, 2]",1
481898,"[1, 1, 1, 1, 2, 1, 2, 1, 1, 2, 1, 1, 2, 1]",1
923420,"[1, 2]",1
130602,"[2, 1]",1
208461,"[2, 1, 2, 1]",1
367420,"[2, 1]",1
1028283,"[1, 1, 2, 1]",1
623260,"[1, 1, 1, 2, 1]",1
969453,"[1, 2]",1
590885,"[2, 1, 1, 2, 2, 1, 1, 2, 2, 1]",1
733385,"[1, 2]",1
898883,"[1, 1, 1]",1
276336,"[2, 1, 2, 1, 2, 1, 1, 1, 2, 2, 1, 1, 2]",1
539595,[1],1
78507,"[1, 1, 1, 1, 1, 1, 1, 1, 1, 1]",1
779786,"[1, 1, 1, 1, 1, 1, 1, 1, 1, 2, 1, 1]",1
307195,"[1, 2, 2, 1, 2, 1]",1
600891,"[2, 1, 2, 1, 1, 2, 1, 2, 2, 1, 2, 1, 1, 2, 2, 1]",1
560159,[1],1
579283,[1],1
16546,"[2, 1]",1
485777,"[1, 1]",1
734275,"[1, 2]",1
576915,"[1, 1, 1, 1, 1, 1, 1]",1
563372,"[1, 1, 1]",1
20655,[1],1
120752,"[1, 2]",1
394432,"[1, 1, 1, 1]",1
788294,[1],1
832669,"[2, 1]",1
145599,"[1, 1]",1
747390,[1],1
590466,"[2, 1]",1
950000,"[2, 1, 1]",1
398892,"[1, 2, 1, 2, 1, 1]",1
977078,[1],1
173089,[1],1
490805,"[1, 1, 1, 1, 2, 3, 1]",1
58589,"[1, 2]",1
974928,[1],1
474960,"[2, 1]",1
587276,"[1, 1, 2, 1, 1]",1
812884,"[1, 1, 1, 1, 1]",1
35089,"[1, 1]",1
664699,"[1, 1, 1, 2, 1, 1]",1
955330,[1],1
875556,"[2, 1, 3, 1, 1, 1, 1, 1, 1, 1, 1, 1, 1, 1, 1, 1, 2]",1
347954,"[2, 1]",1
716720,"[1, 2]",1
1015455,"[1, 1, 1, 2, 1, 1, 2, 1, 1, 1, 2, 1, 1, 2, 1, 1, 1, 2, 1]",1
388315,"[1, 1, 1]",1
463986,"[1, 1, 1, 1, 1, 1, 1, 2, 1, 2, 1, 2, 1, 1, 1, 1, 1, 1, 2, 1]",1
920036,"[1, 1]",1
122206,[1],1
411397,[1],1
465608,"[1, 1, 1]",1
56485,"[2, 1, 1, 2]",1
127026,"[2, 1]",1
803646,"[1, 1, 1, 1, 2, 1, 1, 1, 1, 1, 1, 1, 1, 1, 1, 1, 1]",1
102536,"[1, 1]",1
919566,"[1, 1, 1, 1, 2, 1, 3, 1, 1, 1, 2, 1, 1, 1]",0
659264,"[1, 2]",1
173524,"[1, 1, 1, 1, 2, 1]",1
706935,"[1, 1, 1, 1, 1, 2, 1, 2, 1, 3, 3, 1]",1
132054,"[1, 1, 1, 1, 1, 1, 1, 2, 1, 3, 1, 1, 2, 1, 1, 2, 1, 1, 1, 1, 1, 1, 1, 2, 1, 1, 2, 1, 2, 1, 2, 1, 2, 1, 2, 1, 2, 1, 1, 2, 2, 1, 2, 1, 1, 2, 1, 2, 1, 1, 2, 1, 2, 1, 2, 1, 2, 1, 2, 1, 1, 2, 1, 2, 1, 1, 1, 2, 1, 1, 2, 1, 2, 1, 2, 1, 1, 2, 1, 2, 2, 1, 1, 2, 1, 1, 2, 2, 1, 2, 1, 1, 2, 2, 1, 1, 2, 2, 1, 1, 2, 1, 1, 1, 2]",1
1021683,"[1, 1, 2]",1
249148,"[1, 2]",1
125776,"[2, 1, 2, 1, 2, 1]",1
717641,[1],1
572961,[1],1
1016861,"[1, 1, 1, 2, 1, 2, 1, 1, 2, 1, 1, 2, 1]",1
336829,"[2, 1, 2, 1, 1, 2]",1
11964,"[2, 1]",1
439552,"[1, 1, 1, 2, 1, 2, 1, 2, 1, 1, 1, 2, 1, 1, 1, 2, 1, 2, 1, 2, 1, 2, 1, 1, 1]",1
274511,"[1, 1, 1, 2, 1]",1
478736,"[1, 1, 1]",1
772306,"[2, 1]",1
672145,"[1, 2, 1, 2]",1
923350,"[1, 1, 1, 2, 1, 1, 1, 2, 1, 1, 2]",1
571036,"[1, 1, 1, 1, 1, 1, 1, 1, 1, 1]",1
191899,"[1, 1, 2, 1]",1
221943,"[1, 1, 2, 1, 1, 1, 2, 1, 1, 2, 1, 3, 1, 1, 2, 4, 3, 1, 4, 1]",1
94162,"[2, 1]",1
220225,"[2, 1]",1
981902,"[1, 1]",1
753117,"[2, 1]",1
62254,"[2, 1, 2, 1, 2, 1, 2, 1]",1
108159,"[1, 1, 1, 1, 2, 2, 1, 1, 2, 1, 2, 2, 1, 1, 2, 2, 1, 1, 1]",1
70753,"[2, 1]",1
967508,"[1, 2, 2, 1]",1
194989,[1],1
613735,[1],1
252140,"[1, 1, 1, 1, 1, 1, 1, 1, 1, 1, 1, 1, 1, 1, 1, 1, 1, 2, 1, 1, 1, 1, 1, 1, 1, 1, 2, 1]",1
19840,"[1, 2]",1
59817,"[1, 1]",1
730818,"[2, 1]",1
970142,"[1, 2]",1
1001296,"[1, 2]",1
860969,"[1, 2]",1
663139,"[1, 2, 1, 2, 1, 1, 1, 2, 1, 2, 1, 1, 2, 2, 1, 1, 2]",1
81328,"[1, 1, 1, 2, 1, 1, 1, 2, 3, 1, 1]",0
940834,"[1, 2, 2, 1, 2, 1, 2, 1, 2, 1, 2, 1, 1, 2, 2, 1, 1, 2, 2, 1, 2, 1, 2, 1, 1, 2]",1
528694,"[1, 2, 1, 1, 2, 1, 1, 2]",1
54327,"[2, 1, 1, 1, 2, 1, 1, 1, 2, 3, 2, 1, 2, 1, 2, 1, 1]",1
159326,"[2, 1]",1
90139,"[2, 1, 1, 2, 2, 1]",1
707047,"[1, 1, 1, 1, 1, 1, 1, 1, 2, 1, 1, 1]",1
1011181,"[1, 1, 1]",1
677039,"[1, 1, 1, 1, 1, 1, 2, 3, 1, 1, 1, 4, 1]",1
580408,"[1, 1, 2, 1, 2, 2, 1, 2, 1]",1
478925,"[1, 2]",1
466671,"[1, 2, 2, 1, 2, 1]",1
174786,"[1, 2, 2, 1, 2, 1]",1
475825,"[1, 2, 1, 2]",1
701407,"[2, 1]",1
176367,"[1, 1, 1]",1
158848,"[1, 2, 3, 4, 1, 4, 1, 1, 2, 1, 1, 1, 2, 2, 1, 2, 1]",1
180380,"[1, 1, 2, 1, 1, 1]",1
233190,"[1, 2, 1, 1, 1, 1, 1, 1, 2]",1
868376,"[1, 2]",1
601349,[1],1
563570,"[2, 1, 1, 2, 1, 1, 1, 1, 1, 2, 1, 2, 1, 1, 1, 2, 1, 1, 1, 2, 1, 2, 2, 1, 1, 2, 1, 2, 1]",1
24590,"[2, 1, 2, 1, 2, 1, 2, 1, 1, 2, 2, 1, 1, 2, 2, 1, 2, 1, 2, 1, 2, 1, 2, 1, 2, 1, 1, 2, 1, 2, 2, 1]",1
882940,"[1, 2]",1
589270,[1],1
966376,[1],1
411413,[1],1
1032942,"[2, 1, 1, 1, 1, 2, 1]",1
87370,[1],1
164999,"[2, 1]",1
393480,"[1, 1, 2, 1, 1, 2, 1, 1, 1, 1, 1]",1
208321,"[1, 1, 1, 2, 2, 1, 1, 2, 1, 1, 1, 1, 2, 1, 1, 2, 1, 2, 2, 1, 1, 2, 1, 2, 1, 1, 2, 1, 2, 1, 2, 1, 2]",1
21672,[1],1
755821,"[2, 1, 2, 1]",1
715133,"[2, 1, 1, 2]",1
493502,"[2, 1]",1
178585,"[2, 1]",1
633327,"[1, 2, 1]",1
1021882,"[1, 2, 1, 1, 2]",1
732941,"[1, 2]",1
26680,"[1, 1]",1
346333,"[1, 2]",1
727569,"[2, 1]",1
77510,"[1, 1, 1, 1, 1, 1, 1]",1
965796,"[1, 2, 1, 2]",1
645115,"[1, 1, 1, 1]",1
649383,"[1, 1, 2, 1, 1, 2, 1, 1, 1, 2]",1
294658,"[2, 1]",1
69157,"[2, 1, 2, 1]",1
60345,"[1, 2]",1
566515,"[1, 2, 2, 1, 2, 1, 1, 2, 1, 2, 1, 2, 1, 2, 2, 1, 2, 1, 1, 2, 1, 2, 2, 1, 2, 1, 1, 2, 2, 1]",1
979940,"[2, 1]",1
662436,"[1, 1, 1, 1, 1]",1
247974,[1],1
250001,"[1, 1, 1]",1
30903,"[1, 2, 2, 1]",1
974555,"[1, 1, 1, 1]",1
923634,"[1, 2]",1
134819,"[2, 1]",1
300349,"[1, 2, 1, 2, 1, 1, 1]",1
255125,"[1, 2]",1
261179,[1],1
410310,"[1, 1, 2, 1, 1, 2, 1, 1, 1, 1, 1, 2, 1, 2, 1, 1, 1, 1, 1]",1
44702,"[1, 1, 2]",1
706794,"[1, 1, 1, 1, 2, 1, 1, 2, 1, 1, 1, 1, 1, 2, 1]",1
631097,"[1, 1, 1, 1, 1, 1]",1
53042,"[1, 2, 2, 1, 1, 2, 1, 2, 2, 1, 2, 1, 1, 2, 2, 1, 1, 2, 1, 2, 1, 2, 2, 1]",1
71401,"[1, 1, 1, 1, 1, 1, 1]",1
911551,"[1, 1, 1, 1, 1, 1]",1
780280,"[1, 1, 1, 1, 1, 1, 1, 1, 1, 1, 1, 1, 1, 1, 1, 1, 1, 1, 2, 1, 1, 1, 1, 1, 1, 1, 1]",1
579654,"[1, 2]",1
502164,"[1, 1, 1, 1, 1, 1, 1, 1, 1, 1, 1, 4, 1, 4, 4, 4, 1, 1, 2, 2, 1, 1, 2, 1, 2, 1, 2, 1, 2]",1
254978,[1],1
364729,"[1, 1, 1, 1, 1, 1, 1, 1, 1, 1, 1, 1, 1, 1, 1, 1, 1, 1, 1, 1, 2, 1, 3, 1, 1, 1, 1, 1, 1, 1, 1, 1, 1, 1, 1, 1, 1, 1, 1, 1, 4, 1, 1, 1, 1, 1, 1, 2, 3, 1, 1, 1, 2, 1, 1, 1, 1, 1, 1, 2, 1, 2, 1, 2, 1]",1
811667,[1],1
824372,"[1, 1, 1, 1, 1, 1]",1
243040,"[2, 1]",1
287775,"[1, 2]",1
936726,"[2, 1]",1
807782,[1],1
181566,"[1, 2, 1, 2, 2, 1, 1, 2, 1, 2, 1, 1, 1, 1, 1, 1, 1, 1, 1, 2, 1]",1
669927,"[1, 2]",1
601177,"[1, 1]",1
815692,"[1, 1, 1, 2, 1]",1
259538,"[1, 2]",1
596123,[1],1
664819,"[1, 1, 2, 1, 2, 1, 1]",1
474905,"[2, 1]",1
329670,"[2, 1]",1
956580,"[2, 1]",1
700538,[1],1
919619,"[1, 1]",1
791210,"[1, 2, 1, 1, 1, 1, 1, 1, 2]",1
574109,"[1, 1]",1
562186,"[1, 1, 1, 1, 1, 1, 2, 1, 1, 1, 2, 1, 1, 2, 2, 1, 2, 1, 2, 1, 2, 1, 2, 1, 2, 1, 1, 2, 2, 1, 1, 2, 1, 1, 2, 2, 1]",1
412009,"[1, 1, 2, 1, 2, 1, 1, 2, 1]",1
74783,"[2, 1]",1
106550,"[2, 1, 1, 2]",1
560787,"[1, 1, 1, 2, 1, 2, 1]",1
645326,"[1, 1, 1]",1
1029660,"[1, 2, 2, 1]",1
348914,"[1, 1, 1, 1, 1, 1, 1, 1, 2]",1
935430,"[1, 1, 1, 1]",1
767988,"[1, 1, 2, 1, 1, 2, 1, 1, 1, 2, 1, 2, 1, 1, 2, 1, 1, 1, 2, 1, 1]",1
19846,[1],1
664036,"[1, 2]",1
679943,"[1, 2]",1
307703,"[1, 1, 1, 1, 1, 1, 1, 2, 1, 1, 1, 2, 1, 1, 2, 1, 1, 2, 1, 1, 2, 1, 1, 2]",1
805231,"[1, 1, 1, 1, 1, 1, 1, 1, 1, 1, 1, 1, 1, 1, 1, 1, 1, 1, 1, 1]",1
845416,"[1, 1, 1, 1, 1]",1
489264,"[1, 1]",1
630899,"[1, 2]",1
114783,"[1, 1, 1, 1, 2, 1, 2]",1
276666,[1],1
154654,[1],1
969852,"[1, 1, 1, 1, 1, 1, 1, 1, 2, 1, 1, 1, 2, 1, 1, 1, 2, 1, 2, 1, 1, 1, 1, 1, 1, 1, 1, 1, 2, 1, 1, 1, 2, 1, 1, 1, 1]",1
1038431,"[1, 2]",1
928111,[1],1
889322,[1],1
780504,"[1, 1]",1
755239,"[1, 1, 2, 1, 1, 2, 1, 1, 1, 2, 1, 1]",1
321338,[1],1
616195,"[1, 2]",1
851057,"[2, 1]",1
822137,"[2, 1]",1
401908,"[1, 1, 1, 1, 1, 2, 1, 2, 1, 2, 1, 2, 2, 1, 1, 2, 1, 2, 2, 1, 1, 2, 1, 1]",1
526191,"[1, 1, 2, 1]",1
399768,"[1, 1, 1, 1, 1]",1
58528,"[2, 1]",1
443971,"[2, 1]",1
265257,"[1, 2, 3]",1
351178,"[1, 1, 1, 1, 1]",1
811157,"[1, 2, 1, 1]",1
912124,"[1, 1, 1]",1
19161,"[1, 1]",1
928097,"[1, 1, 1, 1]",1
717804,"[1, 2]",1
518016,"[1, 2, 2, 1, 1, 2]",1
497680,"[1, 1, 1]",1
623045,[1],1
935678,"[1, 1, 1, 1, 1, 2, 1, 2, 1, 2, 1, 1]",1
59684,"[2, 1]",1
102410,"[1, 2, 1]",1
31814,"[2, 1]",1
946649,[1],1
537693,"[1, 2, 1, 1, 2, 2, 1]",1
70984,"[2, 1]",1
863703,[1],1
727814,[1],1
429340,"[1, 2]",1
410120,[1],1
381590,"[1, 2]",1
258347,"[2, 1]",1
320776,"[1, 1, 1, 1, 1, 1, 1, 1, 1, 1, 1, 1, 1, 2, 1, 1, 2, 1, 2, 1, 2, 2, 1, 2, 1, 1, 2, 2, 1, 2, 1, 2, 1, 1, 2, 1, 1, 2, 1, 1, 1, 1, 2, 1, 1, 1, 1, 1, 1, 1, 2, 1, 1, 1, 2]",1
424632,"[2, 1, 1, 1, 1, 2]",1
292971,"[1, 2, 2, 1, 2, 1, 2, 1]",1
66115,"[1, 2, 1, 1, 2, 2, 1, 2, 1, 1, 2, 2, 1, 1, 2, 1, 2, 1]",1
741425,[1],1
742086,"[2, 1, 2, 1, 2, 1, 1, 2]",1
728351,"[1, 1, 2, 2, 1, 1, 2]",1
550624,[1],1
724484,"[1, 1, 2, 1, 2, 1, 1, 1, 1, 2, 1]",1
569233,"[2, 1, 2, 1]",1
467850,"[1, 1, 1, 1, 1, 1, 1, 2, 2, 1, 1, 2, 2, 1, 1, 1, 1, 1, 1, 1, 1]",1
529700,"[2, 1]",1
467324,[1],0
791658,"[1, 1, 1]",1
611496,"[1, 1, 1, 2, 1]",1
52276,"[1, 2]",1
966935,"[1, 1, 1, 1, 1, 1, 1]",1
369054,"[2, 1]",1
148808,"[1, 1, 1, 1, 1, 1, 1, 2, 1, 2, 1, 2, 2, 1]",1
798062,[1],1
964255,"[1, 1, 1, 1, 1, 2, 1, 2, 2, 1, 1, 1, 1, 1, 1, 1, 1, 1, 1, 1, 2, 1, 1, 2, 1, 1, 1, 1]",1
366672,"[1, 1, 1, 1]",1
496725,"[1, 2]",1
94874,"[2, 1]",1
919147,"[1, 1, 1, 1]",1
132542,"[1, 2, 2, 1, 1, 2]",1
153385,"[1, 1, 1, 1, 1, 1, 1, 1, 1, 1, 1, 1, 2]",1
1017261,"[1, 2]",1
553958,"[1, 2]",1
856006,"[1, 1, 1, 1, 1]",1
918105,"[1, 1, 1, 1, 1, 1, 1, 1, 1, 2, 1, 1, 2]",1
91511,"[1, 2]",1
965889,"[1, 1, 1, 1, 2, 1, 2, 2, 1, 2, 1, 2, 1, 1, 1, 1, 1, 1, 1, 1, 1]",1
702232,"[2, 1]",1
668937,[1],1
400124,"[1, 2, 2, 1]",1
889778,"[2, 1]",1
1007865,[1],1
1284,"[1, 2, 1, 1, 1, 2, 1, 1, 1, 2, 1, 1, 1, 1, 1, 2, 1, 2]",1
296199,[1],1
330029,"[2, 1]",1
454355,"[1, 1, 1, 1, 2, 1, 2, 1, 1, 2, 1, 2, 2, 1, 1, 1, 1, 1, 2]",1
47918,[1],1
577965,"[1, 1, 1]",1
955620,"[2, 1, 2, 1, 1, 1, 1, 2, 1]",1
251832,"[2, 1]",1
1025116,[1],1
497186,"[1, 1, 2, 1, 2, 1]",1
130535,"[1, 2, 1, 1, 1, 2, 2, 1]",1
81380,"[1, 1, 1, 1, 2, 1]",1
239748,[1],1
324083,"[2, 1, 2, 1]",1
404196,[1],1
509410,"[1, 1, 2, 1]",1
434635,"[1, 2, 1, 1, 2, 1]",1
217003,"[1, 1, 2, 1]",1
526261,"[1, 1, 1, 2, 1, 2, 1, 2, 2, 1, 2, 1]",1
802615,"[1, 2]",1
815296,"[1, 2, 1, 1, 2, 1, 2, 2, 1, 2, 1, 1, 1, 1, 2, 1, 1, 1, 2]",1
111842,[1],1
1012083,[1],1
450535,"[1, 2]",1
956391,"[1, 2, 1, 1, 2, 1, 1, 2, 1, 1, 2, 1, 1, 1, 2, 1, 1, 2, 1, 2, 1]",1
487761,"[1, 1, 1, 1, 1]",1
374875,[1],1
461319,"[1, 1, 1, 1, 1, 1, 1]",1
303980,"[2, 1, 3, 1]",1
880653,"[1, 1, 1, 1, 2, 1, 1, 1, 1]",1
408783,"[1, 2]",1
328838,"[1, 2, 1]",1
1048135,"[1, 1, 1, 1, 1, 1]",1
724279,"[1, 1, 2]",1
900469,"[1, 2]",1
467950,"[2, 1]",1
860183,"[1, 1, 1]",1
184081,"[1, 1, 1, 1, 1, 1]",1
717243,"[1, 2]",1
941442,"[1, 2]",1
158854,"[1, 2, 2, 1]",1
529592,"[1, 2, 1]",1
509751,"[1, 2, 1, 2, 1, 2, 1]",1
763885,"[2, 1]",1
466788,"[1, 1, 1, 2, 1]",1
381180,"[1, 1, 1, 1, 2, 1, 1]",1
530652,"[1, 1, 1, 1, 1, 1, 1, 1, 1, 2, 1, 2, 3, 1, 2, 3, 1, 1, 1, 1, 1, 2, 1, 1, 1, 1, 1, 2, 1, 2, 1, 1, 1, 2, 1, 1, 2, 1, 2, 2, 1, 1, 1, 2, 1, 1, 2, 1, 1, 2, 1, 2, 1, 1, 2, 1, 1, 2, 1, 2, 1, 3, 1, 1, 1, 2, 1, 1, 1, 1, 1, 2, 1, 3, 1, 1, 1, 1, 2, 3, 1, 1, 1, 1, 1, 1, 1, 1, 1, 1, 1, 2, 1, 3, 1, 1, 1, 1, 1, 1, 1, 1, 1, 1, 1, 1, 1, 4, 1, 4, 1, 1, 1, 1, 1, 2, 1, 1, 1, 2, 1, 2, 2, 1, 3, 1, 1, 2, 2, 1, 1, 1, 2, 1, 3, 1, 1, 1, 1]",1
888902,[1],1
170780,[1],1
111301,"[2, 1]",1
793619,[1],1
350182,"[2, 1]",1
505904,"[1, 1, 2, 1, 2, 1]",1
516914,"[2, 1, 2, 1]",1
642787,"[1, 1, 2, 1]",1
856447,"[1, 1, 1]",1
908960,"[1, 1]",1
496077,"[1, 2]",1
206039,"[1, 1, 1, 3, 1, 1, 1, 1, 1, 1, 1, 1, 1, 1, 4, 1, 1]",1
315453,[1],1
547887,"[1, 2]",1
653968,"[1, 1, 1, 1]",1
471323,"[2, 1]",1
1010314,[1],1
695554,"[1, 1, 1, 1, 1, 1, 2, 1, 1, 1, 2]",1
301461,[1],1
2934,"[1, 1, 1, 1, 1]",1
56649,"[1, 1, 1]",1
1002181,[1],1
454875,"[1, 2]",1
237318,"[2, 1, 1, 1, 1, 2, 1, 1, 1, 2, 1, 1, 1]",1
331424,[1],1
535566,"[1, 2, 2, 1, 1, 1, 1, 1, 1, 1, 1, 1]",1
639201,"[2, 1]",1
770763,"[2, 1]",1
216722,"[2, 1]",1
39056,"[1, 2]",1
85177,"[2, 1, 2, 1, 2, 1, 2, 1, 1, 2, 2, 1]",1
853668,"[1, 2]",1
701749,"[1, 2]",1
727680,"[1, 1]",1
609815,"[1, 1, 2, 1, 1, 2]",1
10070,"[1, 1, 1, 1, 1, 2, 1, 1, 2, 1, 2, 1, 2, 1, 2, 1]",1
174471,[1],1
761094,"[1, 1, 1, 1, 1, 1, 1, 1, 1]",1
517171,"[1, 1, 1, 2, 1, 1, 2, 2, 1]",1
874635,"[1, 1, 1, 2, 1, 1, 1]",1
330407,"[1, 1, 1]",1
146765,"[2, 1, 1, 1, 1, 1, 1, 1, 1, 1, 2, 1, 1, 1, 2, 1, 2, 3, 1, 2, 1, 2, 1, 1, 2, 1, 1, 1, 1, 1, 1, 1, 1, 1, 1, 1, 1, 1, 1, 1, 1, 1]",1
668151,"[1, 1]",1
436467,"[2, 1, 1, 2, 1, 2]",1
573613,[1],1
885156,[1],1
297985,"[2, 1]",1
997247,"[2, 1]",1
543238,"[1, 2, 1, 1, 1, 2, 1, 1, 1]",1
259317,"[1, 1, 1, 1, 1, 1, 2, 1, 2, 2, 1, 1, 2, 1, 2, 2, 1, 1, 2, 1, 1, 1, 2, 1, 1]",1
233746,"[1, 2, 2, 1]",1
259404,"[1, 2]",1
545206,"[2, 1]",1
511274,"[1, 1, 1, 1, 1, 1, 1, 1, 1, 1]",1
125158,[1],1
54963,"[1, 2, 1, 2, 2, 1, 2, 1, 2, 1, 1, 2, 2, 1, 2, 1, 1, 2, 1, 1, 1, 1, 2]",1
441118,"[1, 1, 2, 1, 1, 2, 1, 1]",1
12090,[1],1
474666,[1],1
97711,"[1, 1, 1, 1, 1, 1, 1, 1, 1, 1, 1, 1, 1, 1]",1
628634,"[1, 1, 1, 1, 1, 1, 1, 2, 1, 1, 1, 2, 1, 1, 2, 1, 1, 1, 1, 2, 1, 1, 2, 1, 1, 1, 2, 1, 1]",1
933569,[1],1
66669,"[2, 1]",1
474557,"[1, 1, 1, 1, 1, 2, 2, 1, 2, 1, 2, 1, 1, 2, 1, 1, 1, 1, 1, 2, 1, 2, 1, 1, 1, 1, 2, 1, 2, 1, 2, 1, 1, 1, 2, 1, 1, 1, 1, 1, 2, 1, 1]",1
252618,"[1, 1, 2, 1, 1, 2, 1, 1, 1, 1, 2, 2, 1, 2, 1, 1, 1, 1, 1, 1, 1, 2, 1, 2, 1, 2, 2, 1, 2, 1, 1, 2, 1, 2, 2, 1, 1, 2, 1, 2, 1, 1, 2]",1
529843,[1],1
671669,"[2, 1]",1
531878,"[1, 1, 1, 2, 1, 1, 2, 1]",1
502028,"[1, 2]",1
727956,"[1, 1, 2, 1, 1, 1]",1
811743,"[1, 1, 1, 1]",1
54887,"[1, 1, 1, 1, 1, 1, 1, 1, 1]",1
276127,"[2, 1]",1
685746,"[1, 1, 1, 1, 1, 2, 2, 1, 3, 1, 1, 1, 1, 1, 1]",1
154760,"[1, 1, 1, 2, 1, 1, 1, 2, 1, 1, 2, 1, 1, 2, 1, 2, 1, 2, 1, 1, 2, 1, 1]",1
981645,"[1, 1, 1, 1, 1, 1, 1, 1, 1, 1, 1, 1, 1, 1, 1, 1, 1, 1, 1, 1, 1, 1, 1, 1, 1, 1, 1, 1, 1, 2, 1, 1, 2, 2, 1, 2, 1, 1, 2, 1, 2, 1, 2, 2, 1, 2, 1, 1, 2, 1, 2, 2, 1, 1, 2, 2, 1, 1, 2, 2, 1, 1, 1, 1, 1, 1, 2, 2, 1, 2, 1, 1, 2, 3, 1, 1, 1, 1, 2, 1, 2, 2, 1, 1, 2, 1, 1, 2, 1]",1
607389,"[1, 2]",1
612852,"[1, 1]",1
478166,[1],1
235331,"[2, 1]",1
978596,"[1, 2, 2, 1]",1
516619,"[1, 2, 1, 2]",1
651991,"[2, 1]",1
40324,"[1, 1, 1, 1, 1, 1, 1, 1, 1, 1, 1, 1]",1
7381,"[1, 1, 1, 2, 1, 2, 1]",1
922583,"[1, 2, 2, 1, 2, 1, 1, 2, 1, 2, 1]",1
981415,"[2, 1]",1
896960,"[2, 1]",1
734007,"[1, 1, 1, 1, 1, 1, 1, 1, 1, 1, 1, 1]",1
1008351,"[1, 1, 1, 1, 1, 1, 1]",0
729980,"[1, 1, 1, 1, 1]",1
846235,"[1, 2]",1
233192,[1],1
595921,[1],1
143840,"[1, 2]",1
720892,"[2, 1]",1
635949,"[1, 1, 1]",1
980955,"[1, 2]",1
128253,"[1, 1, 1, 2, 1, 2, 1, 2, 1, 2, 1, 1, 1, 1, 1]",1
633239,"[2, 1]",1
445522,[1],1
651299,"[1, 2, 1, 2, 1, 2, 2, 1, 2, 1, 2, 1, 1, 2, 2, 1, 2, 1, 2, 1]",1
981436,"[1, 2]",1
191326,"[1, 1, 1, 1, 1, 1]",1
439196,[1],1
973083,"[1, 1]",1
695018,"[2, 1, 1, 2, 2, 1, 2, 1, 2, 1]",1
1034021,[1],1
624572,"[1, 1, 1, 1, 2, 1]",1
398673,"[1, 1, 1, 1, 1]",1
376443,"[1, 2, 2, 1, 1, 2]",1
888212,"[1, 2, 1, 1, 2, 2, 1]",1
108601,"[1, 1, 1]",1
744174,"[1, 1, 2, 1, 1, 2, 1, 1, 2, 1, 2, 1, 1]",1
162929,"[1, 1, 1, 1, 1]",1
413807,[1],1
345582,"[1, 1, 2, 1, 1, 1, 2, 1, 1, 1, 2, 1, 1, 1, 1, 2, 1, 1]",1
543711,"[1, 1, 1, 1, 1, 1]",1
439369,[1],1
595283,"[2, 1]",1
987983,"[1, 1, 1, 2, 1, 1, 1, 1, 1, 1, 1, 2, 1, 2, 1, 2, 1, 1, 1, 2, 1, 2, 1, 2, 1]",1
549264,"[1, 1, 1, 1, 1, 1, 1, 1, 1, 1, 1, 1, 1, 1, 2, 1, 1, 1, 2, 1, 2, 2, 1, 1, 2, 2, 1, 1, 2, 1, 2, 1, 1, 1]",1
636553,"[1, 2, 1, 2, 1, 2]",1
1020859,"[2, 1, 1, 2, 1, 1, 2]",1
774589,"[1, 2, 2, 1, 2, 1, 2, 1, 1, 2, 2, 1, 1, 2]",1
942003,"[1, 1, 2, 1, 2, 1, 1, 1, 1, 1]",1
792610,"[2, 1]",1
630012,"[1, 2, 1, 2]",1
732291,[1],1
721187,[1],1
375338,"[1, 2]",1
28914,[1],1
881858,"[2, 1, 2, 1]",1
536677,[1],1
710013,"[1, 1, 1, 1, 1, 1, 1, 1, 1]",1
110837,"[2, 1, 1, 2, 2, 1]",1
727143,"[1, 2, 2, 1, 2, 1]",1
620480,[1],1
224030,"[2, 1, 1, 2, 1]",1
519130,"[1, 1, 1, 2, 2, 1]",1
56272,"[2, 1, 2, 1, 1, 2]",1
299925,"[2, 1, 1]",1
574627,"[2, 1]",1
828372,"[1, 2, 1]",1
401423,"[2, 1, 1, 2, 2, 1, 1, 2]",1
619585,"[1, 1, 1, 1, 1, 1, 2, 1, 2, 2, 1]",1
670435,"[1, 1, 1, 1, 1, 1, 1, 1, 1, 1, 1, 2]",1
937057,"[1, 2]",1
328946,"[1, 1, 1, 2, 2, 1, 1, 2, 1, 1, 1]",1
280120,"[1, 1, 1, 1, 2, 1, 1, 1, 2, 1, 2, 1, 2, 1]",1
602808,"[1, 1, 1, 2, 1, 1, 2, 1, 1, 1, 1, 1, 1, 1, 1, 1, 1, 1, 1, 1, 2, 1, 1, 1, 1, 2, 1, 1, 1, 2, 1, 2, 1, 1, 2, 1, 1, 1, 1, 1, 1, 1, 1, 1, 1, 1, 1, 1, 1, 1, 1, 1, 1]",1
211615,"[2, 1, 1]",1
806467,"[2, 1]",1
184784,"[1, 1, 1, 2, 1]",1
746000,"[2, 1]",1
539599,"[1, 1, 1, 1, 1, 1, 2, 1, 2, 1, 1, 1, 2, 2, 1]",1
650334,"[2, 1]",1
847752,"[2, 1, 1, 2, 2, 1]",1
829466,[1],1
835534,"[1, 2, 1, 2, 2, 1]",1
238859,"[1, 2, 2, 1]",1
368905,"[2, 1]",1
46615,"[1, 2, 2, 1, 2, 1, 1, 1, 1, 1, 1, 1, 1, 2, 3, 1, 1, 2, 1, 2, 1, 2, 1, 2, 2, 1, 1, 2, 1, 2, 1, 2]",1
11980,"[1, 1, 2, 1, 2, 1, 1, 3, 4, 1, 1, 1]",1
463219,"[1, 1, 1, 1]",1
183222,[1],1
779814,"[1, 1, 2]",1
872291,[1],1
711604,[1],1
426051,[1],1
199197,"[1, 1, 1, 1, 1, 2, 1, 1, 2, 1, 1, 2, 1, 1, 2]",1
689618,[1],1
1032030,"[1, 1, 1, 1, 1, 1, 1]",1
603208,[1],1
1017279,"[1, 1, 1, 2, 2, 1]",1
390926,"[1, 1, 1, 2, 1, 1, 1, 2, 1, 1, 2, 1]",1
210906,"[1, 1, 1, 1]",1
756411,[1],1
412992,"[2, 1]",1
547526,"[1, 1, 2, 1, 1, 1]",1
549685,"[1, 2]",1
10238,"[2, 1, 2, 1]",1
47004,"[1, 2]",1
293770,"[1, 1, 1, 1, 2, 2, 1, 2, 1]",1
499111,"[1, 1, 1, 1]",1
54633,[1],1
1021944,"[1, 1, 1, 2, 2, 1, 2, 1, 1, 2, 1, 1, 1, 1, 1, 1, 1]",1
650870,"[1, 2]",1
416887,[1],1
28217,"[1, 1, 1, 1, 1, 2, 1, 2, 1, 1, 1, 1, 1, 1, 2, 1]",1
175682,"[2, 1]",1
557555,"[1, 1, 2, 1]",1
526480,"[1, 2]",1
217638,"[1, 2]",1
694411,"[1, 1, 1, 1, 2, 1, 1, 2, 1, 2]",1
482015,"[1, 1]",1
390463,"[1, 1, 1, 1]",1
1046941,"[1, 1]",1
172977,[1],1
574164,"[1, 1, 1, 1, 1, 1, 1, 2, 2, 1, 2, 1, 1, 2, 1, 1, 1, 1, 2, 1, 1, 1, 2, 1]",1
241903,"[2, 1, 1, 2, 2, 1, 1, 2, 1, 2, 1, 2, 2, 1, 1, 2, 2, 1, 1, 2]",1
213755,[1],1
818853,[1],1
303442,"[1, 2, 1, 2, 2, 1, 2, 1, 1, 2]",1
99839,"[1, 1]",1
52660,"[1, 2, 1, 2, 1, 2, 2, 1, 2, 1, 1, 2, 1, 1, 2, 2, 1]",1
10165,"[1, 1, 1, 1, 1, 1, 2, 1, 1, 1, 2, 1]",1
18582,"[1, 1, 1, 2]",1
806523,"[1, 1, 2, 1, 2, 1, 1, 1, 1, 2, 1, 1, 1, 2, 2, 1]",1
800872,[1],1
613130,"[1, 2]",1
373197,"[2, 1, 1, 1, 2, 1, 1, 2]",1
957765,"[2, 1, 1, 2, 1]",1
37089,[1],1
1019789,"[1, 1, 1, 1, 1, 2, 1, 1, 1]",1
140998,"[1, 1, 1, 1, 1]",1
22801,"[1, 2]",1
877835,"[1, 1, 1, 1, 1, 1, 1, 1]",1
689449,"[2, 1]",1
386700,"[2, 1, 2, 1, 2, 1, 2, 1, 1, 2, 2, 1, 1, 2, 1, 2, 2, 1, 2, 1]",1
295891,[1],1
1012558,"[2, 1, 2, 1, 1]",1
55116,"[1, 1, 1]",1
833045,"[2, 1]",1
258783,[1],1
351457,"[1, 2, 1, 1]",1
686380,[1],1
810211,"[1, 2]",1
824699,"[1, 2, 1]",1
344953,"[2, 1]",1
747674,"[1, 1, 2, 1]",1
389327,"[1, 2]",1
119368,"[1, 2]",1
176777,"[2, 1]",1
191725,"[1, 1, 1]",1
309469,[1],1
46911,"[1, 2]",1
59629,"[2, 1]",1
730865,"[1, 1, 1, 1, 1]",1
720183,"[1, 1, 2, 1, 1, 2, 1, 3, 2, 1, 2, 1, 2, 1, 1, 2, 2, 1, 1, 2, 2, 1, 2, 1, 2, 1, 2, 1, 2, 1, 2, 1, 2, 1, 1, 2, 1, 2, 2, 1, 2, 1, 2, 1, 2, 1, 1, 2, 1]",1
30140,"[1, 2, 2, 1]",1
604538,"[2, 1, 2, 1, 1, 2, 1, 1, 2, 1, 3, 1, 1, 2, 1, 2, 1, 1, 2, 1, 2, 1, 2, 1, 1, 1, 1]",1
640189,"[2, 1, 1, 1, 2]",1
232317,"[2, 1, 1, 2, 1, 2, 1, 2]",1
959280,"[2, 1, 2, 1, 2, 1, 2, 1]",1
450775,[1],1
649437,"[1, 2]",1
521945,[1],1
410830,"[1, 1, 1, 1, 1, 2, 2, 1, 2, 1, 1, 2, 1]",1
1010259,"[1, 2]",1
298931,"[1, 1, 1, 1, 1]",1
417905,"[1, 2]",1
900195,"[1, 2, 2, 1]",1
729618,"[1, 2]",1
950153,"[1, 2, 1, 1, 1, 1, 1, 1, 2, 1, 1, 2, 1, 2, 1, 2, 2, 1, 1, 2, 1]",1
295277,"[1, 1, 1, 2, 1, 2, 1, 1, 1, 2, 1, 1, 1, 1, 1, 1, 2, 1, 1, 2, 1, 1, 2, 1]",1
944312,"[2, 1]",1
543643,"[1, 1, 1, 1, 2, 1, 2, 1, 1, 1, 2, 1, 1, 1, 1, 2, 3, 1, 1, 1, 2, 1, 1, 2, 3, 1, 1, 1, 1, 1, 1, 1, 1, 1, 1, 2, 1, 1, 1, 1, 1, 1, 1, 1, 1, 1, 1, 1, 1, 1, 4, 1, 1, 1, 1, 2, 1, 3, 1]",0
1035163,"[1, 1, 1, 1, 1, 2, 1]",1
483588,"[1, 2]",1
539735,"[1, 1, 1, 1]",1
720112,"[1, 2]",1
232835,"[1, 1, 1, 1, 1, 1, 1, 1, 2, 1, 1, 1, 1, 1, 1]",1
409577,"[1, 1, 1, 1, 1, 1, 1, 1, 1, 2, 1]",1
324713,"[2, 1, 1, 2, 2, 1, 2, 1, 2, 1, 2, 1, 2, 1]",1
883085,"[1, 2]",1
327951,"[1, 1, 2, 1, 1, 2, 1, 1]",1
799858,"[1, 1, 2, 1, 1, 1, 2, 1, 1]",1
571316,"[1, 1, 2]",1
743390,"[1, 2]",1
682559,"[1, 1, 1, 1, 2, 1, 2, 1, 1, 2, 2, 1, 1, 2, 1, 2, 1, 2, 2, 1, 1, 1, 2, 1, 1, 1, 1, 1, 2, 1, 1, 2, 1, 1]",1
1038424,"[1, 1, 2, 2, 1, 1, 2, 1, 2]",1
556981,[1],1
152596,"[1, 2]",1
1009308,"[1, 1, 1, 1, 1, 1, 1, 2, 3, 1, 1, 4, 1, 1, 1, 1, 1, 2, 1, 1, 1, 2, 1, 1, 2, 1, 2, 2, 1, 1, 2, 1, 1, 1, 1, 1, 2, 1, 3, 1, 1]",1
466349,"[1, 1]",1
533722,"[2, 1, 2, 1]",1
87032,"[1, 1, 1, 1, 1, 1, 1, 2, 1, 1, 1, 2]",1
980751,"[1, 2]",1
792240,"[2, 1, 1, 2, 1, 1, 2, 2, 1, 1, 2, 1, 1, 2, 1]",1
1046284,"[1, 1, 1, 1, 2, 1, 1, 2, 1, 1, 1, 2, 2, 1, 1, 2, 1, 2, 1, 1, 2, 1, 2, 1, 1, 2, 2, 1]",1
749266,"[1, 1, 1, 1, 1, 2, 1, 1, 2, 2, 1, 1, 2, 1, 1, 2, 1, 1, 2, 2, 1, 1]",1
643491,[1],1
734683,"[1, 1, 1]",1
553626,"[2, 1]",1
199109,[1],1
23946,"[1, 2, 1, 2, 2, 1, 1, 2]",1
65131,"[1, 1, 1, 1, 1, 1, 2, 1, 2, 2, 1, 3, 1, 1, 1]",0
47859,"[1, 1, 1]",1
30138,[1],1
25455,"[2, 1]",1
718845,"[2, 1, 1, 2, 1, 2]",1
346694,"[1, 2, 1, 1, 2, 1, 1, 1, 1, 1, 1, 1, 1, 1, 1, 1, 1, 1, 1, 2, 2, 1, 1]",1
197959,"[1, 1, 1, 1, 1, 1, 1, 1, 1]",1
497647,"[2, 1]",1
31775,"[1, 1, 1, 1, 1, 1]",1
628031,"[2, 1]",1
770935,"[1, 1, 1, 1, 1]",1
245619,"[1, 2]",1
95637,[1],1
88055,"[1, 2, 1, 2, 1, 2]",1
758166,[1],1
415604,"[1, 1, 1, 1, 1]",1
994956,"[1, 2]",1
151305,"[1, 1, 1, 2, 1]",1
469087,"[1, 1, 1, 1, 1, 1, 2, 2, 1, 2, 1, 1, 2, 1, 2, 1, 2, 3, 1, 1]",0
820230,"[1, 2]",1
571654,[1],1
1040741,"[1, 2]",1
845194,[1],1
798150,[1],1
944982,"[1, 2, 1, 1, 2]",1
34634,"[1, 1]",1
629882,[1],1
776192,"[1, 1, 2, 1]",1
56824,[1],1
972961,"[1, 1, 1, 1, 2, 1, 1, 1, 1, 2, 2, 1, 1, 2, 1, 1, 1, 2, 1, 2, 1, 1, 2, 1, 1, 1, 2, 1, 1, 1, 2, 1, 1, 2, 1, 1, 1, 2, 1, 1, 1, 1, 2, 1, 1, 1, 2, 1, 1, 1, 2, 1, 1, 1, 2, 1, 2, 1, 1, 1, 2, 1, 1]",1
739657,"[2, 1, 2, 1]",1
762014,"[2, 1]",1
709444,"[1, 2, 2, 1, 1, 2]",1
669517,[1],1
871830,"[1, 1, 1, 1]",1
900562,[1],1
761013,"[1, 1, 2, 1, 2, 1, 1, 2, 1, 1]",1
661564,"[1, 2]",1
727224,"[1, 2]",1
510971,[1],1
146289,"[1, 1, 1, 1, 2, 1]",1
862254,"[2, 1]",1
970451,[1],1
458360,"[1, 1]",1
247138,[1],1
342330,"[2, 1]",1
1038362,[1],1
82735,"[1, 1]",1
1006720,"[1, 2, 1, 2]",1
872575,"[1, 2]",1
714343,[1],1
181579,"[1, 1, 1, 1, 1]",1
308384,"[1, 2]",1
864591,"[1, 1, 1, 1, 1, 1, 2, 1]",1
19852,"[1, 2, 3, 1, 1]",1
552267,"[1, 1, 1, 1]",1
814441,"[2, 1, 1, 1, 2, 1, 2, 2, 1]",1
462187,"[1, 1, 1, 1, 1, 1, 1, 1, 1, 1, 1, 1, 1, 1, 1, 1, 2, 1, 1, 1, 1, 1, 1, 2, 1, 1, 1, 1, 1, 2, 1, 1, 2, 1, 1, 1, 1]",1
853139,"[2, 1]",1
699550,"[2, 1, 1, 1, 2, 2, 1]",1
892376,"[1, 1, 1, 1, 1, 1, 1, 1, 1]",1
31413,"[1, 1, 1, 1, 2, 1, 2, 1, 1, 2, 1, 1, 1, 1]",1
289429,[1],1
550656,[1],1
212032,"[1, 2]",1
34780,"[1, 2]",1
476789,[1],1
571717,"[1, 1, 2, 1, 2, 1, 1, 1, 2, 1, 2, 1]",1
860727,"[1, 1, 1]",1
303743,"[1, 1, 2, 1, 1, 1, 2, 1, 1, 1, 1, 1, 2]",1
763926,"[1, 1, 1, 4, 1]",1
480022,[1],1
878528,"[2, 1]",1
869989,"[2, 1]",1
565458,"[1, 2, 1, 1, 1, 2, 1]",1
590462,"[1, 1, 1, 1, 2, 1, 1, 2, 1]",1
130752,"[2, 1]",1
165970,"[1, 1, 2, 1, 1, 1]",1
95019,"[1, 1, 1, 1, 1, 1, 2, 1]",1
967950,"[1, 2, 1, 1, 1, 2, 1, 1, 2, 1, 1, 2, 1, 1, 1, 2, 1, 1, 1, 1]",1
432321,[1],1
155476,[1],1
764219,"[1, 1, 1, 1, 1, 2, 1, 1, 2, 1, 1, 1, 2, 1, 1, 1, 1, 1, 2, 1, 2, 1]",1
164780,"[2, 1, 2, 1, 2, 1]",1
823684,"[1, 2, 2, 1]",1
824338,"[1, 2]",1
797771,"[1, 2, 1, 2, 1, 2]",1
411985,"[2, 1]",1
734618,"[1, 2]",1
67384,"[1, 1, 1, 1, 1, 2, 1, 2]",1
310423,[1],1
944812,"[1, 2]",1
688326,"[1, 1, 2]",1
811396,"[1, 1, 1, 1, 1, 2]",1
382964,"[2, 1, 2, 1, 2, 1]",1
351196,"[2, 1, 1, 2, 1, 2, 1, 1, 1, 1, 1, 1, 1, 1, 1, 1, 2, 1, 1, 1, 1, 1, 1, 1, 1, 1, 1, 1, 1, 1, 1, 1, 2, 1, 1, 1, 1, 1]",1
768696,"[1, 2, 1, 1]",1
913720,"[2, 1]",1
119128,"[1, 1, 1]",1
802849,"[1, 2, 1, 1]",1
626156,"[2, 1]",1
515793,[1],1
580211,"[1, 1, 1, 2, 1, 2, 1, 1, 1]",1
617165,"[1, 2]",1
658540,"[2, 1, 1, 1, 1]",1
428108,"[2, 1, 1, 2, 1, 1, 2]",1
438051,"[1, 2]",1
49129,"[2, 1]",1
270366,"[1, 2, 2, 1, 1, 2]",1
224039,[1],1
148828,[1],1
549310,"[1, 1, 2]",1
367916,"[1, 1, 2, 1, 1, 1, 2, 1, 1, 1, 1, 2, 1, 2, 2, 1]",1
550784,[1],1
497014,"[1, 1, 2, 1, 1, 1, 1, 1]",1
625399,[1],1
701033,"[1, 1, 2, 1, 1, 2, 1]",1
58226,"[1, 2]",1
696825,"[1, 2]",1
27425,"[1, 1, 2, 1, 1, 1]",1
1009937,"[1, 1, 1, 1]",1
241400,"[2, 1]",1
136244,[1],1
450264,"[1, 2, 1, 2, 1]",1
283913,"[1, 1, 2, 1, 1, 1, 2, 1, 1]",1
52308,[1],1
790731,"[1, 1, 1, 1, 1, 1, 1, 1, 1, 1, 1, 1]",1
53738,"[1, 1, 2]",1
141541,[1],1
1041276,"[1, 2]",1
730470,[1],1
1046031,"[1, 2, 1, 1, 2, 2, 1, 1]",1
514460,[1],1
200591,"[2, 1, 1, 1, 1]",1
966661,"[1, 1]",1
398883,"[2, 1]",1
1008537,[1],1
26753,"[1, 1, 1, 1, 1, 1, 1, 1, 2, 1, 2, 1, 1, 1, 1, 1, 1, 1, 1, 2, 2, 1, 1, 2, 1, 1, 1, 1, 1, 1, 1, 1, 1, 1, 1, 1, 2, 1, 1, 1, 1, 1, 1, 1, 1, 1, 1, 2, 1]",1
611109,"[1, 2]",1
482688,"[1, 1, 1, 1, 1, 1, 1, 1, 1, 1, 1, 1, 1]",1
489911,"[1, 2]",1
957228,"[1, 1, 2, 1, 1, 1, 1, 1, 2, 1, 1, 1, 1, 1, 1, 2]",1
67198,"[1, 1, 1, 1, 1]",1
411144,[1],1
452015,"[2, 1]",1
1014111,[1],1
876731,"[1, 1, 1, 1, 2, 1, 2, 1, 2, 1, 1, 2, 1, 1, 2, 1, 1, 1, 1, 2, 1, 1, 2, 1]",1
165507,[1],1
960386,"[1, 1, 2, 2, 1, 2, 1, 2, 1, 1, 2, 1, 1, 2, 1, 1, 1, 1, 1, 1, 1, 1, 1, 1, 1, 1, 1, 1, 1, 1, 2, 1, 2, 1, 2, 1, 1, 2]",1
789052,"[2, 1]",1
326222,"[1, 2]",1
144265,"[2, 1]",1
664544,[1],1
989580,"[2, 1]",1
142670,"[1, 1, 1, 1, 1, 1, 1]",1
765696,"[1, 1, 1]",1
1027198,"[1, 1, 1]",1
492086,"[1, 1, 1, 2, 1, 2, 1]",1
346731,"[1, 2, 2, 1]",1
446493,"[1, 2, 1, 2, 1, 2]",1
721665,[1],1
534527,"[1, 1, 1, 2, 1, 1, 1, 1, 1, 2]",1
760071,"[1, 2, 1]",1
152988,[1],1
401496,"[1, 1, 1, 1, 2, 1, 1, 2, 1, 1, 1, 1, 1, 1, 1]",1
450353,"[1, 1, 1, 1, 1, 1, 1, 1, 2, 1, 2, 1, 1, 2, 1, 1, 2, 1]",1
381219,"[1, 2, 1, 1]",1
1042625,"[2, 1]",1
280252,[1],1
190702,"[1, 1, 1, 1, 2, 1, 1, 1, 1, 1, 1, 1, 2, 1, 1, 2, 1, 1, 1, 1, 1, 1, 2, 1, 1, 1, 2]",1
258538,"[1, 2]",1
1036539,"[1, 2, 1, 2]",1
299278,"[1, 2, 1, 2, 2, 1, 2, 1, 1, 2]",1
282124,"[1, 1, 1, 2, 1, 2, 1, 2, 1, 1, 2, 1, 2, 2, 1, 2, 1, 2, 1, 2, 1, 1]",1
909464,"[2, 1]",1
124314,"[1, 1, 1, 1, 1, 1, 1, 1, 1, 1]",1
725655,"[1, 1, 1, 2, 1, 1, 1, 1, 1, 1, 1, 1, 2]",1
1012195,"[1, 1, 1, 1, 1, 2, 1, 1, 1, 1, 1, 1, 1, 1, 1, 1, 1, 1, 1, 2, 1, 1, 2, 1, 1, 1, 1, 1, 1, 1, 1, 1, 1]",1
870819,"[2, 1]",1
406747,"[1, 1, 1, 1, 1, 1]",1
771669,"[2, 1]",1
561359,"[1, 1, 2, 1]",1
277159,"[1, 2, 2, 1]",1
932128,"[2, 1]",1
401709,"[1, 1, 1, 1, 2, 2, 1]",1
734941,"[1, 2, 1]",1
346686,"[1, 2]",1
480568,"[1, 1, 1, 1, 1, 1]",1
835694,[1],1
454234,"[1, 2]",1
695470,"[2, 1]",1
1041157,"[1, 1, 1, 1, 2, 1, 2, 2, 1, 1, 1, 1, 1]",1
522279,"[1, 1, 1, 1, 1, 1, 1, 1, 1, 2, 1, 1, 2, 1, 1, 2, 1, 1, 1, 1, 1, 2, 1, 1, 1, 1, 1, 1, 1, 1, 1, 1, 2, 1, 1, 1, 2, 1, 1, 1, 1, 1]",1
909029,"[1, 1, 2, 1, 2, 1, 1]",1
714944,"[1, 1]",1
952589,"[1, 2, 2, 1, 2, 1, 1, 2]",1
949568,"[2, 1, 1, 2]",1
1023674,"[2, 1]",1
872580,[1],1
254255,"[2, 1, 3, 2, 1, 2, 1]",1
321010,[1],1
382778,"[1, 1, 1, 2, 1, 1, 1, 1, 1, 2, 1, 1, 1, 1, 2, 1, 2, 1, 2, 1, 2, 2, 1, 2, 1, 2, 1, 1, 2, 1, 2, 2, 1]",1
409299,"[2, 1, 1, 2]",1
1040439,"[1, 2, 1, 2, 1, 1, 1, 3, 3, 1, 1]",1
142190,"[1, 2, 1]",1
795920,"[1, 1, 2, 1]",1
576253,"[2, 1]",1
157931,"[1, 1, 1, 1, 1, 1, 2, 2, 1, 2, 1, 1, 1, 1, 1, 1, 1, 1, 2, 1, 2, 1, 1, 2, 1]",1
1022663,[1],1
447771,"[1, 1, 1]",1
968193,"[1, 2, 1, 2, 1, 2, 1, 1, 1, 1]",1
373124,"[1, 2]",1
915269,"[2, 1]",1
323066,"[2, 1]",1
687906,"[2, 1]",1
923954,"[2, 1, 2, 1]",1
28164,"[1, 2, 1]",1
516180,[1],1
80399,"[1, 1, 2, 1]",1
971232,"[2, 1]",1
697413,"[2, 1, 1]",1
751808,"[1, 2, 2, 1, 2, 1, 1, 2]",1
875097,"[1, 1, 1]",1
622456,"[1, 1, 1, 1, 1, 2, 1, 1, 2, 1, 1, 1, 2, 1, 1, 2, 1, 1, 1, 1, 1]",1
246967,"[1, 1, 1, 2, 1, 1, 2, 1, 1, 2, 1, 1, 1, 1, 1, 1, 1, 1, 1, 1, 1, 1, 1, 1, 1, 2, 1, 2, 1, 1, 2, 1, 1, 1, 2]",1
383096,"[1, 2]",1
389851,"[1, 1]",1
780319,"[1, 1, 2, 1, 1, 1, 1, 2, 1, 1, 2, 1, 1, 2, 1, 1, 2, 1, 1, 2, 1, 1, 1, 1, 1, 2, 1, 1]",1
150540,"[1, 2, 2, 1, 1, 2]",1
957708,[1],1
85080,"[1, 1, 1, 1, 1, 1, 1, 1, 1, 1, 1]",1
917940,"[1, 2]",1
646087,[1],1
116852,"[1, 1, 1, 1, 1, 2, 1]",1
127550,"[1, 2]",1
983899,"[1, 1]",1
721073,"[1, 2, 1, 2]",1
1043616,"[1, 1, 1, 1, 1]",1
69784,[1],1
818430,"[1, 1, 1, 1, 1, 1, 2, 1, 1, 1, 2]",1
466956,"[2, 1]",1
702614,"[2, 1]",1
816416,"[1, 1]",1
491713,"[1, 1, 1]",1
208180,"[1, 2]",1
472355,"[1, 1, 1, 1, 2, 1]",1
557574,[1],1
260728,"[2, 1, 2, 1]",1
668238,"[1, 1, 1, 2, 1, 1, 2, 1]",1
163546,"[1, 1, 1, 1, 1]",1
871422,"[1, 1, 1, 1, 1, 1, 2, 1, 1, 1, 2, 1, 1, 1, 1, 1, 1, 1, 1, 1, 1, 2, 1, 1, 1, 1, 1, 2, 1, 1, 1, 1, 1, 2, 1, 1, 2, 1, 2, 1, 1, 1, 2, 1, 2, 1, 1, 1, 2, 1, 1, 1, 1]",1
459390,"[1, 1, 1, 1, 1, 1, 1]",1
370936,[1],1
369567,"[1, 2]",1
715058,[1],1
129214,"[2, 1]",1
297072,"[1, 2]",1
117905,"[2, 1]",1
800083,"[1, 1, 1, 2, 1, 2, 1, 1, 2, 1, 1, 1, 1, 1, 1, 2, 1, 1, 2, 1, 1, 1]",1
664333,"[1, 1, 1, 1, 1, 2, 1, 1, 1, 2, 1, 2, 1, 1, 2, 1, 1, 1, 2, 1, 1, 1, 1]",1
558054,"[2, 1]",1
866217,"[2, 1]",1
836116,"[1, 2, 2, 1]",1
1012489,"[2, 1]",1
3986,"[1, 1, 1, 1, 2, 1, 1, 2, 3, 1, 2, 1, 1, 2, 1, 1, 2, 1, 1]",1
626989,"[1, 1, 1]",1
939791,"[2, 1]",1
36827,"[1, 1, 1]",1
669307,"[1, 2, 1]",1
818760,"[1, 1, 1, 1, 1]",1
298247,"[1, 1, 1, 2]",1
910380,[1],1
150915,[1],1
760237,"[1, 1, 1, 1, 1, 1, 1, 1, 2, 1, 1, 1, 1, 1, 1, 1]",1
232524,[1],1
362754,"[1, 1, 1, 2, 1, 1, 1, 1, 2]",1
453114,"[2, 1]",1
301400,"[1, 1, 1, 1, 2]",1
862670,"[1, 1, 1, 1, 1, 1, 1, 1, 1, 1, 1, 1, 1, 1, 1, 1, 1, 1, 1]",1
867831,"[1, 1, 2, 1]",1
1029810,"[1, 1, 1, 1]",1
729838,"[1, 2, 2, 1, 2, 1, 2, 1, 2, 1, 2, 1]",1
134128,"[1, 2]",1
363,"[2, 1, 1, 1, 1, 1, 2, 1, 1, 2, 1, 1, 2, 1, 1, 1, 2, 2, 1, 2, 1, 1, 2, 1, 1, 1, 1]",1
1010660,"[1, 1, 1, 1, 1, 1, 1, 2, 1, 1, 2, 1, 1, 1, 2]",1
316617,"[1, 2]",1
81905,"[2, 1]",1
950399,[1],1
508677,"[2, 1]",1
823943,[1],1
93995,"[1, 1, 1, 1, 2]",1
168445,"[1, 1, 1, 2, 1, 1]",1
255168,"[1, 1, 1, 1, 1, 1, 1, 1, 1, 1, 1, 1, 1, 1]",1
486934,"[1, 1, 1, 1, 1, 1, 1, 1, 1, 1, 1, 1, 1, 1]",1
902786,"[1, 2]",1
47558,"[1, 1, 1, 1, 2, 1, 2, 1]",1
558501,"[1, 2]",1
202472,"[2, 1, 1, 2, 2, 1, 2, 1, 1, 2]",1
793319,"[2, 1]",1
144092,"[1, 2, 1, 1]",1
70647,"[1, 1, 1, 2, 1, 2, 1, 1, 1, 1, 1, 1, 1, 2, 2, 1, 1, 2, 1, 1, 1, 1, 1, 2, 1, 1, 2, 1, 1, 1, 2, 1, 1, 1, 1, 1, 1, 1, 1, 1, 1, 1, 1, 2, 1, 1, 2, 2, 1, 1, 2, 3, 1, 1, 1]",0
324553,"[1, 1, 1, 1]",1
531819,[1],1
683465,"[1, 2, 1, 2]",1
102256,"[1, 1, 1, 1, 1]",1
48497,[1],1
758904,"[1, 1]",0
239352,"[1, 1, 1]",1
460282,"[2, 1, 1, 1, 2, 1, 1, 1, 2, 2, 1, 1, 1, 2, 1, 2, 1, 1, 1, 1, 1]",1
452391,"[1, 2]",1
242559,[1],1
123575,"[2, 1]",1
257735,"[2, 1]",1
223182,[1],1
264855,[1],1
298198,"[1, 1, 1, 1, 1]",1
967711,"[1, 1, 1, 1, 1, 2, 1]",1
221353,"[1, 1, 1, 2, 1, 1, 2, 1, 1, 1]",1
127322,[1],1
538795,"[1, 2, 1, 1, 2, 1, 1, 2, 1]",1
386775,"[1, 1, 1]",1
181367,[1],1
988839,"[1, 2, 1, 2, 2, 1, 1, 2]",1
919800,"[2, 1, 2, 1, 1, 2, 1, 1, 1, 1]",1
99255,"[1, 1, 2, 1, 1, 1]",1
335814,"[2, 1]",1
822900,"[1, 1]",1
769319,"[1, 2]",1
512771,"[2, 1]",1
342048,[1],1
884847,"[1, 1, 2, 1]",1
322203,[1],1
683918,"[1, 1, 1, 2, 1, 1, 1, 1, 1, 1, 2, 1, 1, 2, 1, 1, 2, 1]",1
199438,"[1, 2, 2, 1, 2, 1, 1, 2, 1, 1, 2, 1, 1, 3, 1, 1, 1, 1, 1, 2]",1
832910,"[2, 1, 2, 1]",1
533948,"[2, 1, 1, 2]",1
127666,"[2, 1, 1, 1, 1, 1]",1
56977,[1],1
228804,"[2, 1]",1
976794,"[2, 1]",1
428770,"[2, 1]",1
470946,"[1, 1, 1, 1, 1, 1, 1, 2, 1]",1
191260,"[1, 1, 1, 2, 1, 1, 2, 1, 2, 1, 1, 2, 2, 1, 1, 2, 1, 1, 1]",1
170350,"[1, 1, 1, 1, 1, 1, 1, 1, 1, 1, 1, 2, 1, 2, 1, 3, 1, 1, 1, 2, 1, 3, 1, 2, 1, 1, 2, 1, 1, 1, 1, 1, 1, 1, 1, 1, 1, 1, 1, 1, 1, 1, 1, 1, 1, 1, 1, 1, 1, 1, 1, 1, 1]",0
790200,"[2, 1]",1
44331,"[2, 1, 2, 1]",1
326611,[1],1
740065,"[2, 1, 1, 2, 1, 1]",1
275656,"[1, 1, 1]",1
897010,[1],1
240276,"[2, 1]",1
382452,"[1, 1, 2, 1, 1, 2, 1, 1, 1, 2, 1, 1, 1]",1
247265,"[2, 1, 1, 2, 1, 2]",1
715862,"[1, 1]",1
890976,"[2, 1, 2, 1]",1
1039432,"[1, 1]",1
668165,"[1, 1, 1, 1, 1, 2, 1, 1, 1, 1, 1, 2, 1, 2, 2, 1]",1
619071,"[1, 2]",1
1009345,"[1, 2, 1, 1, 1, 1, 1, 1, 2, 1, 1, 2, 1, 1, 2, 1, 1, 1, 1, 2, 1, 2, 1]",1
433600,"[1, 1]",1
894043,[1],1
355778,"[1, 1, 2, 1, 2, 1, 2, 1, 1, 2]",1
871646,"[1, 2]",1
323542,"[1, 1, 1, 1, 1, 1, 2, 1, 1, 1]",1
24385,"[1, 2, 1]",1
245515,"[1, 1, 1]",1
158658,"[1, 1, 1, 1, 1]",1
117266,"[1, 2]",1
753464,"[1, 2, 2, 1, 1, 2, 1, 1, 1, 2, 1, 1, 2]",1
779292,"[1, 1, 1, 1]",1
679054,"[2, 1]",1
949798,"[1, 2, 2, 1, 2, 1, 1, 2, 2, 1, 2, 1, 1, 2, 1, 2]",1
537639,[1],1
69738,"[2, 1, 1, 2]",1
627564,"[2, 1]",1
583109,"[1, 2, 2, 1]",1
530041,"[1, 1, 1, 1, 1, 1, 1]",1
98401,"[1, 2, 1, 1, 1]",1
35906,"[2, 1]",1
915295,"[1, 1, 1]",1
1035320,"[1, 1, 1, 1, 2, 1, 2, 1, 1, 1, 1, 2, 1, 1, 1, 1, 2, 2, 1, 1, 2, 1, 2, 2, 1, 1, 1, 1, 1, 2, 2, 1, 1, 2, 1, 1, 1]",1
485134,"[1, 1, 1, 1, 1, 1, 1, 2, 1, 1, 2, 1, 1, 2, 1, 1, 1, 1, 1, 2, 1, 1, 2, 1, 1, 2, 1, 1, 1, 1, 1, 1, 2, 1, 1, 1, 1, 2, 1, 1, 2, 1]",1
774932,"[1, 2]",1
377995,"[1, 1, 1, 1, 1, 1, 2, 1, 2, 1]",1
885746,"[1, 2]",1
371051,"[1, 1, 1, 2, 1, 1, 1, 1, 2, 1, 1]",1
875337,"[1, 1, 2]",1
112628,"[2, 1]",1
324040,"[1, 2, 2, 1, 2, 1]",1
4743,"[2, 1, 1, 2, 1]",1
321537,"[1, 2, 3, 1, 2, 1]",1
814687,"[1, 1, 1, 1]",1
271164,"[2, 1, 1, 1, 1, 1, 2, 1, 2, 1]",1
181900,"[1, 1]",1
996256,"[1, 2]",1
125986,"[2, 1]",1
805331,"[2, 1, 2, 1, 1, 2, 2, 1, 2, 1, 2, 1, 2, 1, 1, 2, 2, 1, 1, 2, 1]",1
659793,"[2, 1]",1
450672,"[2, 1, 1, 2, 2, 1]",1
288762,"[1, 2]",1
103314,[1],1
622087,"[1, 2]",1
821272,"[2, 1, 2, 1, 1, 1, 1, 1, 1, 2, 2, 1]",1
825827,"[1, 1, 1, 1, 2, 1]",1
936560,"[2, 1, 2, 1, 2, 1, 1, 2, 1, 1, 2, 2, 1, 2, 1, 1, 2, 1, 2, 1, 1, 1, 1, 1, 2, 1, 2, 1, 2, 1, 2, 1, 2, 1, 1, 1, 2, 1]",1
304166,"[1, 1, 1, 1, 1, 1, 1, 1, 1, 1, 1, 1, 1]",1
662044,"[1, 2]",1
451194,"[2, 1]",1
744785,"[1, 2]",1
713802,"[2, 1, 2, 1]",1
909538,"[1, 1, 1, 1, 1, 1, 1]",1
104045,"[1, 2, 2, 1, 1, 2]",1
244468,"[2, 1]",1
679168,"[1, 1, 1, 1, 1, 1, 2, 1, 1, 2, 1, 1, 2, 3, 4, 1, 4, 1, 4, 4, 4, 1, 4, 4, 4, 4]",0
637184,"[1, 2]",1
270230,"[2, 1]",1
252736,"[2, 1, 1]",1
841420,"[1, 2, 2, 1]",1
28568,"[2, 1]",1
228613,[1],1
840311,"[1, 1]",1
986488,"[1, 1, 1, 1]",1
689067,[1],1
581560,"[1, 2]",1
24870,"[2, 1]",1
35816,"[1, 2, 1, 1, 2, 1, 1, 1, 2, 1, 2, 1, 1, 1]",1
125643,"[1, 1, 1, 2, 1, 2, 1]",1
229165,"[2, 1, 2, 1]",1
436040,[1],1
127272,"[1, 1, 1, 1, 1, 2, 1]",1
692175,"[2, 1]",1
594622,"[1, 2]",1
959511,"[2, 1, 1, 2]",1
88106,"[1, 2]",1
856094,"[1, 2, 1]",1
933527,"[1, 2, 2, 1, 2, 1, 1, 1, 1, 1, 1, 1, 1, 1, 1, 1, 1, 1, 1, 1]",1
792518,"[1, 1, 1, 1, 1, 1, 1, 2, 1, 1]",1
66229,"[1, 1, 1, 1, 1, 2, 1, 2, 1]",1
320533,"[1, 2, 1, 2, 2, 1]",1
482535,"[1, 2]",1
18530,"[1, 1, 1, 1, 2, 1]",1
949806,"[1, 2]",1
525345,"[1, 1, 2]",1
1016492,"[2, 1, 2, 1, 2, 1]",1
869368,"[1, 1, 1, 2, 1, 1, 2]",1
239245,"[1, 2, 1, 1, 1, 2, 1, 1, 2, 1, 2]",1
346489,[1],1
331281,[1],1
901151,"[1, 1]",1
849957,"[2, 1]",1
256097,[1],1
15422,[1],1
86985,"[1, 2]",1
623729,"[1, 2]",1
396611,"[1, 2, 2, 1, 2, 1, 1, 1, 2, 1, 2, 3, 4, 1, 2, 1, 1, 2, 1, 2, 1, 2, 1, 1, 1, 1, 1, 2, 2, 1, 1, 2]",1
843140,"[1, 2, 3]",1
1028739,"[1, 1, 1, 1, 1, 1, 1, 1]",1
47731,[1],1
638846,"[1, 1, 1, 2]",1
581243,"[1, 2, 1, 1, 2, 1, 1, 1, 2, 2, 1, 1, 2, 1, 1, 1, 1, 1, 2, 1, 2, 1, 2, 1, 2, 1, 1, 2, 1, 2]",1
942949,"[1, 2]",1
418607,"[2, 1]",1
898444,"[1, 1, 1]",1
749516,"[1, 1, 1, 1, 2, 1, 1, 2, 2, 1, 1, 1, 1, 1, 1, 1]",1
147582,"[1, 2, 2, 1, 2, 1, 1, 2, 2, 1, 2, 1, 1, 2, 2, 1]",1
404451,[1],1
620466,[1],1
305586,"[1, 1, 1, 2, 1, 1, 2, 2, 1, 1, 2, 1, 1, 2, 1]",1
314513,"[1, 2]",1
735236,[1],1
98313,"[1, 2, 1, 2, 1, 1, 1, 1, 2]",1
22309,"[1, 1, 1, 2, 1, 1, 1, 1, 2, 1, 1, 1, 2, 1]",1
160719,"[1, 1, 1, 1, 2, 1]",1
983658,"[2, 1]",1
297285,[1],1
207183,"[1, 2, 1, 1, 1, 2, 2, 1, 1]",1
656765,"[2, 1]",1
863621,[1],1
576520,"[1, 1, 1, 1, 2, 1, 1, 1, 1]",1
610102,[1],1
542073,[1],1
1002443,"[1, 1, 1, 1, 1]",1
94111,"[1, 1, 1, 1, 2, 1, 1, 2, 2, 1, 2, 1, 1, 2, 2, 1, 2, 1, 1, 2, 2, 1, 2, 1, 1, 2, 1, 2, 1, 2]",1
395136,"[1, 1, 1, 1, 1, 1, 1, 1, 1, 1]",1
102961,"[1, 1, 1, 1]",1
519732,"[1, 2, 2, 1, 1, 2, 1, 1, 2, 1]",1
623689,"[2, 1]",1
692134,"[1, 3, 3, 1, 1, 1, 1, 1, 1, 1]",1
988881,"[1, 1, 1, 1, 1, 2, 2, 1, 2, 1, 1, 2, 1, 2, 1, 1, 2, 2, 1, 2, 1, 1, 2]",1
562476,"[1, 2]",1
557228,"[1, 1, 2, 1, 1, 1]",1
92476,"[1, 1, 1, 1, 1]",1
262336,"[1, 2, 2, 1, 1, 1, 2, 1, 1, 1, 2, 3, 2, 1, 1, 2, 1, 1, 2]",1
890457,"[2, 1]",1
737304,"[2, 1, 1, 2]",1
630653,[1],1
677852,"[1, 1]",1
609879,"[1, 1, 1, 2, 1, 1, 1, 2, 1, 1, 2, 1, 1, 1, 1, 2, 1, 1, 1, 1, 1, 1, 2, 1, 1, 1, 1, 1, 2, 1, 2, 1, 1, 2, 1, 1, 1]",1
623768,[1],1
744002,[1],1
988858,"[2, 1]",1
871004,"[1, 1, 1, 1, 1, 1, 1, 1, 1, 1, 1, 1, 1, 1, 1, 1, 1, 1, 1, 1, 1, 1, 2, 1, 1, 1, 1, 1, 1, 1, 1, 1, 2, 1, 1, 1, 1, 1, 1, 1, 1, 1, 1, 1, 2, 1, 2, 1, 1, 1, 2, 2, 1, 1, 1, 1]",1
966359,"[2, 1]",1
41372,"[1, 1, 1, 2, 1, 3, 1, 1, 1, 1, 1, 2, 1, 1, 1, 2, 1, 1, 2, 1, 2, 1, 2, 1, 1, 1, 1, 1, 1, 2, 2, 1, 2, 1, 2, 1, 2, 1, 1, 2, 1, 2, 1, 2, 1, 1, 2, 1, 1, 2, 2, 1, 1]",1
232915,"[1, 1, 1, 1]",1
184939,"[2, 1]",1
1008621,"[1, 2, 1, 1]",1
288869,[1],1
703660,[1],1
236883,"[2, 1]",1
298245,[1],1
736835,"[1, 1, 1]",1
46608,"[2, 1]",1
243569,"[1, 2, 1, 1, 1, 2, 1, 2, 2, 1, 2, 1, 1, 2]",1
364307,"[2, 1]",1
599721,"[1, 2, 2, 1]",1
419939,"[1, 1, 1, 1, 1, 1]",1
341114,"[1, 1, 1, 1, 1]",1
520781,"[2, 1]",1
815556,"[1, 1, 1, 2, 1, 2, 1, 2, 1, 1, 2, 1, 2, 1, 2, 1, 2, 1, 2, 1, 2, 2, 1, 1, 2]",1
520947,"[1, 1]",1
769506,"[2, 1, 2, 1]",1
352457,"[1, 1, 1]",1
37931,[1],1
527137,"[2, 1, 1, 2]",1
714019,"[1, 1]",1
214890,"[1, 1, 1, 2, 1]",1
784494,"[1, 2, 1, 1, 2, 1, 2, 1, 1, 2]",1
21798,"[2, 1]",1
52087,"[1, 1, 1, 2, 1, 2, 1, 2]",1
576250,"[1, 2, 1, 2]",1
313343,"[2, 1, 1, 1, 1, 2, 1, 2, 1, 1, 2, 1, 2, 1, 1, 2, 1, 1, 2, 2, 1, 2, 1, 1, 2, 1, 2, 2, 1, 1, 1]",1
728705,"[1, 1, 1]",1
205203,"[1, 1]",1
675746,"[1, 2, 2, 1, 1, 2, 1]",1
460989,"[2, 1]",1
736430,"[1, 2]",1
63223,"[1, 1, 2, 1, 1, 1, 2, 1, 2, 1]",1
393369,[1],1
438672,"[1, 1]",1
524915,"[2, 1]",1
83337,"[1, 2, 3, 4, 1, 1, 1, 1]",1
302971,"[1, 1, 2, 1, 1, 1, 2, 1, 1, 1, 1, 1, 2, 1, 1, 2, 1, 2]",1
268624,"[1, 2]",1
161440,"[1, 2, 1, 2]",1
570543,"[1, 1, 1, 2, 1, 1, 1, 2, 1, 1, 1, 1, 1, 2, 1, 1, 2]",1
94943,"[2, 1]",1
809508,"[1, 2]",1
888249,"[2, 1]",1
383827,"[1, 2]",1
876243,"[1, 2, 1]",1
157628,"[1, 2, 2, 1]",1
452395,"[1, 2, 1, 1, 1, 2, 1, 2, 1, 1]",1
128719,"[1, 1, 1]",1
1072,"[1, 2, 1, 2, 1, 1, 2]",1
303004,[1],1
965999,"[1, 2, 1, 2, 1, 2, 2, 1, 1, 2]",1
163679,[1],1
656535,"[1, 1, 1, 2, 1, 1, 2, 1, 1, 1, 1, 2, 1, 2, 1, 1, 1, 2, 1, 1]",1
459039,"[1, 1]",1
979431,"[2, 1]",1
620544,[1],1
838908,"[1, 1, 1]",1
503536,"[1, 2, 2, 1, 2, 1, 1, 2, 1, 2, 2, 1, 2, 1, 2, 1, 2, 1, 1, 2, 2, 1, 1, 2, 1, 2, 1, 2, 2, 1, 2, 1, 1, 2, 1, 2, 2, 1]",1
174602,[1],1
658261,"[2, 1]",1
1009349,"[1, 2]",1
812288,"[2, 1, 1, 2]",1
824652,[1],1
171407,[1],1
791459,"[1, 2, 1, 2, 2, 1, 2, 1]",1
831259,"[2, 1, 1]",1
271892,"[2, 1, 1, 2, 1, 2, 1, 1]",1
588785,"[2, 1]",1
231389,"[1, 2, 2, 1, 2, 1, 2, 1]",1
615046,"[1, 1, 2, 1]",1
38924,"[2, 1]",1
863949,"[1, 1, 1, 1, 1, 1, 1, 2, 1, 1, 2, 3, 3, 3, 1, 1, 1, 4, 1, 1, 1, 1, 1, 1, 1, 1, 1, 2, 1, 2, 1, 1, 1, 1, 2, 1, 2, 1, 3, 1, 4, 1, 4, 1]",1
412625,"[2, 1, 1, 2, 2, 1]",1
1016848,"[2, 1, 1, 1, 2]",1
829818,[1],1
616251,[1],1
881786,"[1, 1, 1, 1, 1, 1, 2, 1]",1
439663,"[2, 1]",1
47825,"[1, 2]",1
594336,"[2, 1, 1, 2]",1
125582,"[1, 1, 1, 2, 1, 2, 1, 1, 2, 1, 2, 2, 1, 2, 1, 1, 2, 1, 2, 1, 2, 2, 1, 2, 1]",1
171683,"[1, 1, 1, 1, 1, 1, 1, 1, 1, 1, 2, 1, 1, 1, 1, 1, 2, 1, 1, 2, 1, 1, 2, 1, 1, 1, 1, 1, 2, 1, 1, 1]",1
235723,"[1, 1, 1, 2, 1]",1
674984,"[1, 1, 1, 2, 1]",1
728316,"[2, 1, 1, 2, 1, 2, 1, 2, 1, 2]",1
956885,[1],1
74315,[1],1
125338,[1],1
1019032,[1],1
192404,"[1, 2, 1, 1, 2, 1]",1
458233,"[1, 2]",1
959285,"[2, 1]",1
1038675,"[2, 1, 1, 2, 1, 2, 1, 2, 1, 2, 1, 2, 1]",1
151786,"[1, 1, 1, 1, 2, 1, 2, 1, 1, 2, 1, 1, 1, 1, 1, 2, 1, 1, 2, 1, 1, 2, 1, 1, 2, 1, 1, 1, 1, 1]",1
996515,"[1, 1, 1, 1, 1, 1, 1, 1]",1
151816,"[2, 1, 3, 1, 2]",1
508111,[1],1
163561,"[1, 1, 1, 1, 1, 1]",1
199607,"[1, 2, 1, 3, 1, 1, 1, 1, 1]",0
1025982,[1],1
159007,"[1, 1]",1
695448,"[1, 2]",1
337565,[1],1
918726,[1],1
1027991,"[1, 1, 1, 1, 1, 1]",1
1020062,"[1, 1]",1
327817,"[1, 1, 1, 2, 2, 1, 1, 1, 2]",1
495195,"[2, 1, 1, 2, 1, 1, 2]",1
516434,[1],1
465485,"[1, 2]",1
967529,"[1, 1, 1, 1, 1, 2, 1, 2, 1, 1, 1, 2, 1, 1, 1, 3, 1]",0
669465,"[1, 2]",1
672721,"[1, 2, 1, 2, 2, 1, 1, 2, 1, 2, 1, 2, 2, 1, 1, 2, 2, 1, 2, 1]",1
280335,"[2, 1, 1, 2, 2, 1, 2, 1]",1
659837,"[1, 2]",1
547131,"[2, 1]",1
362404,"[1, 1, 2, 1]",1
85252,"[1, 2, 1, 1, 2, 2, 1, 2, 1, 2, 1, 2, 1, 1, 2, 1, 1, 1, 2, 1, 2, 1, 1, 2, 2, 1, 2, 1]",1
735058,"[1, 1, 1, 2, 1]",1
337618,"[1, 1, 1, 1]",1
933502,"[1, 2]",1
741241,"[2, 1]",1
790744,"[1, 2, 1]",1
659230,"[2, 1, 1, 1]",1
597204,"[2, 1, 1, 1]",1
402348,"[1, 1, 1, 1]",1
802940,[1],1
514207,"[2, 1]",1
604836,"[2, 1]",1
324768,"[1, 2]",1
545392,[1],1
977859,[1],1
236623,"[1, 1, 1, 2, 1, 1, 2, 1, 2, 2, 1, 2, 1, 2, 1, 2, 1, 1, 2, 1, 2]",1
430308,"[1, 1, 1, 1, 2, 1, 2, 2, 1, 1, 1, 1, 1, 1, 2]",1
241920,"[2, 1, 2, 1]",1
831430,"[1, 2]",1
220239,"[1, 1, 1, 2]",1
266179,"[2, 1]",1
649051,"[2, 1, 3, 1, 1]",0
97998,"[1, 2, 1, 2, 2, 1, 3]",1
61716,"[1, 2]",1
159374,"[1, 1, 1, 1, 1, 1, 1, 1, 2, 1, 1, 1, 1, 2, 1, 1, 1, 2, 2, 1, 2, 1, 1, 1, 1, 1, 1, 1, 1, 1, 2, 1, 2, 1, 2, 2, 1, 1, 2, 1, 2, 1, 1]",1
934342,"[1, 2]",1
288704,"[1, 2]",1
606521,"[1, 1, 1, 1, 1, 2, 1]",1
987794,"[1, 1]",1
149797,"[1, 2]",1
494664,"[1, 1, 1, 1, 1, 1, 1, 2, 2, 1, 1, 2, 1, 2, 1, 1, 2, 2, 1, 2, 1, 1, 2, 2, 1, 2, 1, 1, 2, 1, 2, 1, 1, 2, 2, 1, 1, 1, 1]",1
620194,"[1, 2, 1, 2, 1]",1
751308,[1],1
973102,"[1, 1, 1, 1]",1
730904,[1],1
909708,[1],1
45354,"[1, 2]",1
418316,"[1, 1, 2, 1, 2, 1, 1, 1, 1, 1]",1
583647,"[2, 1]",1
172793,"[1, 1, 1, 1, 1]",1
981033,"[1, 1, 1]",1
1029635,"[1, 1, 1, 1, 3, 3, 1, 1, 1, 1, 1, 1, 1, 1, 1, 1, 1, 1, 1, 1, 1, 1, 1, 1, 1]",1
150248,"[1, 1, 1, 2, 1, 1, 1, 1]",1
273601,"[1, 2]",1
928448,"[2, 1, 1, 1, 2]",1
911041,"[1, 1, 1, 1, 1]",1
427464,"[1, 1, 2, 1]",1
975480,"[1, 2]",1
667272,"[1, 1, 2, 1, 1, 2, 1]",1
405774,"[1, 2, 1, 1, 1, 1, 1, 1, 1, 1, 1, 1, 1, 1, 1, 1, 1, 1, 1, 1]",1
186075,"[1, 2, 1, 2, 1, 1, 1, 1, 1, 2, 2, 1, 2, 1, 2, 1, 2, 1, 2, 1, 1, 2]",1
460104,[1],1
43367,"[1, 1, 1, 1, 1]",1
227951,"[1, 1, 2, 1, 1, 2]",1
359200,"[2, 1]",1
335369,"[1, 1, 1]",1
168175,"[1, 1, 2, 1]",1
337070,"[1, 1, 1, 1, 2]",1
749379,"[1, 2, 1, 2]",1
200652,"[1, 1, 1, 1, 1]",1
742609,"[1, 1, 1, 1, 1, 2, 1, 2, 1, 1, 1, 1, 1, 1, 1, 1, 1, 2, 1, 1, 2, 1, 1, 1, 1, 1, 1, 1, 2, 1, 1, 2, 1, 2, 1, 1, 1, 2, 1, 1, 1, 2, 1, 1, 1, 1, 1, 2]",1
982396,"[2, 1, 1, 2, 2, 1, 1, 2, 1, 2, 1, 2, 1, 2, 1, 2, 2, 1, 1, 2, 2, 1, 1, 2]",1
990058,"[1, 2, 1, 2, 2, 1, 1, 2, 1, 1, 2, 2, 1, 2, 1]",1
493394,"[1, 2, 2, 1, 2, 1, 2, 1, 1, 2]",1
215383,"[2, 1]",1
192819,[1],1
742000,"[2, 1]",1
769861,"[1, 2, 1, 2, 3, 3, 1, 2, 1, 1, 1, 1, 1, 1, 2, 1, 4, 1, 1, 1, 2, 1, 1, 1, 1, 2, 1, 1, 1, 1, 2, 1, 1, 2, 1]",1
228455,[1],1
153122,[1],1
847582,[1],1
303076,[1],1
60326,"[1, 1, 1, 1, 2, 1, 1]",1
821148,[1],1
924979,"[1, 1, 2, 1, 2, 1, 1, 2, 1, 1, 2, 1, 2, 1, 2, 2, 1, 1, 2, 1, 2, 2, 1, 2, 1, 1, 2, 1, 1, 1, 2, 1, 2, 1, 1, 1, 2, 2, 1, 1, 1, 1, 1, 1, 2, 1, 1, 1, 1, 1, 1, 2, 1]",1
367555,"[1, 2]",1
1023131,"[1, 1]",1
351679,[1],1
245184,"[1, 1]",1
952348,"[1, 1, 1, 1, 1, 1, 1, 1, 1]",1
94893,"[2, 1, 1, 2, 2, 1, 1, 1, 1, 1, 1, 1, 1, 1, 1, 2, 2, 1, 1, 2, 2, 1, 2, 1, 2, 1, 2, 1, 1, 2, 2, 1, 1, 1, 2, 1, 2, 1, 3]",1
766439,"[1, 1, 1, 1, 1]",1
423130,"[1, 1, 1, 1, 2, 1, 2, 2, 1, 1, 1]",1
991485,"[1, 1, 1, 1, 1, 1, 1, 1, 1, 2, 1]",1
432828,"[1, 1]",1
212056,"[1, 2]",1
609192,"[1, 1, 1]",1
163482,"[1, 2]",1
307737,"[1, 2, 2, 1, 2, 1]",1
871084,"[1, 2, 1, 1, 1, 1, 1, 2, 3, 2, 1, 1, 2, 2, 1]",1
481562,"[1, 2, 2, 1, 2, 1, 1, 1, 1, 2, 1, 2, 1]",1
549017,"[1, 2]",1
953156,"[1, 2]",1
371994,"[1, 2, 1, 1, 1]",1
427223,"[2, 1]",1
370783,[1],1
827250,"[1, 1, 1, 1, 2, 1, 1, 2, 1, 1, 1, 2, 1, 1, 1, 2, 1, 1, 2, 1, 1, 1, 1, 1, 1, 2, 1, 1, 2, 1, 1, 2, 1, 1, 2]",1
356083,[1],1
754495,"[1, 2]",1
860182,"[2, 1]",1
896678,"[1, 1, 2, 1, 1, 2, 1, 1, 1, 1]",1
392067,"[2, 1, 2, 1, 1, 2, 1, 2, 1, 2, 2, 1, 2, 1, 3, 1, 2, 2, 1]",1
913546,"[2, 1, 1, 2, 1, 1, 1, 1, 1, 1, 2]",1
1003315,"[1, 2, 1, 1, 1, 1, 1, 1, 1, 1]",1
44554,"[1, 1]",1
786717,"[1, 2, 2, 1, 1, 2, 3, 2, 1, 1, 2, 3, 2, 1, 2, 1, 1, 2, 2, 1, 3, 2, 1, 1, 2, 1, 2, 1, 2, 1, 2, 2, 1, 1, 2]",1
338477,"[2, 1, 2, 1, 1, 2, 1, 2, 1, 2, 1, 2]",1
305061,"[2, 1, 1, 1, 2, 1, 1, 1]",1
684913,[1],1
163181,"[1, 1, 1, 1, 2, 2, 1, 1, 1, 2, 1, 1, 2, 1, 2, 1, 1, 2, 1, 2, 1, 2, 1, 1]",1
199951,"[1, 1, 1]",1
313090,"[1, 1, 1]",1
449966,"[1, 1, 1, 1, 1, 2, 1, 1]",1
396888,"[1, 1, 1, 1]",1
774204,[1],1
753951,[1],1
872958,"[1, 1, 1, 1, 2, 1, 1, 1, 2, 1]",1
389045,"[1, 2]",1
583953,"[2, 1]",1
495099,"[1, 2, 1, 2, 2, 1, 2, 1, 2, 1, 2, 1, 1, 1, 1, 2, 1, 2, 1, 2, 1, 1, 2, 2, 1]",1
147103,"[1, 1, 1, 1, 1, 1]",1
1001996,"[1, 2, 1, 1, 2, 2, 1, 1, 1, 2, 2, 1]",1
400943,[1],1
949349,"[2, 1]",1
581898,"[1, 2, 2, 1]",1
203528,"[1, 1, 2, 1, 2, 1]",1
919278,[1],1
1025321,"[1, 2, 1, 1]",1
437057,"[1, 2, 1, 2]",1
819141,"[1, 1, 1, 1, 2, 1, 1, 1, 2, 1, 2]",1
717718,[1],1
1152,[1],1
261456,"[1, 1, 1, 1, 1, 1, 1, 1, 1, 2, 1, 1, 1, 1, 1, 1, 2, 1, 3, 1, 1, 1, 2, 1, 1, 1, 2, 1, 1, 1, 2, 1]",1
134678,"[1, 1, 1, 1, 2, 2, 1, 2, 1, 1, 2, 1, 1, 1, 2, 1, 2, 1]",1
590602,"[2, 1]",1
109118,"[1, 1, 1, 1]",1
409236,"[1, 2]",1
244498,"[2, 1]",1
976131,"[2, 1]",1
608366,"[1, 1, 2, 1]",1
143907,"[1, 2, 1]",1
313329,"[1, 2, 1, 2, 1, 1, 2, 1, 2, 1, 1, 1, 1, 2]",1
757979,"[2, 1]",1
931849,"[1, 1, 1]",1
294305,[1],1
40537,"[2, 1]",1
804847,"[2, 1]",1
87683,"[1, 2, 1, 1]",0
131419,"[1, 2, 1, 1, 1, 1, 1, 1, 1]",1
560092,"[1, 1, 2, 1, 2, 1, 1, 1, 1, 1, 2, 1, 1, 1]",1
776529,"[1, 1, 1]",1
923083,"[2, 1, 2, 1]",1
926137,"[1, 2, 1, 1, 1, 2, 2, 1, 2, 1, 1, 2, 1, 1, 1, 2, 1, 1, 2, 1, 1, 1, 1, 2, 1, 1, 1, 2, 1, 1, 1, 2, 1, 2, 1, 2, 1, 1, 2, 1, 1, 1]",1
1019967,"[2, 1]",1
185484,"[2, 1]",1
151098,"[1, 1, 1, 1, 1]",1
169316,"[2, 1]",1
242284,"[1, 1, 1, 3, 1, 1]",1
421099,"[1, 2]",1
624410,"[1, 2, 1]",1
231998,"[2, 1]",1
211920,"[1, 2, 1, 2, 1, 2, 1, 2, 1, 1, 1, 2, 2, 1, 2, 1]",1
562462,"[1, 2, 1, 1, 2, 1, 1]",1
116400,"[1, 2, 2, 1, 2, 1]",1
331187,[1],1
290683,"[1, 2, 2, 1, 1, 2]",1
270009,[1],1
512382,"[1, 1, 1]",1
131241,[1],1
944896,"[1, 2, 1]",1
706910,[1],1
903833,[1],1
658657,"[1, 1]",1
416031,"[1, 2, 1]",1
730932,"[1, 1, 1, 1, 1, 1, 1, 1, 1]",1
791268,[1],1
628434,"[1, 2, 1, 1]",1
669847,"[1, 1, 1, 1, 2, 1, 1, 1, 1, 1, 1, 1]",1
1046989,"[1, 1, 1, 1, 1, 2, 1, 2, 1, 1, 1, 1, 1, 1, 1, 1, 2]",1
366091,"[2, 1, 1, 2]",1
762058,"[1, 1, 1, 1, 1, 1, 1, 1, 2, 1]",1
404772,"[1, 1, 1]",1
511013,"[1, 2]",1
396455,"[2, 1]",1
545359,"[1, 1, 1, 2, 3, 4, 1, 4, 1, 4, 4, 4, 1, 4, 4, 4, 4, 4, 1, 1, 2, 1, 4, 4, 4, 4, 1, 4, 4, 1, 4, 4, 4, 4, 4, 4, 4]",0
547602,"[2, 1]",1
73093,"[1, 1, 1, 2, 1, 1, 2, 1]",1
655629,"[1, 1, 1, 1]",1
756655,[1],1
248171,[1],1
260879,"[1, 1, 1, 1, 2, 2, 1, 2, 1, 2, 1]",1
500189,"[1, 2, 1, 1, 1, 2, 1, 1]",1
775346,"[1, 2, 1, 2]",1
421511,"[1, 1, 1, 1, 1, 1, 1, 1]",1
869966,"[1, 2]",1
966333,"[1, 1, 2, 2, 1, 1, 2]",1
971151,"[1, 1, 1, 1, 2, 1, 2, 1, 2, 1, 1, 2]",1
341918,"[1, 1, 1, 1]",1
712556,"[2, 1]",1
365122,"[1, 1]",1
289668,"[1, 2]",1
143311,"[2, 1, 3, 1, 1, 2]",1
527562,"[1, 1, 1, 2, 1, 1, 1, 1, 1, 1, 1, 2, 1, 1, 1, 2, 1, 1, 1, 1, 1, 1, 2, 1, 1]",1
868591,"[2, 1, 1, 2, 3, 2, 1]",1
170128,"[1, 2]",1
869320,"[2, 1, 2, 1, 2, 1, 1, 2, 2, 1, 1, 2, 1, 2, 2, 1, 1, 2, 1, 2, 1, 2, 1, 1, 1, 2, 1, 2, 1, 1, 1, 2, 1, 1, 2, 1]",1
619458,"[1, 1, 1, 2, 1]",1
360840,"[2, 1, 3, 1, 1, 1, 1, 1]",1
865086,"[1, 1, 1, 1, 1, 1]",1
840467,"[1, 1, 1, 1, 1, 1, 1, 1, 2, 2, 1, 1, 2, 1, 2, 2, 1, 1, 2, 1, 2, 1, 1, 2, 2, 1]",1
430769,"[1, 1, 1, 1, 2, 1, 1, 1, 1, 1, 1, 2, 1, 1, 2, 1, 2, 1]",1
280929,"[1, 1, 1, 1]",1
613074,"[2, 1, 2, 1]",1
757066,"[2, 1]",1
13049,"[1, 2, 2, 1, 1, 1, 1]",1
179901,"[1, 2, 1, 1, 1, 1]",1
774751,"[1, 2, 2, 1, 1, 2, 2, 1, 2, 1]",1
921069,"[1, 1, 1, 2, 1, 2, 2, 1]",1
1012240,"[1, 2]",1
195518,[1],1
628843,[1],1
218578,"[1, 1, 1, 1, 2, 1, 2, 1]",1
883116,"[2, 1, 2, 1, 2, 1, 2, 1, 1, 2, 2, 1, 2, 1, 1, 2, 2, 1, 1, 2]",1
338667,"[1, 1, 1, 2, 1]",1
851522,[1],1
1037755,"[1, 1, 1, 2, 2, 1, 1, 2, 1, 2, 2, 1, 2, 1, 2, 1, 2, 1, 1, 2, 1, 2, 2, 1, 1, 1, 1, 1, 1, 2, 1, 1, 2, 1, 1, 2, 1]",1
864703,"[2, 1]",1
928061,"[2, 1]",1
680414,"[2, 1, 2, 1, 1, 2]",1
66564,"[2, 1]",1
26602,[1],1
314386,"[1, 1, 1, 1, 1, 1, 1, 1, 1, 1, 1, 1]",1
480711,"[1, 1, 2, 1, 1, 2, 2, 1, 1, 2, 1, 1, 2, 1, 2, 1, 2, 1, 1, 1, 2, 1, 1, 1, 1, 1]",1
766792,"[1, 2, 1, 2, 1, 2, 1, 2, 2, 1, 2, 1, 2, 1, 1, 2, 2, 1, 2, 1, 2, 1, 1, 2]",1
895640,"[1, 1, 1, 1, 1, 1, 1, 2, 1, 3, 1, 1, 1, 2, 1, 2, 1, 1, 1, 1, 1, 1, 1, 1, 1, 1, 1, 2, 1, 2]",1
230516,"[2, 1]",1
937569,"[2, 1]",1
637357,"[1, 1]",1
6997,[1],1
282686,"[1, 1]",1
991450,"[1, 1, 2, 1, 2, 1, 2, 1, 2, 1, 1, 2, 1, 2, 2, 1, 1, 2]",1
552525,"[1, 1, 1]",1
413309,"[1, 2]",1
529148,"[1, 1, 2]",1
116397,"[2, 1]",1
821020,[1],1
368884,"[2, 1, 1, 1, 1]",1
300494,"[1, 2, 1, 2]",1
36438,[1],1
531293,"[1, 1, 1, 1, 1, 1, 2, 1, 1, 1, 2, 1]",1
392195,"[1, 2, 1, 1, 2, 1]",1
312151,"[1, 1, 1, 1, 1, 1, 1, 1, 1, 1, 1]",1
896753,"[1, 2]",1
58273,"[1, 1]",1
904604,"[1, 1, 2, 1, 1, 1, 2, 1, 1]",1
168623,[1],1
529475,"[1, 1, 2, 1, 1, 2, 1, 1, 2, 1, 1, 1]",1
878718,[1],1
429847,[1],1
954341,"[1, 1, 1]",1
838897,"[1, 2, 1, 1, 2, 1, 2, 2, 1, 1, 2, 2, 1, 2, 1, 1, 2, 1, 1, 2, 1, 1, 2, 1, 1, 1, 2, 1, 1, 2]",1
244547,"[2, 1, 1, 1, 1, 1, 2, 1]",1
856726,"[1, 2, 2, 1, 2, 1, 2, 1, 2, 1, 1, 1, 1, 1]",1
550566,[1],1
710958,"[1, 2]",1
70954,"[1, 2, 2, 1, 2, 1, 1, 2, 1, 2, 1, 2, 1, 2, 2, 1, 2, 1, 2, 1, 2, 1]",1
728583,"[2, 1]",1
938495,"[1, 2]",1
743042,"[1, 1, 1, 1, 1, 1, 1, 1, 2, 2, 1]",1
634020,"[2, 1, 1, 2, 1, 2]",1
157007,"[2, 1, 1, 2, 2, 1, 1, 2]",1
679089,[1],1
533258,"[1, 2, 1, 2]",1
563796,[1],1
94342,[1],1
8009,"[1, 1, 1, 1, 1, 1, 1]",1
47250,"[1, 2, 1, 2, 1, 2, 2, 1, 2, 1, 2, 1]",1
653055,[1],1
58216,"[1, 2, 1, 1, 1, 2, 1, 1, 2, 3, 1, 1, 2, 1]",1
1011991,"[2, 1]",1
952276,"[1, 2, 2, 1, 1, 2, 1, 2, 1, 2]",1
934238,"[1, 2, 3, 1, 1, 1, 2, 1, 3, 1, 1, 2, 1, 2, 1, 1, 2, 1, 1, 4, 1, 1, 1, 1, 2, 1, 3, 1, 1]",0
820751,"[2, 1, 2, 1, 1, 2, 1, 1, 1, 2]",1
132448,"[1, 1, 1, 1, 1, 1, 1, 1, 1, 1, 1, 1, 1, 1, 2, 1, 2, 1, 2, 2, 1, 2, 1, 1, 2, 1, 2, 1, 1, 2, 1, 2, 1]",1
745513,"[1, 1, 1, 1, 1, 2, 1, 1, 1, 1, 1, 1, 2, 1, 1, 1, 1, 1, 2]",1
593082,"[1, 1, 1, 1, 1, 1, 1, 1, 1, 1, 1]",1
307084,"[2, 1]",1
6951,"[2, 1]",1
215356,"[1, 1, 1]",1
425467,"[2, 1]",1
636083,"[1, 1, 1, 2, 1]",1
135128,"[1, 2, 2, 1, 2, 1]",1
649168,"[1, 2]",1
1008212,"[1, 1, 1, 1, 2, 1, 2, 1, 1, 2, 2, 1, 1]",1
734107,"[2, 1]",1
346088,[1],1
652274,"[1, 1, 1, 1, 1, 1, 1, 1, 2, 2, 1, 1, 1, 2, 1, 2, 1, 2, 1]",1
278261,"[1, 1, 2, 1, 1, 2, 2, 1, 1, 2, 2, 1]",1
860864,"[1, 2, 1, 2]",1
744871,"[2, 1]",1
331680,"[1, 2]",1
478178,"[1, 1]",1
19994,[1],1
499623,"[1, 1, 1, 1, 1, 1, 1, 1, 1]",1
1015153,"[1, 1, 1, 1, 1, 2, 1, 1, 1, 1, 1, 1, 1, 2, 1, 2, 1, 3, 2, 1, 1, 1, 2, 1, 1, 2, 1, 1, 1, 2, 1, 1, 1, 1, 1, 1, 1, 2, 1, 1, 1, 1, 2, 1, 1, 1, 2, 1, 1, 1, 2, 1, 1, 2, 1, 1, 2, 1, 1, 2, 3, 1, 1, 1, 1, 1, 2, 1, 1, 1, 2, 1, 1, 2, 1, 1, 2, 1, 1, 2, 1, 1, 2, 2, 1, 1, 2, 2, 1, 1, 1, 1, 1, 1, 2, 1, 1, 1, 1, 1, 1, 1, 1, 1, 1, 1, 2, 1, 1, 1, 1, 1, 1, 1, 1]",0
38460,"[1, 2]",1
526077,"[1, 2, 1, 3]",1
669766,"[2, 1]",1
454684,[1],1
705500,"[1, 1, 2, 1, 2, 1, 1]",1
321056,"[1, 2, 1]",1
842919,"[1, 2]",1
971611,"[1, 2]",1
994905,"[1, 2, 1, 1, 2, 1, 2]",1
436322,"[1, 1, 1, 1, 2, 1, 1, 2, 1]",1
150245,[1],1
48820,"[1, 2, 1, 2, 1, 2, 2, 1, 1, 1, 1]",1
944101,"[1, 1, 1, 1, 1, 1, 1, 2, 3, 1, 1, 1, 4, 1, 1, 1, 1, 2, 3, 1, 1, 4, 1]",1
949357,"[2, 1, 1, 2, 1, 1, 1]",1
476945,"[1, 1, 1, 2, 1, 1, 1, 1, 1, 1, 1]",1
516953,[1],1
131088,"[1, 2]",1
163197,"[2, 1, 2, 1]",1
780768,[1],1
341210,"[1, 1, 1, 1, 1, 1, 1, 1, 1, 1, 1, 2, 1, 1, 1, 1]",1
334629,"[1, 1, 2, 1, 2, 1, 2, 1, 1, 2, 1, 2]",1
747746,"[1, 1, 1, 1, 1, 2, 1, 1, 1, 2, 1, 2, 1, 1, 4, 1, 1, 1, 1, 1, 1, 1]",1
710813,"[1, 1, 1, 1]",1
674469,[1],1
647843,"[2, 1]",1
530967,"[2, 1]",1
959852,"[1, 1]",1
984517,"[2, 1, 2, 1]",1
369690,"[1, 1, 2, 1, 1, 1, 1, 1, 1, 1, 2, 1, 1, 1, 2, 1]",1
759064,"[1, 2]",1
553367,"[2, 1, 2, 1, 2, 1]",1
168629,"[1, 2]",1
312382,"[2, 1, 1, 2, 1, 2, 2, 1, 2, 1, 2, 1]",1
429353,"[1, 1, 1, 1, 1, 1, 2, 1, 1, 2, 1, 2, 2, 1, 1, 1, 1, 1, 2, 1, 1, 2, 2, 1, 1]",1
575405,[1],1
857230,"[2, 1]",1
586889,"[1, 1, 2, 1, 2, 1, 1, 2]",1
668161,"[2, 1]",1
1004539,"[2, 1]",1
784280,"[1, 1, 1, 1]",1
995808,"[1, 2, 1, 2, 1]",1
947426,[1],1
33908,"[1, 1, 1, 1]",1
103140,[1],1
273276,"[1, 1, 1, 1]",1
39218,[1],1
951299,[1],0
736656,"[1, 1, 2, 1, 1, 1]",1
178317,"[1, 1, 1, 1, 1, 1, 1, 1, 1, 1, 1, 1, 1, 1, 1, 1]",1
281142,"[1, 1, 2, 1]",1
431494,"[2, 1]",1
288400,[1],1
77316,"[1, 1]",1
442208,"[1, 1, 1, 1, 1, 1, 1]",1
578293,"[2, 1]",1
301373,"[2, 1]",1
685041,"[1, 2]",1
960764,"[1, 2, 2, 1]",1
547866,"[1, 2, 2, 1]",1
966015,"[2, 1, 2, 1, 1, 2]",1
184008,"[1, 2, 2, 1, 1, 2]",1
1037712,"[1, 1, 1, 1, 1, 1, 1, 1, 1, 1, 1, 1, 1, 1, 2, 1, 3, 1, 1, 3, 1, 3, 1, 1, 1, 1, 1, 1, 1, 1, 1, 1, 1, 1, 1, 2, 1, 3, 1, 1, 1, 1, 1, 1]",0
266781,"[1, 1, 1, 1]",1
898098,"[1, 2, 2, 1]",1
156231,"[1, 2]",1
787717,"[1, 1, 1, 1, 1, 2, 1, 1, 1, 1, 2, 1, 1, 1, 2, 1, 1, 1, 1, 1, 1, 1, 2, 1, 1, 1, 2, 1, 1, 2, 1, 1, 1, 1, 1, 1, 1, 1, 2, 1, 1, 2, 1, 1, 2, 1, 1, 2, 1, 2, 1, 1]",1
315290,"[2, 1]",1
886408,"[1, 1, 2, 1, 2, 1, 2, 1, 2, 1, 1]",1
623780,"[1, 2]",1
389155,"[1, 2, 1, 3, 1, 1, 2, 2, 1, 2, 1, 1]",1
884762,"[1, 1, 1]",1
58779,"[2, 1]",1
109711,"[2, 1]",1
258500,"[1, 2]",1
511180,"[2, 1]",1
388973,"[1, 1, 1, 1, 1, 1, 1, 1, 1, 1, 1, 2, 1, 1, 1, 1, 1, 1, 1, 1, 1, 1]",1
687507,"[1, 1, 1, 1, 1, 1]",1
328171,"[2, 1]",1
893220,"[1, 1, 1, 1, 1, 1, 1, 1, 1, 1, 2, 1, 2, 1, 1, 2, 1, 1, 1, 1, 1, 1, 1, 1, 2, 1, 1, 2, 1, 2, 1, 2, 1, 1, 1, 1]",1
237264,"[1, 2, 1, 2, 1]",1
425246,"[2, 1, 2, 1, 1, 1, 2, 2, 1]",1
948776,"[1, 1, 1, 1, 1, 1, 1, 1, 1]",1
981231,"[1, 1, 1, 1, 1, 1, 1, 1, 2, 1, 1, 1, 1, 1, 1, 1, 2, 1, 1, 1, 1, 1, 1, 1, 1, 1, 1, 1, 1, 1, 1]",1
967556,"[1, 2, 2, 1, 1, 2]",1
140734,"[1, 2, 1, 1]",1
61950,"[1, 1]",1
964104,"[1, 2]",1
131267,"[2, 1]",1
729241,"[2, 1]",1
282574,[1],1
911198,"[1, 2]",1
353549,"[2, 1]",1
572755,"[1, 1, 1, 2, 1, 1, 2, 1, 1, 2, 1, 1]",1
487412,"[2, 1, 3]",1
781883,"[1, 1, 2, 1, 1, 2, 2, 1, 1, 1, 1]",1
66222,"[2, 1, 1, 2, 2, 1, 2, 1]",1
42015,"[1, 1, 1, 1, 2, 2, 1, 2, 1, 2, 1, 1, 2]",1
22095,"[1, 2, 3]",1
105878,"[1, 1, 1, 2, 1, 1, 1, 1, 1, 1, 2, 2, 1, 2, 1, 1, 1, 1]",1
608871,"[1, 1, 1, 1]",1
469532,"[1, 1]",1
566460,"[1, 1, 2]",1
394220,"[1, 2]",1
205824,[1],1
253990,[1],1
319170,"[2, 1]",1
18775,"[1, 1, 1, 1, 1, 1, 1, 1, 1, 1, 1, 1, 1]",1
72959,"[1, 1, 1, 1, 2, 1, 1, 1, 2, 1, 1, 2]",1
411140,"[2, 1, 1, 2, 1, 2, 3, 1]",0
939600,[1],1
857430,[1],1
726235,"[2, 1]",1
323202,[1],1
230949,"[1, 1, 1]",1
1013314,"[2, 1]",1
655454,"[1, 2]",1
261562,"[2, 1]",1
717067,"[1, 2, 1, 1, 2, 2, 1]",1
16034,"[1, 2, 2, 1]",1
321350,"[1, 1, 1, 1, 1, 1, 1, 1, 1, 1]",1
346161,"[2, 1]",1
186161,"[2, 1, 1, 2, 1, 1, 1, 2, 1, 2, 1, 2]",1
797761,"[2, 1]",1
1020587,"[1, 1, 1]",1
365326,"[1, 1, 1, 2]",1
1046653,[1],1
619240,"[1, 2]",1
274025,[1],1
278861,"[1, 1, 1, 1, 1, 2, 1, 1, 2, 1, 1, 1, 1, 1, 1, 1, 1, 1, 1, 1, 1, 2, 1, 1]",1
418697,"[1, 2]",1
538193,"[1, 2]",1
503176,"[2, 1]",1
995231,"[2, 1]",1
713274,"[1, 1, 1, 2, 1, 1, 1, 1]",1
1009266,"[1, 2]",1
947839,"[1, 1]",1
807971,"[1, 2, 1, 1, 1, 2, 1, 2, 1]",1
984935,"[1, 1, 2, 1, 1, 1, 1, 2, 1]",1
576833,[1],1
308734,"[1, 1, 2, 1]",1
15145,[1],1
268788,"[2, 1]",1
614011,"[2, 1]",1
754884,"[1, 1, 2, 1, 1, 1]",1
754938,"[1, 2]",1
637068,"[1, 1, 2]",1
106788,"[2, 1, 1, 1, 1, 1, 1, 1, 1]",1
829046,[1],1
11255,"[1, 2]",1
851603,"[2, 1]",1
47374,"[1, 2]",1
393590,[1],1
240657,[1],1
711623,"[1, 2]",1
1020782,"[2, 1, 1, 2]",1
320992,[1],1
22386,"[1, 1, 1, 1]",1
428651,"[1, 2]",1
920535,"[1, 1, 2, 1, 2, 1, 1, 2, 2, 1, 1, 1, 2, 2, 1, 2, 1, 1, 2, 2, 1, 2, 1, 2, 1, 1, 2, 1, 1, 2, 1, 2]",1
113062,"[2, 1]",1
916136,"[1, 2]",1
934447,"[1, 2]",1
739447,"[2, 1]",1
775702,"[1, 2]",1
957042,"[1, 2]",1
88015,"[1, 2]",1
746875,"[1, 1, 2, 1, 3, 1, 1, 1, 2, 4, 1, 4, 4, 1, 1, 1, 1, 2]",1
547036,[1],1
133166,"[1, 1, 1, 1, 2, 1, 1, 2, 1, 1, 2, 1, 1, 2, 1, 1, 2, 1, 1, 1, 1, 1, 2, 1, 1, 2]",1
1039895,"[2, 1]",1
859902,"[2, 1]",1
790963,[1],1
108900,"[2, 1, 1, 2, 1, 2, 2, 1]",1
995115,"[1, 1]",1
115244,[1],1
493525,"[2, 1, 1, 2, 1, 1]",1
742992,"[2, 1, 2, 1, 1, 2]",1
194255,"[2, 1]",1
167053,[1],1
172165,[1],1
880174,[1],1
461639,[1],1
140570,"[1, 1, 1, 1, 1]",1
882484,"[1, 1, 1, 1, 1]",1
868396,"[1, 1, 1, 1, 1, 1, 1, 1, 1, 1, 1, 1, 1, 2, 2, 1, 1, 2, 2, 1, 1, 1, 1, 1, 1, 1, 1, 1, 1, 1, 3, 1, 1, 1, 1, 1, 1]",0
757461,"[1, 1, 1, 2, 2, 1]",1
896679,"[1, 1, 1, 2]",1
216468,[1],1
614638,"[1, 1, 2]",1
342210,"[2, 1]",1
530478,"[1, 2]",1
618598,[1],1
916052,"[1, 1, 2, 1, 1]",1
181271,[1],1
465505,"[1, 1, 1, 1, 1, 1, 2, 1, 1, 2, 1, 1, 2, 1, 1, 2, 1, 1, 1, 2, 1, 3, 1, 1, 2, 4, 3, 4, 1, 2, 1, 1, 1, 2, 1, 4, 1, 2, 1, 1, 1, 1, 1, 2, 1, 2, 1, 2, 1, 1, 1, 1, 1, 2, 1, 1, 2, 1, 1, 1, 1, 2, 1, 1, 2, 1, 1, 2, 1, 2]",1
161764,"[2, 1]",1
777489,[1],1
991408,"[1, 1, 1, 1, 2, 1, 1, 1, 1, 1, 1, 1]",1
747740,"[2, 1]",1
929686,"[1, 1, 1, 1, 1, 2, 3, 1, 1, 2, 1, 1, 1, 1, 1, 1, 2, 2, 1, 1, 2, 3, 1, 1, 1, 1, 1, 1, 1, 2, 1, 3, 1, 1, 1, 1, 1, 1, 1, 1, 2, 2, 1, 2, 1, 2, 1, 1, 2, 1, 1, 2, 1, 1, 2, 2, 1, 1, 1, 1, 1, 1, 2, 1, 1, 1, 1, 1, 1, 1, 1, 1, 1, 2]",1
782474,"[1, 1, 1, 1, 2, 1, 1, 2, 1, 2, 2, 1, 1, 1, 1, 2, 1, 2, 1, 2, 1]",1
323870,[1],1
62192,"[1, 1, 1, 1, 1, 2, 1, 1]",1
824079,"[2, 1]",1
426344,"[1, 1]",1
20496,[1],1
508775,"[1, 2, 1, 2, 1, 2]",1
951694,"[1, 2]",1
552687,[1],1
664956,"[1, 1, 1, 1, 1, 1, 1, 1, 1, 1, 1, 1, 1, 1, 1, 2, 2, 1, 2, 1]",1
710232,"[1, 2, 2, 1, 3]",1
483797,[1],1
451396,[1],1
508533,"[2, 1]",1
742150,"[1, 2]",1
741811,"[2, 1, 1, 2, 2, 1]",1
789269,"[1, 1, 1, 1, 2, 1, 2, 3, 1, 2, 1, 2, 1, 2, 2, 1, 1, 2, 1, 2, 1, 2, 1, 2, 2, 1, 2, 1, 1, 2, 1, 1, 2, 1, 2, 1, 1, 1, 2, 1, 2]",1
327032,"[1, 1, 1, 1, 1, 1, 1, 2, 2, 1, 1, 2, 1, 1, 2, 1, 1, 1, 2, 2, 1, 2, 1, 1, 1]",1
674270,"[2, 1, 1]",1
845499,"[1, 2, 1, 1, 2, 2, 1, 2, 1, 1]",1
202445,"[1, 1, 1, 1, 1, 1, 2, 1]",1
988525,"[1, 1, 1, 1, 1, 1, 2, 1, 1, 2, 1, 1, 1, 1]",1
697288,"[1, 1, 2, 1, 1, 1]",1
1018928,"[1, 2, 2, 1, 2, 1, 1, 2, 1, 2]",1
256422,[1],1
999245,"[1, 1, 1, 1, 1, 2]",1
605534,"[1, 2, 1, 2]",1
716726,[1],1
410834,"[1, 1]",1
905351,"[2, 1]",1
1020621,"[1, 1]",1
1033447,[1],1
142107,"[2, 1, 1, 1, 2, 1, 1, 1, 2, 1, 2, 1, 1, 2, 1, 1, 1, 2, 1, 1, 2, 1, 1, 2, 1, 2, 1, 1, 2, 1, 1, 1]",1
877638,"[1, 1, 1, 1, 2, 1, 1, 1, 1, 1, 1, 1, 1, 1, 1, 1, 1]",1
271780,"[1, 2]",1
240288,"[1, 1]",1
523208,"[1, 1]",1
340905,"[1, 2, 2, 1, 1, 2, 1]",1
662792,[1],1
522927,"[1, 1, 1]",1
634611,"[1, 1, 1, 1]",1
411752,"[1, 2]",1
594640,"[2, 1]",1
817053,"[1, 2]",1
184218,"[1, 1]",1
368719,[1],1
7495,"[1, 1, 1, 1, 1, 1, 1]",1
260038,"[1, 2]",1
781078,"[2, 1, 1, 2, 1]",1
106000,"[2, 1]",1
228172,"[1, 1, 1, 1, 1, 1]",1
915977,"[2, 1]",1
306195,"[1, 2, 1, 2, 2, 1]",1
539857,"[1, 2, 1, 1, 1, 2, 1, 1, 2, 1, 2, 1, 1, 1]",1
783070,"[1, 1, 1, 1, 1, 1, 2, 1, 2, 1, 1, 2, 1, 2, 1, 1, 2, 1, 1, 1, 2, 1, 3, 1, 2, 2, 1, 1, 2, 1, 1, 2, 1, 1, 2, 1, 2, 1, 1, 2, 1, 2, 1, 2, 1, 2, 1, 1, 1, 1, 1, 2, 1, 1, 2, 1, 1, 1, 1, 2, 1, 1, 2, 1, 2, 2, 1, 2, 1, 1, 1, 1, 1, 1, 2, 1, 1, 1, 2, 3, 1, 1, 2, 1, 1, 1, 1, 2, 1, 1, 1, 2, 1, 1, 2, 1, 1, 2, 1, 1, 1, 2, 1, 1, 2, 1, 3, 1]",1
819567,"[1, 2, 1, 2, 1, 1, 1, 2, 1, 1, 2, 1, 1, 2, 1, 2, 1, 1, 1, 2, 1, 1, 2, 1, 2, 1, 1, 1, 1, 2, 1, 1, 2, 1, 1, 2, 1]",1
619607,"[1, 1, 1, 1, 1, 1, 1, 2, 3, 1, 1, 1, 1, 1, 2, 1, 3, 1, 1, 1, 1, 1, 1, 1, 1, 1, 1, 1, 1, 1, 2, 1, 1, 2, 1, 1, 1, 2, 3, 1, 2, 1, 1, 1, 1, 1, 1, 1, 1, 1, 4, 1, 1, 1, 1, 1, 1, 1, 1, 1, 1]",1
260917,"[1, 2]",1
681343,"[1, 2, 1, 1, 1, 2, 2, 1]",1
213940,"[1, 1, 2, 1, 1, 2, 1, 2, 1, 2, 1]",1
308666,"[1, 2, 1, 3, 1, 1, 1, 1, 1, 1, 1, 1, 1, 1, 1, 1, 1, 1, 1, 1, 1, 1, 2, 1, 1]",1
307129,"[2, 1]",1
70688,"[1, 2]",1
473512,[1],1
435665,[1],1
705069,"[2, 1, 1]",1
60499,"[1, 1, 1, 1, 2, 1, 2, 1, 1]",1
48346,"[2, 1]",1
519806,"[1, 2, 1]",1
758129,"[1, 2, 1, 1, 1, 2, 1, 1, 1, 1, 1, 1, 1, 1, 2, 1, 2, 1, 1, 1, 1, 1, 1, 1, 1, 1, 1, 1, 2]",1
952686,"[1, 2, 1]",1
388539,"[2, 1, 1, 2, 1, 2, 2, 1]",1
604249,"[1, 1]",1
664355,"[2, 1]",1
676729,"[1, 1, 1, 1, 1]",1
63035,[1],1
393344,[1],1
469004,"[2, 1, 1, 2, 1, 1, 2]",1
196898,"[1, 1, 2, 1, 3, 1, 1, 1, 1, 1, 1, 1, 1, 1, 2, 1, 3, 1, 4, 1, 1, 1, 1, 2, 3, 1, 2, 1, 1, 1, 1, 1, 1, 1, 2, 1, 1, 1, 1, 1, 4, 1]",1
640983,"[1, 2, 1, 2, 1, 2, 1, 1, 1, 1, 2, 2, 1, 2, 1, 1, 1, 1, 1, 1, 1, 2, 1, 1, 1, 2, 1, 2, 1, 2, 1, 2, 1, 2, 1, 1, 1, 2, 2, 1, 2, 1, 1, 2, 1, 2, 2, 1, 2, 1, 1, 2, 2, 1, 1, 2]",1
909382,"[1, 2, 1, 2, 1]",1
985028,"[1, 2]",1
104960,"[1, 2, 1, 2, 1, 2, 2, 1, 1, 2, 1, 2, 2, 1, 1, 2, 2, 1, 2, 1, 1, 2, 1, 2, 1, 2, 1, 1, 2, 1, 1, 1, 2, 1, 2, 1, 1, 2, 1, 1, 1]",1
181840,"[2, 1]",1
1031199,"[2, 1]",1
1026101,"[2, 1, 1, 2]",1
1038795,[1],1
459449,"[1, 1, 2, 1, 1, 1, 2, 1, 1, 2, 1]",1
54541,"[1, 2]",1
239905,"[1, 1, 1, 1, 2, 1]",1
722528,"[2, 1, 1, 2, 1, 2]",1
56767,"[1, 2, 1, 1, 1, 1, 2, 1, 1]",1
645337,"[1, 1, 2, 1, 1, 2, 1, 2, 1, 1, 2, 1, 2, 1]",1
241192,"[1, 1]",1
665522,[1],1
364858,"[1, 1, 1, 1, 1]",1
12625,"[1, 2]",1
607952,[1],1
1046627,"[1, 2]",1
562578,"[1, 2, 1, 2, 1, 2]",1
127452,"[1, 2]",1
367094,"[1, 1, 2, 2, 1, 1, 2, 2, 1]",1
146488,[1],1
560350,"[2, 1]",1
931366,"[1, 1, 1, 1, 1, 1]",1
80105,"[2, 1]",1
670260,"[2, 1]",1
18728,"[1, 1, 1, 1, 1, 1]",1
917588,"[1, 1, 1, 2, 1, 1]",1
1013617,"[1, 2]",1
954266,"[1, 1, 1, 1, 1, 1, 2, 1, 1, 2, 1, 2, 1, 1, 2, 1, 2, 1, 2, 1, 2, 2, 1, 1, 1, 1, 1, 1, 1, 2, 1, 1, 2, 2, 1, 2, 1, 1, 2, 2, 1, 2, 1, 2, 1, 1, 2, 1, 1, 1, 1]",1
39388,"[1, 2, 2, 1, 2, 1, 1, 1]",1
864328,"[1, 2]",1
33141,"[2, 1, 1, 1, 1, 2, 1, 1, 2]",1
796635,"[2, 1]",1
511972,"[1, 2]",1
453484,"[2, 1]",1
277538,"[1, 1, 1, 1, 1, 1, 1, 1, 1, 1, 2, 1, 2, 1, 1, 2, 1, 3, 3, 1, 1, 1, 1, 1, 1, 1, 2, 1, 1, 1, 2, 1, 1, 2, 1, 1, 1, 1, 2, 1, 1, 1]",1
944910,[1],1
557288,[1],1
100439,[1],1
66131,"[1, 2]",1
353099,"[1, 2]",1
122006,"[2, 1, 2, 1, 2, 1]",1
730168,[1],1
918745,"[2, 1]",1
728476,"[2, 1]",1
919350,[1],1
69444,"[1, 1, 1, 1, 1, 2, 1, 1, 1, 2, 1, 1, 2, 1, 2, 1, 1, 1, 2, 1, 1, 1, 1, 1, 2, 1, 1, 1, 2, 1, 1, 1]",1
26258,[1],1
681005,"[1, 2, 1]",1
317833,"[2, 1]",1
839288,"[1, 2, 3, 1, 1, 1, 1, 1, 2, 1, 2]",1
449054,"[1, 2]",1
241133,"[1, 2]",1
897545,[1],1
156474,"[1, 2, 1, 2]",1
205963,"[1, 2]",1
854668,"[1, 2, 1, 2, 1, 2, 1, 1, 2, 1, 3, 1, 2, 3, 1, 1, 4, 1, 1, 1, 1, 2, 1, 1, 1, 1, 1, 1, 1, 1]",1
657583,"[1, 1, 1]",1
941668,"[1, 1, 1, 1, 1, 1, 2]",1
975494,"[1, 2, 1, 1, 1]",1
369925,"[2, 1, 1, 2, 1, 2, 1, 2, 2, 1, 2, 1, 1, 2]",1
89233,"[1, 1, 1, 1, 1]",1
67361,"[2, 1]",1
676905,"[1, 2]",1
702458,"[1, 2, 1, 2, 2, 1, 1, 2, 2, 1, 1, 2, 1, 2, 2, 1]",1
376245,"[1, 1, 1, 1, 1, 1, 1]",1
596579,[1],1
734577,"[1, 1, 2, 1, 1, 2, 1]",1
179031,"[1, 1, 1, 1, 1, 1, 1, 1, 1, 1, 1, 1, 1]",1
945204,"[1, 1, 2, 1, 1, 1, 2, 1]",1
850375,"[1, 2]",1
380811,[1],1
312911,"[1, 1, 1, 1, 1, 1]",1
297321,"[1, 2, 1, 2, 1]",1
947782,"[1, 2, 1, 2]",1
559032,"[1, 1, 1, 2, 2, 1, 2, 1, 1, 1, 2, 1, 2, 1, 1, 2, 1, 2, 2, 1, 2, 1, 1, 2, 1, 1, 1, 1]",1
297641,[1],1
412734,"[1, 1, 1, 1, 1]",1
798117,"[1, 2]",1
855936,"[2, 1]",1
813955,[1],1
969025,"[1, 1]",1
696740,"[1, 2]",1
854522,"[1, 1, 1, 1, 2, 1, 1, 2, 2, 1, 1]",1
174861,"[1, 1, 1, 1, 1, 1, 1, 1, 1, 1, 1, 2, 1, 1, 2, 1, 2, 1, 1, 1, 1, 1, 1, 2, 1, 1, 1, 1, 1, 1, 1, 1, 1]",1
703132,"[2, 1, 2, 1]",1
417326,[1],1
949382,[1],1
1031302,"[1, 2]",1
958345,"[1, 1, 1, 1, 1, 1, 1, 1, 1, 1, 1, 1, 1]",1
375674,"[1, 1]",1
824149,"[1, 1, 2, 1, 1]",1
18101,"[1, 1, 1, 1, 1, 1, 2, 1, 2, 1, 3, 1, 1, 2, 1, 1, 2, 1, 1, 2, 1, 1, 2, 1, 1, 2, 1, 2, 1, 2, 1, 2, 1, 3, 2, 1, 1, 2, 1, 1, 1, 2, 1, 1, 1, 2, 1, 1, 2, 1, 1, 1, 1, 1, 2, 2, 1, 2, 1, 1, 2, 1, 2, 1]",1
536954,"[1, 1, 2]",1
676841,"[1, 2]",1
653391,"[1, 1, 2]",1
611424,"[2, 1, 2, 1]",1
676922,"[1, 2]",1
142651,"[1, 1, 1]",1
798543,"[1, 1]",1
525772,"[2, 1]",1
669884,"[1, 1, 1, 1, 1, 1, 1, 1, 2, 1]",1
450385,"[1, 1, 1, 1, 2, 1, 1, 1, 2, 1, 2, 1, 2, 1, 2, 2, 1, 1, 2, 2, 1, 1, 2, 1, 1, 2, 1, 1, 2]",1
887410,"[1, 1, 2, 1, 2, 1, 2, 1, 1, 2, 1, 2, 1, 2, 1, 1, 2, 1]",1
67434,[1],1
581657,"[2, 1, 1, 2, 2, 1, 1, 1, 1, 1, 2, 1, 1, 2]",1
767778,"[1, 1]",1
815304,"[1, 2]",1
189871,"[1, 2]",1
262370,[1],1
407451,"[1, 1, 1, 2, 1, 1, 2, 2, 1, 1]",1
904280,"[2, 1, 2, 1]",1
916580,[1],1
699835,"[1, 1, 1, 1]",1
242065,"[1, 1, 1, 3, 4, 1, 4, 1, 1, 2, 1, 4, 3, 4, 1, 4, 4, 4, 4, 4, 1, 1, 2, 4, 1, 1, 1, 1, 1, 1, 1, 2, 1, 1, 1, 2, 1, 2, 1, 1, 1, 1, 1, 2, 1, 1, 2, 1]",1
396083,"[2, 1, 1, 2, 1, 2, 2, 1, 1, 2, 1, 2]",1
331673,"[1, 2, 1, 1, 2, 1, 2, 2, 1, 1, 2, 1, 1, 2, 1, 1]",1
662166,"[1, 2]",1
56199,[1],1
191228,"[1, 2]",1
800773,[1],1
633815,"[1, 2]",1
358636,"[1, 1, 1, 1, 1, 1, 2, 1, 2]",1
80275,"[1, 1]",1
1013950,"[1, 2, 1, 1, 2]",1
368352,"[1, 1, 1]",1
1024649,"[2, 1, 1, 2, 1, 2, 1, 2, 1, 2]",1
997125,"[2, 1]",1
307534,[1],1
751055,"[1, 2]",1
723389,"[1, 2]",1
12894,"[1, 1, 2, 3, 1, 1]",0
734698,"[2, 1, 1, 1, 1]",1
760626,"[1, 2, 2, 1, 2, 1, 3, 2, 1, 2, 1, 1, 1, 1, 1, 1, 2, 1]",1
624709,"[2, 1]",1
736173,"[2, 1]",1
452138,"[2, 1, 1, 2, 1, 1, 2, 2, 1, 1, 2, 2, 1]",1
571823,"[1, 2, 1, 1, 1, 2, 1]",1
361234,"[1, 2]",1
271237,[1],1
982237,"[2, 1, 3, 1]",0
796479,"[1, 1, 2, 1, 1, 1, 2, 1, 1, 1, 1, 2, 1, 1, 1, 1, 1, 1, 1, 1, 2, 3, 1, 1, 1, 1, 1, 1, 2, 1, 1, 2, 3, 2, 1, 2, 1, 1, 2, 1, 1, 1, 2, 1, 1, 1, 2, 1, 1, 2, 1, 1, 1, 1, 1, 2, 1, 1, 1, 1, 1, 1, 1, 1, 2, 1, 2, 1, 2, 1, 1, 1, 2, 1, 2, 1, 1, 1, 1, 1, 1, 1, 2, 1, 3, 1, 2, 1, 1, 2, 1, 1, 1, 1, 1, 1, 1, 4, 1, 1, 1, 1, 1, 1, 1, 1, 1, 1, 1, 1, 1, 1, 1, 2, 2, 1, 2, 1, 1, 2, 2, 1, 1, 1, 2, 3, 1, 1, 4, 1, 1, 1, 1, 1, 1, 2, 1, 1, 2, 1, 2, 1, 1, 1, 1, 1, 2, 1, 1, 2, 1, 1, 1, 2, 1, 1, 2, 2, 1, 2, 1, 2, 1, 2, 1, 1, 2, 1, 1, 2, 3, 1, 4, 1, 4, 1, 4, 1]",1
253420,"[1, 1, 1, 1, 1, 1, 1, 1, 1, 1, 1]",1
1045135,"[1, 1, 1]",1
102135,[1],1
869716,"[1, 1, 1, 1]",1
40938,"[3, 3]",1
562151,"[1, 1, 1, 1, 1, 1, 2, 1, 1, 1, 1, 1]",1
722072,"[1, 2, 1, 1, 2, 1, 2, 1, 2, 1, 2, 1, 2, 1, 2, 1, 2, 1, 2, 1, 2, 1, 1]",1
431417,"[1, 1, 1, 1, 2, 1, 2, 1, 2, 1, 2, 1, 1, 1, 2, 1]",1
649382,"[2, 1]",1
68864,"[2, 1, 1, 1, 1, 2, 1, 1, 2, 1, 1, 2, 1, 1, 1, 1, 1, 2, 1, 1, 1, 1, 2, 1, 1, 1, 1]",1
681324,"[2, 1]",1
905259,"[2, 1]",1
90539,"[1, 1, 1, 1, 1, 1, 2, 2, 1]",1
797349,"[2, 1, 2, 1, 1, 2]",1
6028,"[1, 1, 1, 2, 1, 1, 2, 1, 2, 2, 1, 2, 1]",1
553044,[1],1
513019,"[1, 1, 1, 1, 1, 1, 1, 1, 1, 1, 1, 1, 1, 1, 1, 1, 1, 1, 1, 1]",1
678314,"[1, 1, 1, 1, 1, 1]",1
324316,"[1, 1, 1, 1, 1, 1, 1, 1]",1
501892,[1],1
262058,"[1, 2, 2, 1, 1, 2, 1]",1
814722,"[2, 1]",1
77733,"[1, 2, 1, 2, 2, 1]",1
1042615,[1],1
38593,"[1, 1, 2]",1
558347,"[1, 1, 1, 2, 1]",1
340412,"[1, 1, 1, 2, 1, 1, 2, 1, 1, 1, 2, 1, 1, 1, 2, 1, 1, 2, 1, 2, 1, 1, 2]",1
79217,[1],1
1035461,"[2, 1, 2, 1, 2, 1, 1]",1
1003730,"[2, 1, 1, 1, 1, 2, 1, 1, 2]",1
142524,"[2, 1]",1
879594,"[1, 2]",1
378184,"[1, 1, 2, 1]",1
409763,[1],1
786992,"[1, 2]",1
546636,"[1, 1, 1, 2, 1, 1, 2, 3, 4, 1, 1, 2, 4, 3, 4, 1, 4, 4, 4, 1, 2, 1, 4, 1, 4, 1, 1, 1, 1, 4, 1, 1, 1, 4, 1, 4, 1, 4, 4, 4, 4, 1, 4, 4, 4, 4, 1, 4, 1, 2, 1, 4, 3, 4, 1, 4, 4, 4, 1, 4, 1, 4, 4, 4, 4, 1]",0
281209,"[1, 1, 1, 1, 1, 1, 1]",1
742773,"[2, 1, 2, 1]",1
14511,"[1, 1]",1
598225,"[1, 1, 1, 1, 2, 1, 1, 2, 1]",1
261639,"[1, 1, 2, 1, 1, 1, 2, 1, 1]",1
666513,"[1, 2, 1, 1, 1, 1]",1
197113,[1],1
561629,[1],1
518530,"[2, 1]",1
966821,"[1, 1, 1, 2, 1, 3, 1, 1, 2, 3, 1, 1, 1, 2, 1, 2, 1, 2, 1, 1, 1, 1, 1, 2, 1, 2, 1, 2, 1, 1, 2, 1, 1, 1, 1, 1, 1, 2, 3, 1, 2, 1, 4, 3, 1, 2, 1, 1, 2, 1, 2, 1, 1, 1, 1, 1, 1, 2, 1, 1, 2, 1, 1, 2, 1, 2, 1, 1, 1, 1, 2, 4, 3, 2, 1, 4, 3, 4, 1, 2, 1, 1, 4, 4, 4, 1, 4, 4, 4, 1, 4, 1, 4, 4, 4, 1, 4, 4, 4, 4]",0
387778,"[1, 1]",1
1011080,"[2, 1]",1
1027205,"[1, 1, 2]",1
534198,"[1, 1, 1]",1
148448,"[1, 1, 1, 1, 1, 1, 1, 1, 1, 1, 1, 1, 1, 1, 2, 1, 3, 1, 1, 1, 2, 1, 1, 4, 1, 1, 1, 2, 3, 1, 1, 1]",1
313747,"[1, 2, 1, 1, 1, 2, 1, 1, 1, 2, 1, 1, 1, 1, 2]",1
431428,"[1, 1, 1, 1, 2, 1, 1, 1, 2, 1, 1, 1, 1, 1, 2, 1, 2, 1, 1, 1]",1
791567,"[1, 1, 1, 2, 2, 1, 1, 2, 1]",1
421491,"[1, 1, 1, 1, 2, 1, 2, 1]",1
814610,"[1, 1, 1, 1]",1
271868,"[2, 1, 2, 1, 2, 1, 1, 2, 2, 1, 2, 1, 2, 1, 2, 1]",1
1020575,[1],1
195303,[1],1
577928,"[1, 2]",1
1021983,"[1, 1, 1, 1]",1
191965,"[2, 1]",1
510468,"[1, 1, 1, 1]",1
617164,"[1, 1, 1]",1
208772,"[1, 2]",1
951958,"[1, 2]",1
967969,"[1, 1]",1
177828,"[1, 1, 1, 1, 1, 2, 1, 1, 1, 2, 1, 1, 2]",1
163405,"[1, 1, 1, 1, 2, 1, 2, 1]",1
520017,"[1, 1, 1, 1, 2, 1, 1, 2, 2, 1, 1, 2, 2, 1]",1
939045,"[1, 1, 1, 1]",1
844398,[1],1
657784,"[1, 1, 2, 1, 1, 2, 1, 1, 2, 1, 1, 1, 2, 1, 1, 1, 1, 1, 1, 1, 1, 1, 1, 1, 1, 1, 2, 1, 1, 2, 2, 1, 1, 1, 1, 2, 1, 2, 1, 1, 1, 1, 1, 1, 1, 1, 1, 1, 2, 1, 1, 2, 1, 1, 2, 1, 1, 2, 1, 1]",1
255560,"[2, 1, 2, 1]",1
201721,"[2, 1]",1
932149,"[2, 1, 1, 1, 1, 2, 1, 1]",1
1033199,"[1, 2, 1, 1, 1, 1, 1]",1
780562,[1],1
88053,"[1, 2]",1
898965,"[1, 1, 1, 1, 1, 1]",1
106309,"[1, 1, 1, 1, 1]",1
954200,"[1, 2]",1
836331,"[1, 1, 1, 1, 1]",1
14605,"[2, 1]",1
386145,"[2, 1, 1, 2]",1
781636,"[2, 1]",1
1021499,"[1, 2]",1
587028,"[1, 2, 1, 1, 2, 1, 1, 1, 2, 1, 2, 1, 1]",1
580658,"[1, 2, 1, 1, 1, 1, 1, 2, 1, 1, 1, 1, 1, 1, 1, 1, 1, 1, 2]",1
283958,"[1, 1, 2, 1, 1, 2, 2, 1, 1, 2, 2, 1]",1
189809,[1],1
409244,"[1, 2]",1
920864,"[1, 1, 2]",1
318980,"[1, 1, 1, 1, 1]",1
95009,"[1, 1, 2]",1
791017,"[2, 1]",1
559070,"[1, 2, 1, 2]",1
479446,[1],1
59140,"[1, 2, 1, 1, 1, 2, 1, 1]",1
557801,"[2, 1, 2, 1]",1
562998,"[1, 1]",1
511832,"[2, 1]",1
462734,"[1, 2, 1, 2, 1]",1
98769,"[1, 2]",1
897860,[1],1
1007614,"[1, 1, 1, 2, 1, 2, 1, 2, 1, 1, 2, 1, 1, 1, 1]",1
848475,[1],1
208052,[1],1
9272,"[2, 1, 1, 2, 1, 2, 2, 1, 1, 2, 2, 1]",1
907281,"[2, 1]",1
131369,"[2, 1]",1
129912,"[1, 1, 2, 1]",1
923291,"[2, 1]",1
696619,"[1, 1, 1, 1]",1
604799,"[1, 1, 1, 1, 1, 1]",1
563292,"[1, 1, 1, 2, 1, 1, 2, 1, 1, 2, 2, 1, 1, 2, 1, 2, 1, 2, 1, 1]",1
128870,"[1, 1, 1, 1, 1, 1, 1, 1, 1, 1, 1, 1, 1, 1, 1, 1, 1, 1, 1, 1, 1, 1, 1, 1, 1, 1, 1, 1, 1, 1, 2, 3, 1, 2, 1, 1, 1, 2, 1, 2, 1, 1, 2, 1, 1, 2, 1, 1, 2, 1, 3, 1, 4, 4, 1, 1, 1, 1, 1, 1, 1, 1, 2, 1, 1, 1, 2, 1, 2, 1, 1, 2, 1, 1, 2, 1, 1, 1, 2, 1, 1, 2, 1, 1, 2, 1, 1, 1, 1, 1, 2, 1, 1, 2, 1, 1, 1, 1, 2, 1, 3, 1, 1, 2, 1, 2, 1, 1, 1, 1, 1, 1, 1, 1, 1, 1, 1, 1, 1, 1, 1, 1, 2, 1, 3, 1, 1]",0
136721,"[1, 1, 1, 1, 1, 2, 1, 1, 2, 1, 2, 1, 1, 2, 1, 1, 1, 1, 1, 1, 1]",1
205849,"[1, 1, 1, 1, 1, 1, 1, 1, 1, 1, 1, 1, 1, 1, 1, 1, 1, 1]",1
888916,"[1, 1, 1, 1, 1, 2, 1, 1, 1, 1, 1, 1, 2, 2, 1]",1
1004288,"[1, 1, 1]",1
225338,"[1, 1, 1]",1
796186,[1],1
162574,"[1, 1, 1]",1
950172,"[1, 1, 1]",1
841264,[1],1
541147,[1],1
705594,"[1, 2]",1
588951,"[2, 1]",1
316861,"[1, 1, 1, 1, 1, 1, 1, 2, 1, 1, 1, 1, 1, 1, 1, 1, 1, 2, 1, 2, 2, 1, 1, 1, 2, 1, 1, 1, 1, 1, 2, 3, 1, 1, 1, 1, 1, 2, 1, 4, 3, 1, 1, 1, 1, 1, 2, 1, 1, 2, 1, 2, 1, 1, 1, 1, 2, 1, 1, 2, 1, 1, 2, 1, 4, 3, 4, 1]",1
774406,[1],1
538807,"[1, 2, 1, 2, 2, 1, 1, 2]",1
990370,"[2, 1, 1, 2, 1, 2, 1, 2, 1, 2]",1
116224,"[1, 1, 1, 1, 2, 1, 1, 1, 1, 2, 1, 2, 1, 1, 1, 2, 1, 1, 2, 1, 2, 1]",1
158918,"[2, 1]",1
768110,"[2, 1, 1, 2]",1
816487,"[1, 1, 1]",1
395864,"[1, 1]",1
717055,"[2, 1]",1
287683,"[2, 1, 2, 1, 1, 2, 1, 2, 1, 2, 1, 2]",1
931144,"[1, 2]",1
880905,"[1, 2]",1
524596,[1],1
971020,[1],1
994508,"[1, 2]",1
459003,"[2, 1]",1
859328,"[2, 1, 2, 1]",1
595231,"[2, 1]",1
7334,"[1, 2, 2, 1, 1, 2, 1, 1, 2, 1, 1]",1
580622,"[1, 2, 2, 1, 1, 2]",1
378065,"[1, 1]",1
768971,"[1, 1, 1, 1, 1, 2, 1, 2, 1, 1]",1
449710,"[2, 1]",1
87460,"[1, 1, 1, 1, 1, 2, 1, 2, 1, 1, 2, 1]",1
799519,"[2, 1]",1
93347,[1],1
1033023,"[1, 2, 1, 1]",1
651523,"[1, 1, 1, 1, 2, 1, 1, 1, 1, 1, 1, 1, 1, 2]",1
32167,"[1, 1, 1, 1, 1, 1, 1, 1, 1, 1, 1, 1, 1]",1
437444,"[2, 1, 2, 1, 2, 1, 1, 2, 1, 2, 2, 1]",1
514159,"[1, 1, 1, 1, 1, 1, 1, 1, 1, 1, 2, 1, 1, 1, 1, 1, 1, 1, 1, 1, 2, 1, 1, 1, 1, 1, 1, 1, 1, 1, 1, 1, 1, 1, 1, 1, 1, 1, 2, 1, 1, 1, 1, 1, 2, 1]",1
967410,[1],1
124139,"[1, 2]",1
417908,"[1, 2]",1
881609,"[1, 2]",1
978144,"[2, 1, 1, 1, 2]",1
198472,"[1, 2]",1
839382,"[1, 1, 1, 2, 1, 1, 1, 1, 1]",1
288135,"[2, 1]",1
499440,[1],1
768044,[1],1
647671,"[1, 1, 1, 1, 2, 1, 1]",1
228468,"[1, 2]",1
778518,"[2, 1]",1
973889,"[1, 2, 1, 1, 2, 1, 1, 1, 1, 1, 1, 1, 1, 1, 2, 1, 1, 1, 1, 1, 1, 1, 1, 1, 2, 1]",1
905815,"[1, 1, 1, 2, 1, 1, 2, 1, 1, 1, 2, 1, 1, 1]",1
960441,[1],1
872185,"[1, 1, 1, 2, 1]",1
180793,"[2, 1]",1
163182,"[1, 1, 1, 1, 1, 1]",1
623962,"[1, 2]",1
796315,"[1, 2]",1
621762,"[2, 1]",1
930556,"[2, 1]",1
913732,"[2, 1]",1
629064,"[1, 1, 1, 1, 2, 1, 2, 1, 1, 2, 2, 1, 1, 2, 1, 2, 1, 2, 2, 1, 1, 2, 1, 1, 1, 1, 1, 1, 1, 1, 1, 2, 2, 1, 2, 1, 1, 2, 1, 1, 1, 1, 1, 1, 1, 1, 1, 1, 2]",1
63703,"[1, 1, 1, 1, 1, 2, 1, 1, 1, 1, 1, 1, 1, 2, 1, 1, 1]",1
526453,[1],1
535606,[1],1
642381,[1],1
673688,"[1, 1, 2, 1, 1, 1, 1, 1, 3, 1, 2, 1, 3, 1, 1, 2, 1, 1, 1, 1, 1, 2, 1]",1
812853,"[1, 1, 1, 1, 1, 1, 1, 1, 1, 1]",1
1008416,"[2, 1]",1
28780,"[2, 1]",1
54315,"[2, 1, 2, 1, 1, 2]",1
225724,"[1, 1, 2, 1, 1, 2, 1]",1
688697,"[2, 1, 1, 2]",1
590999,"[1, 1, 1, 2, 1]",1
233709,[1],1
126637,[1],1
268103,"[1, 1]",1
437958,"[2, 1]",1
854543,[1],1
644819,[1],1
341934,"[2, 1]",1
267155,"[2, 1]",1
314291,"[1, 1]",1
868412,"[2, 1, 1, 2, 1, 1]",1
962382,[1],1
104288,"[2, 1, 2, 1, 2, 1, 1, 2, 1, 2, 2, 1, 1, 2, 2, 1, 1, 2, 2, 1, 1, 2, 2, 1, 3, 1, 1, 1, 1]",0
306404,"[1, 1, 1, 1, 1, 2, 1]",1
555599,"[2, 1]",1
703809,"[1, 1, 1, 1, 2, 1, 1, 2, 1, 1, 1]",1
409080,"[1, 1, 1]",1
457088,"[1, 1]",1
470707,"[1, 2]",1
361793,"[1, 2, 1, 2, 1, 2, 1, 2, 1, 1, 1, 2, 1, 1, 1, 1, 2, 2, 1, 1, 2, 2, 1]",1
560724,"[1, 1, 1, 1, 1, 1, 1]",1
91095,"[1, 1, 1, 1, 1, 1, 1, 1, 2]",1
786584,"[2, 1, 1, 2, 1, 2, 1, 2]",1
340823,[1],1
748997,"[1, 1, 2]",1
10361,"[1, 2]",1
20850,"[1, 2]",1
420645,[1],1
915493,[1],1
409246,"[1, 2]",1
820635,"[1, 2, 1, 2, 1, 2]",1
238825,"[1, 2]",1
475439,"[1, 1, 1, 1, 2, 1, 1, 1, 1, 1, 1, 1]",1
45285,[1],1
796829,"[1, 2, 2, 1]",1
260147,"[1, 1, 2, 2, 1, 2, 1]",1
298035,"[1, 2]",1
118311,"[1, 2]",1
630497,"[1, 1, 2, 1, 1, 1, 1]",1
18163,[1],1
626409,"[1, 2]",1
819756,"[1, 1, 1, 1, 2, 2, 1, 2, 1]",1
964242,[1],1
10966,"[1, 1, 1]",1
616076,"[1, 2]",1
890608,[1],1
707629,"[1, 1, 2, 1, 1, 1, 1, 1, 1, 1, 1, 1]",1
342884,"[2, 1]",1
373460,"[1, 2]",1
307870,"[1, 2]",1
788755,"[2, 1]",1
185022,"[2, 1]",1
19288,"[1, 1, 1, 1, 1, 2, 1, 1]",1
472222,"[1, 2, 1, 2, 1, 1]",1
960616,"[1, 2]",1
743456,[1],1
205058,"[1, 2, 1, 2, 2, 1, 2, 1, 1, 2]",1
851482,"[2, 1]",1
770525,"[1, 1]",1
295848,[1],1
853713,[1],1
486235,"[1, 2, 2, 1, 2, 1, 1, 2]",1
339007,"[1, 1, 1, 1]",1
164638,"[1, 1]",1
172212,[1],1
777831,[1],1
968035,"[1, 1, 1, 1, 1, 1, 1, 1, 1, 1, 1, 1, 2]",1
243751,"[1, 2]",1
947675,"[1, 2]",1
339969,[1],1
413033,"[1, 1, 1, 1]",1
197524,"[1, 2]",1
511202,"[2, 1]",1
807565,"[1, 1, 1, 1, 1, 1, 1, 1, 2, 1, 2, 2, 1, 2, 1, 3, 1, 1, 1, 1, 1, 1, 1, 1, 1, 1, 1, 1, 1, 1, 1, 1, 1, 1, 1, 1, 1, 1, 1, 1, 1, 1, 1, 1, 4, 1]",1
556582,"[1, 1]",1
409547,"[2, 1]",1
164764,"[1, 2]",1
897961,[1],1
451471,"[2, 1]",1
596136,[1],1
51306,[1],1
888760,"[2, 1]",1
669814,"[2, 1, 1, 1, 1, 1, 2, 2, 1, 1, 1]",1
1016299,"[2, 1]",1
437975,"[1, 2]",1
545866,"[1, 2, 1, 2]",1
896106,"[1, 1, 1, 1, 1, 1, 1, 2, 2, 1, 1, 1, 1, 1, 1, 1, 1, 1, 1, 1, 1, 1, 2, 2, 1, 1, 1, 1, 1, 1, 1, 1, 1, 1, 1]",1
793127,"[1, 1, 1, 1, 1, 1, 1, 2, 1, 1, 1]",1
42365,"[2, 1, 1, 2, 2, 1, 2, 1]",1
920950,"[1, 1, 2, 1, 1, 1]",1
310713,"[1, 1, 1, 1, 2, 1, 1, 1, 1]",1
810375,"[1, 1, 1]",1
23134,"[1, 2]",1
992813,[1],1
894534,"[1, 2]",1
6109,"[1, 1, 1, 2, 1, 1, 1, 1]",1
286456,[1],1
771131,"[1, 2]",1
605570,"[2, 1, 1, 1, 2, 1, 1, 2, 2, 1, 1, 2, 1, 2, 1, 1, 1, 1, 2, 2, 1, 1, 2, 1, 2, 1, 2, 1, 2, 1, 1, 2, 2, 1, 2, 1, 2, 1, 2, 1, 1, 2, 1, 2, 1, 1, 2, 1, 2, 2, 1]",1
830757,"[2, 1]",1
169263,"[2, 1]",1
994171,[1],1
590980,"[2, 1, 1, 2]",1
445230,[1],1
440249,"[2, 1, 1]",1
423660,"[1, 1]",1
797832,"[1, 1]",1
25485,"[1, 1, 1]",1
613992,[1],1
401541,"[2, 1, 1, 2, 2, 1]",1
173854,"[2, 1]",1
308605,"[1, 2, 1, 2, 1, 2, 2, 1, 1, 2, 2, 1]",1
525588,"[1, 1, 2]",1
84466,"[2, 1]",1
310784,"[1, 2, 2, 1, 1, 1]",1
351718,"[1, 1, 1, 1, 1]",1
561470,"[1, 2]",1
734385,[1],1
755659,"[1, 2]",1
27986,"[1, 1, 1, 1, 1, 1, 2, 1, 2, 1, 1, 2, 1, 1, 1, 1, 1, 2, 1, 1]",1
253070,"[2, 1]",1
441590,[1],1
741064,"[1, 1, 1, 1, 1, 1, 1, 2, 1, 1, 1, 1, 1, 1, 1, 1, 1, 1, 1, 1, 1, 2, 3, 1, 1, 1, 1, 1, 1, 1, 1, 1, 1, 1, 1, 1, 1, 1, 1, 1, 1, 1, 1, 1, 1, 1, 1]",0
555708,"[1, 1, 1, 1]",1
144450,"[1, 2, 1, 2, 1, 1, 2]",1
899195,"[1, 2, 1, 1, 1, 1, 1, 2, 1, 1, 1, 1, 1, 1, 1]",1
665150,"[1, 1, 1]",1
893869,"[1, 1]",1
108670,"[1, 2, 1, 2]",1
861773,[1],1
571998,[1],1
208517,"[1, 2]",1
443750,"[1, 1, 2]",1
411232,"[2, 1]",1
497265,"[1, 1, 1, 1]",1
743010,"[1, 1, 1, 2, 1, 1, 2, 2, 1, 1, 1, 1, 1, 1, 2, 1, 1, 1, 1, 1, 1, 1, 1]",1
204681,"[1, 1, 1, 2, 1, 1, 2, 1, 1, 2, 1, 2, 1, 1, 1]",1
184249,"[2, 1, 1, 2]",1
545241,"[1, 2, 1, 2]",1
307839,"[1, 1]",1
184466,"[2, 1, 1, 2]",1
439561,"[1, 1, 1, 1, 2, 1, 1, 2, 2, 1, 1, 1, 1, 1]",1
571208,"[2, 1]",1
416934,"[1, 1, 2, 1]",1
607595,"[1, 1, 1, 1, 1, 1, 2, 1, 1, 2, 1, 2, 1, 1, 1, 2, 1, 2, 1, 1, 1, 2, 1, 1, 1, 1, 1, 2, 1, 1, 1, 1]",1
107718,"[2, 1]",1
777301,"[1, 1]",1
349953,"[2, 1]",1
147190,"[2, 1]",1
375379,"[2, 1, 1, 2]",1
86021,"[2, 1]",1
439929,"[2, 1]",1
876074,"[1, 2]",1
157916,"[1, 2]",1
60633,[1],1
641447,"[1, 1]",1
1020086,"[2, 1, 1, 2, 1, 2]",1
160857,[1],1
593554,"[1, 1]",1
996069,"[1, 2, 1, 2, 1, 1, 2, 1, 1, 1, 1, 2, 2, 1, 1, 2, 1, 1, 2, 1, 1, 2]",1
31114,[1],1
856380,"[2, 1, 3, 1, 1, 2, 1, 1]",1
631793,"[2, 1]",1
389387,"[1, 2, 1, 2, 2, 1, 2, 1, 2, 1]",1
511011,"[1, 1, 2, 1, 1, 2, 3, 1, 2, 3, 1, 2, 3, 2, 1]",1
70994,"[1, 2]",1
175231,"[1, 1, 2, 1, 1, 1, 2, 2, 1, 1, 2, 2, 1, 2, 1, 3, 1, 2, 1, 1, 1, 2, 1, 2, 1, 2, 1, 1]",1
847308,"[2, 1, 1]",1
916612,"[1, 2]",1
316044,"[1, 1, 2, 1, 1, 2, 2, 1, 1, 2, 2, 1, 2, 1]",1
278912,"[1, 2]",1
593880,[1],1
175864,"[1, 2, 2, 1, 2, 1]",1
686880,"[2, 1, 1]",1
668172,[1],1
875609,"[1, 2]",1
210648,[1],1
275332,"[1, 1, 1, 1, 1, 1, 1, 1, 2, 1, 1, 1, 1, 1, 1, 2, 1, 1, 1, 1, 1, 1, 1]",1
489532,"[2, 1]",1
360367,"[1, 2, 1, 2]",1
331511,"[2, 1]",1
1046134,[1],1
498816,"[2, 1]",1
231773,"[1, 1, 1, 2]",1
657416,[1],1
104190,"[1, 1, 1, 2, 1, 2, 1]",1
687850,"[1, 2, 1, 1, 2, 1, 1, 1, 1, 1, 1, 2, 1]",1
313963,"[1, 2]",1
930874,"[1, 1, 1, 2, 1, 2, 1, 1, 1, 2, 1, 2, 2, 1, 1, 2, 1, 1, 1]",1
517817,[1],1
524261,[1],1
646,"[1, 1, 2, 1, 1]",1
297385,"[1, 1, 1, 1, 1, 1]",1
346667,[1],1
202535,"[1, 1]",1
912695,[1],1
409354,"[1, 2, 2, 1, 1, 2, 2, 1]",1
45277,"[1, 1]",1
356141,"[1, 1, 2, 1, 1, 1]",1
669778,"[1, 1, 1, 2, 1, 1, 2, 1]",1
487085,"[1, 1, 1, 2, 1, 1]",1
242598,"[1, 1, 2, 1, 1, 2, 1, 2, 1, 2, 1]",1
32576,[1],1
668007,"[2, 1]",1
407758,"[1, 2, 1, 1, 1, 1]",1
453349,"[1, 2, 1, 1, 1, 1]",1
663533,[1],1
482137,"[1, 1, 2, 1, 2, 1, 1, 2, 1]",1
659000,"[1, 1]",1
320870,[1],1
84144,"[2, 1, 1, 2, 1, 2]",1
13251,"[1, 1, 1, 1]",1
1043983,"[1, 1, 1, 2, 1, 1, 1, 2, 1, 1, 2, 1, 1]",1
620471,[1],1
528635,[1],1
854218,"[1, 2, 1, 1]",1
865196,"[2, 1, 1, 2, 1, 2, 2, 1, 2, 1, 2, 1, 1, 2, 2, 1, 1, 2]",1
344966,"[1, 2]",1
656863,"[1, 2]",1
386277,"[1, 1, 1]",1
795221,"[1, 2]",1
917922,"[2, 1]",1
825987,"[1, 1, 1, 1, 1, 1, 1, 2, 1, 1, 2, 1, 1, 2, 1, 1]",1
142066,"[2, 1]",1
617210,[1],1
629533,"[1, 2, 1, 1, 1, 1, 1, 1, 1, 1, 2, 1, 2, 1, 2, 2, 1, 1, 2]",1
457986,"[1, 2]",1
456016,"[1, 1, 1, 1, 1, 1]",1
842196,"[1, 1]",1
432302,"[1, 2, 1, 1, 2, 1, 1]",1
70914,"[1, 1, 1, 1, 1, 1, 1, 1, 1, 1, 1, 1, 1, 1, 1, 1, 1, 1]",1
754528,"[1, 2, 1, 2]",1
545959,"[1, 1, 2, 1, 2, 1, 2, 1]",1
934263,"[2, 1]",1
566818,"[2, 1, 2, 1, 1, 1, 1, 1, 1, 1, 1, 1, 1, 1, 1, 1, 1, 1, 1, 2, 1, 1, 2, 1, 1]",1
248312,"[1, 2, 2, 1, 2, 1]",1
573713,"[2, 1]",1
332868,"[2, 1, 1, 2]",1
20281,[1],1
371546,"[1, 2]",1
956505,"[2, 1]",1
162981,"[1, 2]",1
115608,"[1, 1, 1, 2, 1, 1, 2, 1, 1, 2, 1, 1, 1, 1, 1, 2, 1, 1, 1, 2, 1, 2, 2, 1, 1, 1]",1
410453,"[1, 1, 1]",1
852517,"[1, 1]",1
700986,"[2, 1]",1
304236,"[2, 1]",1
62993,"[2, 1]",1
673006,"[1, 2]",1
550087,[1],1
915570,"[2, 1]",1
148772,"[1, 2, 1, 1, 1, 2, 1, 3, 1, 1, 2, 1, 1, 1, 2, 4, 1, 1, 1, 1, 1, 2, 1, 1, 1, 2, 1, 1, 2, 1, 1, 2, 1, 2, 1, 1, 4, 1, 1, 2, 1, 1, 1, 1, 2, 1, 4, 3, 4, 1, 1, 2, 2, 1]",1
509126,"[1, 2]",1
461828,"[1, 1]",1
98351,"[1, 2, 2, 1, 2, 1, 2, 1]",1
201079,"[1, 2]",1
906875,"[1, 1, 1, 1, 2, 1, 1, 2, 1, 1]",1
711696,"[1, 2, 1, 2]",1
215279,"[2, 1, 1, 2, 1, 2, 1, 2, 1, 2, 3, 1, 1, 1, 1, 1, 1, 1, 1, 1, 1, 1, 1]",1
750426,[1],1
174670,"[1, 1, 1, 2, 1]",1
768930,"[1, 1, 1]",1
316206,"[2, 1]",1
986428,"[1, 1, 1]",1
104368,"[2, 1]",1
158818,[1],1
65513,"[1, 2, 1, 1, 1, 1, 1, 1, 1, 1, 2, 1, 2, 1]",1
707744,[1],1
396953,"[2, 1]",1
131076,[1],1
57802,"[2, 1]",1
1790,"[1, 2]",1
405048,"[1, 2, 1, 1]",1
450723,"[1, 1, 1]",1
176253,"[1, 1]",1
458552,"[1, 1, 1, 2, 2, 1, 1, 1, 1, 1, 2, 1, 1, 2, 1, 2, 1, 2, 1, 1, 1, 2, 2, 1, 1]",1
437250,"[1, 2, 1, 1, 2, 1, 1, 2]",1
112277,"[2, 1, 2, 1, 1, 2, 2, 1, 2, 1]",1
1041155,[1],1
390359,"[2, 1]",1
336885,"[2, 1]",1
367134,[1],1
548478,"[1, 1, 1, 2]",1
447895,"[2, 1, 1]",1
536826,"[2, 1, 1, 2, 2, 1]",1
841861,"[1, 2, 3, 1, 1]",1
215581,[1],1
2158,[1],1
570224,"[2, 1]",1
714835,"[2, 1]",1
1043746,"[1, 2, 1, 1, 1, 1, 1, 2, 1, 1, 1]",1
817415,"[1, 2, 1, 1, 1, 1, 2, 1, 2, 1, 2]",1
455698,[1],1
735929,"[1, 2]",1
8326,"[1, 1, 1, 1, 1, 1, 1, 1, 1, 1, 1, 1, 1, 1, 1, 1, 1, 1, 1, 1, 1, 1, 1, 1, 1, 1, 1, 1, 1, 1, 1, 1, 1, 1, 1, 1, 1, 1, 1]",1
256605,"[1, 2]",1
276286,"[1, 2]",1
119713,"[2, 1]",1
365654,"[2, 1, 2, 1, 1, 2, 2, 1, 2, 1, 2, 1, 2, 1, 1, 2, 2, 1]",1
621686,"[2, 1, 2, 1, 1, 2, 1, 2, 2, 1]",1
780634,"[2, 1, 2, 1, 1, 2]",1
677726,"[1, 2, 1, 2, 1, 2, 1, 1, 2]",1
755942,"[1, 2, 1]",1
130019,"[1, 1, 1, 1, 1, 1, 1, 1, 1, 1, 1, 1, 1, 1, 1]",1
769596,"[2, 1, 1, 2, 1, 2, 1, 2, 1, 2, 1, 2, 1, 2]",1
1028784,"[1, 2]",1
649659,"[1, 1, 1, 1]",1
635209,"[1, 1, 2, 1, 2, 1, 1, 2, 1, 1, 1, 2, 1, 1, 2, 1, 2, 1, 2, 1, 2, 1, 1, 2, 1, 1, 2, 2, 1]",1
6440,"[1, 2, 2, 1, 1, 1, 1, 2, 1, 1, 1, 1, 1, 1, 2, 1, 1, 2, 1, 1, 1, 1, 2, 1, 2, 1, 1, 1, 2, 1, 2, 2, 1, 1, 1, 2, 1, 2, 1, 1, 2]",1
1000376,"[1, 2, 2, 1]",1
147200,[1],1
497702,[1],1
280911,[1],1
99062,[1],1
679629,"[1, 1, 1, 1, 1, 1, 1, 1, 1, 1, 1, 1, 1, 1, 1, 2, 1, 1, 1, 1, 1, 2, 2, 1, 1, 1, 1, 1, 1, 2, 1, 2, 1, 1, 1, 1, 1, 1, 1, 1, 1, 1, 1, 2, 1, 2, 1, 2, 1, 2, 1, 2, 1, 1, 2, 1, 2, 1, 1, 1, 1, 1, 1, 2, 1, 1, 2, 3, 1, 1, 1, 2, 1, 1, 1, 1, 1, 1, 1, 1, 2, 1, 2, 1, 3, 1, 4, 1, 1, 1, 1, 1, 1, 1, 2, 1, 1, 1, 2, 1, 1, 2, 1, 1, 1, 1, 1, 1, 2, 1, 1, 1, 1, 1, 1, 1, 1, 1, 1, 1, 1, 2, 3, 1, 1, 2, 4, 1, 1, 1]",0
534065,"[2, 1]",1
680340,[1],1
957080,"[1, 2]",1
251944,"[2, 1]",1
634274,"[2, 1]",1
379449,"[2, 1]",1
1008437,"[2, 1]",1
412244,"[1, 1, 1, 2, 1, 1, 1, 1, 2, 1, 1]",1
351431,[1],1
585039,"[2, 1, 1, 1]",1
621821,[1],1
398578,"[1, 1, 2]",1
120783,[1],1
145610,"[2, 1, 1, 2, 2, 1, 1, 2, 1, 2, 2, 1, 1, 2, 2, 1, 1, 2, 1, 2, 1, 2, 1, 2, 1, 2, 2, 1, 1, 1, 1, 1, 1, 1, 1, 1, 1, 1, 1, 1, 1, 1, 1, 1, 1, 1, 1, 2, 1, 1, 2, 1, 1, 2, 1, 1, 1, 2, 1, 1, 2, 1, 2, 1, 1, 2, 1, 2, 1, 2, 2, 1, 2, 1]",1
455165,"[2, 1, 1, 2, 1, 2]",1
788413,"[1, 1, 2, 1, 1, 1, 2, 1, 2, 2, 1, 2, 1, 2, 1]",1
646273,[1],1
338425,[1],1
747074,"[2, 1]",1
887693,[1],1
499980,"[1, 1, 1, 1, 2, 1, 1]",1
376640,"[1, 1, 2, 1]",1
92739,"[2, 1]",1
612789,"[2, 1]",1
716700,"[1, 1, 1, 2, 2, 1, 1, 1, 2, 1, 1, 1, 1, 2, 1, 1, 2, 1, 1, 1, 2, 1, 2, 1, 1, 1, 2, 1, 2, 1, 1, 1, 2, 1, 1]",1
620026,"[1, 1, 1, 1, 2, 1, 2, 1, 2, 1, 2]",1
105681,[1],1
803701,[1],1
358706,"[1, 2]",1
990401,"[2, 1]",1
105438,"[1, 1, 1, 1, 1, 1, 2]",1
861798,"[1, 1, 1]",1
216730,"[1, 1, 1, 1]",1
532796,"[1, 2]",1
109536,"[1, 2, 1, 2, 2, 1, 2, 1, 2, 1, 2, 1, 2, 1, 2, 1, 2, 1, 2, 1, 2, 1, 1, 1, 2, 1, 1, 1, 1, 2, 1, 1, 2, 2, 1, 1, 2, 3, 1, 1]",0
179041,"[1, 2]",1
377183,[1],1
543958,"[1, 1, 1, 1, 1, 1, 1, 1, 1]",1
558423,"[2, 1, 2, 1]",1
566877,"[1, 1, 1, 2]",1
214995,"[1, 1, 2, 1, 2]",1
345705,"[1, 1, 1, 1, 1, 2]",1
501281,"[2, 1, 1, 2]",1
573779,"[1, 1, 1, 2, 1, 1, 2]",1
3725,"[1, 1, 1, 1]",1
487176,"[1, 1, 1, 1, 1, 1]",1
866270,[1],1
919307,[1],1
975872,"[1, 1, 1, 1, 1, 1, 2, 1, 2, 1, 2, 2, 1, 1, 2, 1, 2, 2, 1, 1, 2, 2, 1, 2, 1, 2, 1]",1
1010168,"[1, 1]",1
559704,"[1, 1, 1, 1]",1
677170,"[2, 1]",1
111250,[1],1
239384,"[1, 1, 1]",1
815127,"[1, 2, 1, 2]",1
180191,[1],1
195582,"[1, 1, 1]",1
717038,[1],1
3668,"[1, 2]",1
353249,[1],1
61622,"[1, 2]",1
711131,[1],1
13357,"[2, 1]",1
982137,"[1, 2]",1
24245,"[1, 1]",1
452902,"[1, 1, 1, 1, 1]",1
16792,[1],1
826456,"[2, 1, 1, 2]",1
887720,"[1, 1, 1]",1
238733,[1],1
191986,"[1, 2, 1, 1, 2, 1, 2]",1
537233,"[2, 1]",1
715340,"[1, 2]",1
267621,"[2, 1, 1, 2, 2, 1, 1, 2, 1, 1, 2, 1, 1, 1, 1, 2, 1, 1, 2, 1, 2, 2, 1, 2, 1, 2, 1, 1, 1, 1]",1
537350,"[1, 2]",1
805399,"[1, 2, 1, 1]",1
79543,"[1, 1, 1, 1, 2, 2, 1, 1, 2, 1, 2, 1, 1, 1, 1, 2]",1
530201,[1],1
393733,"[1, 2, 1, 1, 2, 1, 2, 1, 1, 1, 2, 1, 2, 1, 2, 2, 1, 1]",1
799911,"[1, 1, 2, 1, 3, 1, 1, 2, 1, 1, 1]",1
185219,"[2, 1, 1, 1, 1, 2, 1, 2, 1]",1
718135,"[1, 1, 1, 2, 1, 2, 2, 1, 2, 1, 2, 1, 1, 1, 1, 2, 1, 1]",1
293804,[1],1
406917,"[1, 2, 1]",1
951210,[1],1
655831,[1],1
72466,"[1, 2, 2, 1, 2, 1]",1
35210,"[1, 2, 1, 2, 2, 1, 1, 2, 2, 1, 2, 1, 2, 1, 2, 1, 1, 2, 2, 1, 2, 1]",1
669524,"[1, 1, 1, 1, 1, 1, 1, 1, 1, 1, 1, 1, 2, 1, 1, 1, 1, 2, 2, 1, 2, 1, 1, 2, 1, 2, 1, 2, 1, 2, 2, 1, 2, 1, 1, 2, 3, 1, 1, 1, 1, 1, 1, 1, 1, 1, 1, 1, 1, 1, 1, 1, 1, 1, 1, 1, 1, 1, 1, 1, 1, 1, 1, 1, 1, 1, 1, 1, 1, 1, 1, 1, 1, 1, 1]",1
821318,"[1, 2]",1
323593,"[2, 1]",1
513321,"[1, 1, 1, 1, 1]",1
1009791,"[1, 1, 2]",1
190275,"[1, 2]",1
769873,"[1, 2, 1, 2, 2, 1, 2, 1, 1, 2]",1
32551,"[2, 1, 1, 2]",1
880990,[1],1
273506,"[1, 1, 2, 1, 1, 1, 1]",1
914404,"[1, 2, 1, 2, 1, 1, 2, 1, 2, 1]",1
966602,"[2, 1]",1
880740,"[2, 1]",1
635500,"[1, 2]",1
555681,"[1, 2, 1, 2, 1, 2, 2, 1, 1, 2, 2, 1, 1, 2, 1, 2, 1, 2, 1, 2, 2, 1, 2, 1, 1, 2, 1, 1, 2, 1]",1
612527,"[1, 2]",1
332700,"[1, 2]",1
525570,"[1, 1, 1, 2, 1, 2, 1, 1, 2, 1, 1, 1, 2, 1, 1, 2, 1, 1]",1
600913,"[1, 1, 1, 1, 2, 1, 1, 1]",1
774197,[1],1
419525,"[1, 1, 2, 1, 1]",1
806576,"[1, 2]",1
361952,"[2, 1, 1, 2, 2, 1]",1
866593,"[1, 1, 1]",1
313186,"[2, 1]",1
943102,[1],1
802964,"[2, 1, 2, 1, 1, 2, 2, 1, 1, 2, 1, 2, 1, 2]",1
566742,"[1, 1, 1, 1, 1, 2, 1, 1]",1
902199,"[2, 1, 1, 1, 1, 2, 1, 1, 1, 2]",1
543637,"[2, 1, 2, 1, 1, 1, 1, 1, 2, 1, 1, 1, 2]",1
52909,"[1, 2]",1
420761,"[1, 2]",1
21523,"[1, 2]",1
36620,"[1, 2]",1
943612,"[1, 2]",1
425395,[1],1
917720,"[1, 2]",1
8180,"[1, 1, 1, 1, 2, 1, 1, 1, 2]",1
260461,"[2, 1]",1
741265,"[1, 1, 2, 1]",1
1022338,"[1, 1, 1, 1, 1, 1, 1, 1, 1, 1, 1, 1, 1, 1, 1, 1, 1, 1, 1, 1, 1]",1
788308,[1],1
587963,"[1, 2, 2, 1, 1, 2, 3, 1, 1, 1, 1, 2, 1, 1, 1, 1, 2, 1, 1, 1, 1, 1, 1, 2, 1, 1, 1, 1, 1, 1, 2, 1, 1, 1, 1, 1]",1
115076,"[2, 1]",1
567726,"[1, 1, 2]",1
444376,[1],1
935716,"[2, 1, 1, 1, 1]",1
271333,"[1, 3, 1, 4, 1, 1, 3, 1, 1]",1
504589,"[1, 2, 1, 1, 2]",1
767108,"[1, 2, 1, 1, 2]",1
795978,"[2, 1, 2, 1, 1, 2]",1
569227,"[1, 1]",1
492542,"[2, 1]",1
58501,"[2, 1]",1
733236,"[1, 2, 1, 1, 1, 2, 1]",1
535319,"[2, 1, 2, 1]",1
209261,"[2, 1]",1
485395,"[1, 2]",1
780278,"[2, 1]",1
440777,"[2, 1, 2, 1]",1
339309,"[1, 1, 1, 1, 1, 1, 1, 1, 1, 1, 1, 1, 1, 1, 1, 1, 1, 1, 1, 1, 1, 1, 1, 1, 1, 1, 1, 1, 2, 1, 1, 2, 1, 1, 2, 1, 1, 2, 1, 1, 1, 1, 1, 1, 2]",1
382396,"[1, 2, 1, 1, 1, 2, 1]",1
209225,"[1, 1, 1, 1, 1, 1, 1, 1, 2, 1, 2, 1, 2, 1, 1, 2, 1, 2, 1, 1, 2, 1, 1, 2, 1, 2, 1, 1, 2, 2, 1, 1, 2, 1, 2, 2, 1, 1, 2, 1, 2, 1, 1, 1, 1, 1, 1, 1, 1, 1, 1, 1, 2, 1]",1
143143,"[1, 2]",1
129895,"[1, 1, 1, 2, 1, 2, 1, 2, 1, 1, 2]",1
253111,[1],1
418151,"[1, 1, 1]",1
311109,[1],1
407152,"[1, 2]",1
612289,"[2, 1, 2, 1]",1
467662,"[1, 1, 2, 1, 1, 1, 2, 1, 1, 1, 1, 2, 1, 1, 2, 1, 1, 2, 1, 1, 1, 2]",1
562969,"[1, 2, 2, 1, 2, 1, 1, 1, 1, 2, 1, 2, 1, 1, 1, 2, 1, 1, 1, 1, 2, 1, 1, 1, 2, 1, 1, 1, 2, 1, 2, 1, 1, 1, 1, 1, 1]",1
726696,"[1, 2, 2, 1]",1
119831,"[1, 1, 2, 1, 1, 2, 1, 2, 1, 2, 1, 1, 2]",1
501461,"[1, 1, 1, 1, 2, 1, 1, 2, 2, 1]",1
992056,"[1, 1, 1, 1, 1, 2, 1, 2, 1, 1, 2, 1, 1]",1
9403,"[1, 1, 1, 1, 1]",1
271753,"[1, 2]",1
701394,"[1, 2]",1
227608,"[1, 1, 1, 1, 1, 1, 1, 1, 1, 1, 2, 1, 1, 2, 1, 1, 2, 1, 1, 2, 2, 1, 1, 2, 2, 1, 2, 1, 1, 2, 2, 1, 1, 2, 3, 1, 1, 1, 1, 1, 2, 1, 1, 1, 2, 1, 2, 1, 2, 1, 2, 1, 1, 1, 2, 1, 1, 2, 1, 1, 1, 2, 2, 1, 1, 1, 2, 3, 1, 1, 1]",1
514869,[1],1
360040,"[1, 1, 1, 1, 1, 2, 1, 3, 4, 1, 4, 1, 4, 4, 4, 4, 1, 1, 2, 1, 4, 1, 4, 4, 1, 1, 1, 1, 1, 1, 2, 2, 1, 3, 4, 1, 4, 1, 4, 4, 4, 4, 1]",0
313253,"[1, 1, 1, 1, 2, 1, 1]",1
165584,[1],1
939198,"[1, 2]",1
951574,"[3, 1, 1, 1, 1, 1, 1, 1, 2, 2, 1, 3, 1, 2, 1]",1
270852,"[1, 1]",1
138371,"[1, 1, 1]",1
966135,"[2, 1, 2, 1]",1
327305,[1],1
850347,[1],1
940422,"[1, 1]",1
931948,"[1, 1, 1, 1, 1, 1]",1
908133,"[1, 1]",1
611392,"[2, 1]",1
291154,[1],1
158062,"[1, 2, 1, 1, 1]",1
375751,"[1, 1, 1, 1, 1, 1, 2, 1, 1, 2, 1, 3, 1, 2, 1, 1, 2, 1, 3, 1]",0
723444,"[2, 1]",1
229524,"[1, 2, 1, 1, 2, 1, 2, 2, 1, 1, 1, 2, 2, 1, 1, 2, 1, 2, 2, 1, 1, 2, 1, 2, 1, 2]",1
917584,"[1, 1, 1]",1
17191,[1],1
645948,"[2, 1]",1
492074,"[2, 1, 1, 2, 1]",1
462375,"[1, 1, 1, 1, 1, 1, 1, 2]",1
474122,"[1, 1, 1]",1
518311,"[1, 2]",1
160618,"[1, 1, 1, 1, 1, 1]",1
376091,"[1, 1, 2, 1, 1, 2, 2, 1]",1
719049,"[2, 1, 2, 1]",1
157553,[1],1
21018,[1],1
359330,"[2, 1, 2, 1]",1
709539,"[1, 2, 1, 1, 1, 1, 2, 3, 4, 3, 4, 1, 4, 1, 1, 2, 4, 1, 4, 4, 4, 1, 4, 4, 1, 1, 1, 2, 3, 4, 1, 1, 4, 4, 4, 4]",1
64316,[1],1
970613,"[1, 1, 2, 1, 2, 1, 2, 1, 1, 2, 2, 1, 1, 2, 1, 2, 1, 1, 1, 2, 1, 1, 1, 2, 1, 1, 2, 1, 1, 1, 2, 1, 1, 2, 1, 2, 1, 1, 1, 1, 2, 1]",1
424203,"[1, 1, 1]",1
1037679,"[1, 1, 1, 1, 1, 2, 1]",1
403685,"[1, 2, 1, 2, 1, 1]",1
751006,[1],1
744481,[1],1
481284,[1],1
742236,"[1, 1, 1, 2, 1, 1, 1, 1, 1, 1, 1]",1
1020657,"[2, 1]",1
397267,"[1, 1, 1]",1
797308,"[2, 1, 1, 2, 1]",1
345194,"[1, 1, 2, 1]",1
995888,"[2, 1]",1
551441,[1],1
513917,"[1, 2, 1, 2, 1, 1]",1
759792,"[1, 2, 1, 1, 2, 2, 1, 1, 2, 1, 1]",1
524672,"[1, 2]",1
99918,"[1, 1, 1, 1, 1, 1, 1, 1, 1]",1
671658,"[1, 1, 1, 1, 1, 1, 2, 1, 1, 2, 1, 1, 2, 1, 1, 2, 1]",1
629286,[1],1
395074,"[1, 1, 1, 1]",1
712363,"[1, 1, 1, 1]",1
166162,"[1, 2]",1
934330,"[2, 1, 2, 1]",1
500590,[1],1
619394,[1],1
506500,"[1, 1, 1, 1, 1, 1, 1, 1, 1, 1, 1, 1, 1, 1, 1, 1, 1, 2, 1, 2, 1, 2, 1, 1, 2]",1
23674,"[1, 1, 1, 1, 1, 1, 2, 1, 1, 1, 1, 2, 1, 2, 1, 1, 1, 2, 1, 1, 2, 1, 1]",1
806372,"[2, 1]",1
394043,[1],1
815511,"[1, 1, 1, 1, 1, 1, 1, 1, 1, 1]",1
985130,"[1, 1, 1, 1, 1, 1, 1, 2, 1, 1, 2, 1, 2, 1, 1, 1, 2]",1
152126,"[1, 2]",1
370705,"[1, 2, 1, 2, 1, 2, 2, 1]",1
333330,"[1, 1, 2, 2, 1, 1, 2, 1, 2, 1, 2, 1, 1, 2, 1, 2, 1]",1
934621,[1],1
564050,"[1, 1, 2, 1]",1
673676,"[1, 1, 1]",1
699140,"[1, 2]",1
906600,"[2, 1, 2, 1]",1
584666,[1],1
256173,"[1, 1, 1, 1, 2, 1, 2]",1
802487,"[1, 2]",1
235663,"[2, 1]",1
162189,"[1, 1, 1, 1, 1, 1, 1, 1]",1
58068,[1],1
226671,"[1, 1, 1, 1, 1, 2, 1]",1
708406,"[1, 1, 1, 1, 1, 1, 1, 1, 1]",1
388921,"[1, 1, 1, 1, 1, 1, 2]",1
637429,[1],1
174804,[1],1
186236,"[1, 2]",1
307227,"[2, 1]",1
115869,"[1, 2, 1]",1
582840,[1],1
624358,"[2, 1, 1, 2, 1, 2, 2, 1, 1, 1, 2, 1, 1, 1, 2, 1, 2, 1]",1
793998,"[1, 1, 1, 2, 1, 1, 2]",1
295688,"[1, 1, 1, 1, 1, 1, 1, 1, 1, 1, 1, 1]",1
444888,"[1, 2, 1, 1]",1
43623,"[1, 1, 1]",1
586265,"[1, 1, 1, 1, 1, 1, 1, 2, 1, 1]",1
743548,"[1, 1, 1, 1, 1, 1, 2, 1, 2, 1, 1, 1, 1, 1, 2, 1, 1, 1, 1, 1, 2, 1, 1, 1, 1, 1]",1
227912,"[1, 2, 1, 2, 1, 2, 2, 1]",1
753337,[1],1
391592,"[1, 2]",1
832570,"[1, 2]",1
661655,"[2, 1]",1
282608,"[1, 1]",1
331993,"[1, 1, 1, 1]",1
43528,"[1, 2, 1, 1, 1, 2, 1, 1]",1
239270,"[2, 1, 1, 2, 2, 1, 2, 1, 2, 1, 1, 2, 1, 2, 1, 2, 1, 2]",1
440771,"[1, 2, 2, 1, 2, 1, 1, 1, 2, 2, 1, 3, 1, 2, 4, 3, 1, 1, 4, 1]",1
900768,"[1, 1, 1]",1
931478,"[1, 2, 1, 1, 1]",1
863880,"[1, 2]",1
911416,"[1, 1]",1
1009240,"[1, 1, 1]",1
205402,"[1, 1, 1, 1, 1, 1, 2, 1, 2, 2, 1, 1, 2, 2, 1, 2, 1, 2, 1, 1, 1, 1, 1, 2, 1, 1, 2, 1, 1, 1, 2]",1
586311,"[2, 1]",1
476390,"[2, 1, 1, 2, 2, 1, 1, 1, 1]",1
762916,[1],1
502809,[1],1
924920,"[1, 1, 1]",1
771936,"[1, 2, 1, 2, 1, 1, 1, 1, 1, 1, 1, 1, 1, 1, 1, 1, 1, 1, 1, 2, 1, 1, 1, 1, 1, 1, 1, 1, 1, 1, 1, 3, 4, 4, 1, 4, 4, 1, 4, 4, 4, 4, 4, 4, 4, 4, 1, 4, 4, 1, 4, 4, 4, 4, 4, 4, 4, 4, 1, 4, 4, 1, 4, 4, 4, 4, 4, 4, 4, 4, 1, 1, 1, 1, 1, 1, 4, 4, 1, 4, 4, 4, 4, 4, 1, 4, 4, 1, 4, 4, 4, 4, 4, 4, 4, 4, 1]",1
860914,"[1, 1, 1, 1, 2, 1, 1, 1, 2, 1, 1, 1, 1, 2, 1, 1, 1, 1, 1, 1, 1, 1, 1]",1
429427,"[2, 1]",1
583262,"[2, 1]",1
597726,[1],1
612211,"[1, 2, 1, 1, 2, 1, 1, 2, 1, 1]",1
325679,"[2, 1]",1
852792,"[2, 1, 1, 2, 1]",1
383349,"[1, 2, 1, 2, 1, 2, 1, 2]",1
449230,[1],1
211410,"[1, 2]",1
1030007,"[1, 1, 1, 1, 2]",1
334521,"[1, 2, 1, 1]",1
445551,"[1, 1]",1
401563,"[1, 1]",1
116279,"[2, 1]",1
84985,"[2, 1]",1
33550,"[1, 1]",1
712492,"[2, 1]",1
265225,"[1, 1, 1, 1]",1
73345,"[1, 2]",1
1025509,"[1, 2]",1
454402,"[1, 2, 1, 1, 1, 2, 2, 1, 1]",1
1008641,"[1, 1]",1
164958,"[1, 1, 1, 1, 2, 1, 2, 2, 1, 2, 1, 2, 1, 2, 1, 2, 1, 2, 1, 2, 1, 2, 1, 1, 2, 2, 1, 1, 1, 2, 1, 2, 1, 1, 2, 2, 1, 2, 1, 1, 1, 1, 1, 2, 1, 2, 1, 1, 2, 2, 1, 2, 1]",1
422010,[1],1
252047,"[1, 2, 1, 1, 2, 1, 1, 2, 1, 1, 2, 1, 1, 1, 2, 1, 2, 1, 1, 1, 1, 1, 1, 2, 1, 1, 2, 1, 1, 1, 2, 1, 1, 1, 1, 2, 1, 1, 1, 1, 1, 1, 2, 1, 1, 1, 1, 2, 1, 1, 1, 1, 1, 2, 1, 1, 1]",1
858337,"[1, 2]",1
516399,"[1, 2, 3, 1]",0
490725,"[1, 1]",1
655573,"[2, 1]",1
954934,"[1, 2, 1, 2, 1, 2, 2, 1]",1
651135,"[1, 1, 1, 2, 1]",1
411966,"[1, 2, 2, 1, 1, 2]",1
91656,[1],1
723867,"[2, 1]",1
396871,"[1, 1, 1, 2, 1, 1, 2, 1, 1, 2, 1, 2, 1]",1
542755,"[1, 1, 2, 1, 1, 2, 1, 1, 2, 1, 1, 1, 1, 2, 1]",1
21402,"[2, 1, 1, 2, 2, 1, 2, 1, 2, 1, 1, 2, 1, 2, 1, 2, 1, 2, 1, 2, 1, 2, 1, 2]",1
263944,"[1, 1]",1
944009,"[1, 1]",1
861982,"[1, 1, 1, 2, 1, 2, 1, 2, 1, 2, 1, 2, 1, 2, 1, 2, 1, 2, 1, 2, 1, 2, 1, 1, 2, 1, 1, 2, 1, 1, 1, 2, 1, 2, 1, 2, 1, 1, 2, 2, 1, 1, 2, 1, 2, 1, 2, 1, 1, 2, 2, 1, 2, 1, 2, 1, 2, 1, 1, 2, 1, 1, 2, 1, 1, 1]",1
988235,"[1, 2]",1
502417,"[1, 1, 1, 1, 1, 1, 1, 1]",1
802402,[1],1
614300,"[1, 1, 2, 1]",1
772767,[1],1
1029066,[1],1
267423,[1],1
457504,[1],1
396873,"[2, 1]",1
862274,"[1, 1, 2, 1, 1, 2, 1, 1, 1, 1, 1, 1]",1
146445,"[2, 1]",1
650838,[1],1
232307,"[1, 2]",1
174510,"[1, 2, 1]",1
397080,"[2, 1]",1
424003,"[2, 1]",1
718940,"[1, 2, 1, 1, 2, 1, 2, 1, 2, 1, 2, 1, 2, 1, 1, 1, 2, 2, 1, 2, 1]",1
270986,"[1, 2, 2, 1]",1
688288,[1],1
372744,[1],1
52273,[1],1
639942,"[1, 1, 1, 1]",1
216542,"[2, 1, 1, 1, 1]",1
633099,"[1, 2, 1, 2, 1, 2, 1, 1, 2, 1, 1, 1, 2, 2, 1, 1, 2, 3, 1, 1, 1]",1
538055,[1],1
67324,"[2, 1]",1
535152,"[1, 1, 1, 1, 1, 1, 1, 1, 1, 1, 1, 1, 1, 1, 1, 1, 1, 1, 1, 1, 1, 1, 1, 1, 1, 1, 1, 1, 1]",1
828879,"[2, 1]",1
751207,"[1, 1, 1, 1, 1, 1, 1, 1, 2]",1
614103,"[1, 2, 1, 1]",1
27057,[1],1
686696,"[1, 2]",1
15620,[1],1
118979,"[1, 2, 1, 1, 1, 2, 1, 2, 1]",1
167206,"[2, 1]",1
46445,"[2, 1]",1
874020,"[2, 1]",1
451350,"[2, 1]",1
889337,[1],1
687405,"[2, 1]",1
864363,"[2, 1, 2, 1, 1, 2, 3, 1, 2, 1]",1
288563,[1],1
690210,"[2, 1]",1
257575,"[1, 1, 1]",1
586381,"[1, 1, 1, 2, 1, 1, 1, 1]",1
131932,[1],1
783965,[1],1
545733,"[1, 1, 1]",1
917514,"[1, 2, 2, 1, 2, 1]",1
767710,"[2, 1, 2, 1, 1, 2, 1, 2, 1]",1
464422,[1],1
970310,"[2, 1]",1
922343,"[1, 2, 1, 2]",1
74278,"[1, 1, 2, 1, 1]",1
41108,"[1, 1, 1]",1
755200,"[1, 1, 2]",1
403621,"[2, 1]",1
814795,"[1, 1, 1, 2, 1, 1, 2, 1, 2, 1, 1, 2, 1, 1]",1
1020909,"[1, 1, 1, 1, 1, 1]",1
5818,"[2, 1]",1
1827,"[2, 1]",1
432761,"[1, 2, 1, 1, 1, 2, 1, 2, 1, 2, 1, 1, 1, 2, 1, 1, 2, 1, 1, 2, 1, 1, 2, 1, 1, 2, 1, 1, 2, 2, 1, 2, 1, 2, 1, 1, 1, 1, 2, 1, 1, 1, 1]",1
1044002,"[2, 1, 1, 2]",1
455522,[1],1
191713,"[1, 1]",1
422978,"[1, 2, 1, 1, 2, 1, 1, 1, 1, 1, 1, 1, 1, 1, 2, 1, 1, 2, 1, 1]",1
815289,"[1, 2]",1
959122,"[1, 2, 1]",1
279536,"[2, 1, 1, 2]",1
409388,"[1, 1, 1, 1]",1
532459,[1],1
345992,"[1, 2]",1
395254,"[1, 1, 1, 1, 1, 1, 2, 3, 1, 1, 1]",1
267055,[1],1
452913,"[1, 2, 1]",1
754068,"[1, 1, 1]",1
989662,"[1, 1, 1, 1, 1, 1, 2, 1, 1, 2, 1, 1]",1
980807,"[1, 1, 1]",1
224540,"[1, 2, 1, 1, 1, 2, 2, 1, 1]",1
811977,"[1, 2, 2, 1, 2, 1, 2, 1, 1]",1
284012,"[1, 2, 1, 1, 1, 1, 1, 1, 2, 1, 1, 1, 2, 1, 1, 2, 1, 1, 1, 2]",1
442406,"[1, 1, 1, 2, 1, 1, 1, 2, 1, 1, 2, 1]",1
311331,"[1, 1, 1, 1]",1
769207,"[1, 1, 2]",1
905164,[1],1
231855,"[1, 2]",1
482253,"[1, 2, 1, 1, 2]",1
251480,"[1, 1, 1, 2, 1, 1, 2]",1
242320,"[2, 1]",1
9633,[1],1
482846,"[1, 1, 1, 1, 2, 1, 2, 1, 1, 2, 1, 1, 1, 1, 1, 1, 2, 1, 1, 2, 1, 2, 2, 1, 1, 1, 1, 2, 1, 2]",1
857926,"[1, 2, 2, 1]",1
155594,"[1, 1, 1, 1, 1, 2, 1, 1, 1, 1, 2, 1, 1, 1, 1, 1, 1, 1, 2, 1, 1]",1
681051,"[1, 1, 1, 1, 1, 2, 1, 2, 1, 1, 2, 2, 1, 1, 1]",1
667285,"[2, 1]",1
934976,"[1, 1, 1, 1]",1
82572,"[1, 2]",1
375299,"[1, 2]",1
1022487,"[2, 1]",1
63567,"[1, 1, 1, 1, 1, 2, 1, 1, 1, 2, 1, 1, 2, 1, 2, 1, 1, 1, 2, 1, 2, 1, 1, 1, 2, 1, 2, 1, 1, 2, 1, 2, 2, 1, 1, 2, 2, 1, 2, 1, 1, 2, 1, 2, 2, 1, 1, 2, 1, 1, 1, 2, 1, 1, 2, 2, 1, 1, 2, 1, 2, 1, 1, 1, 2]",1
955216,"[1, 2, 2, 1, 1, 1, 1, 2, 1, 1, 2, 1]",1
592848,"[1, 2]",1
680899,"[1, 2, 1, 2, 2, 1]",1
730534,"[1, 1]",1
132261,"[2, 1]",1
1000639,"[1, 1, 1, 1, 1, 1, 1, 1, 1]",1
607947,"[1, 2, 1, 2, 1, 2, 1, 2, 1, 2, 1, 1, 2]",1
769379,"[1, 1, 2, 1]",1
857719,"[1, 2]",1
806083,"[1, 2]",1
1030689,"[1, 2, 3, 3, 1, 1, 1, 1]",0
1026975,"[1, 1, 1]",1
863931,"[2, 1, 3, 1, 1]",0
344734,"[1, 1, 1, 1, 2]",1
322620,"[1, 2]",1
989236,[1],1
166287,"[2, 1, 1, 2, 1, 2, 2, 1, 1, 2, 1, 1, 1, 1, 2, 2, 1, 2, 1, 2, 1, 1, 2]",1
697830,[1],1
754826,[1],1
211237,"[2, 1, 1, 1, 2, 2, 1]",1
802151,"[1, 2, 1, 2, 1, 2, 2, 1]",1
1025508,"[1, 2]",1
349144,[1],1
1012014,"[1, 2, 1, 2]",1
557164,"[1, 1, 1, 2, 3, 1]",1
668281,"[2, 1, 2, 1, 2, 1, 1, 2, 1, 2, 2, 1]",1
137079,"[2, 1]",1
893767,"[1, 1]",1
832522,"[1, 2, 2, 1, 2, 1, 2, 1, 2, 1, 1, 1, 2, 1, 2, 1, 1, 1, 1, 1, 1, 1]",1
1007609,[1],1
524989,[1],1
218671,"[1, 2]",1
373720,"[1, 1, 1, 1, 1, 1]",1
325361,[1],1
847451,"[1, 1, 1, 2, 1]",1
1004531,"[1, 1, 2, 3, 1, 1, 2, 1, 3, 1]",1
715676,"[1, 1, 1]",1
851070,"[1, 2, 1, 1, 2, 1, 2, 1, 2, 1, 1, 1, 1, 1]",1
946404,"[1, 2, 2, 1, 2, 1]",1
840160,"[1, 1, 1, 1, 2, 1, 1, 1, 1, 1, 1, 1, 1, 1, 2, 1, 1, 1, 1, 1, 1, 2, 1, 1, 2, 1, 1, 1]",1
700651,[1],1
226735,"[1, 2, 1, 2, 1]",1
834307,"[1, 2, 1, 1, 1, 1, 1, 1, 1]",1
885036,"[1, 2]",1
111323,"[2, 1, 2, 1, 2, 1, 2, 1, 1, 2]",1
422350,"[1, 2, 1, 2, 2, 1]",1
863159,[1],1
401909,[1],1
797378,[1],1
444135,"[1, 1, 1, 2, 1, 1]",1
938885,"[1, 1, 1, 1, 1]",1
297408,"[2, 1, 1]",1
89438,"[1, 2]",1
440853,"[2, 1, 1, 2]",1
764317,"[1, 1, 2, 1, 2, 1, 1, 2, 1, 2, 1, 1, 2, 2, 1, 1, 1, 2, 1, 1, 2, 1]",1
441614,"[1, 1, 1, 1, 1, 1, 2, 1, 1, 2, 1, 2, 1, 1, 2, 1, 1, 1, 2, 1, 2, 1, 2, 1, 1, 2, 1, 2, 2, 1, 1, 2, 1, 2, 1, 1, 1, 1, 1, 1, 2, 1, 1, 1]",1
483898,[1],1
820124,"[2, 1]",1
821402,"[1, 2, 1, 1, 1, 2, 1]",1
145929,"[2, 1]",1
452603,[1],1
788951,"[1, 2, 1, 1, 1, 1, 2, 1, 2, 1, 1, 2]",1
336313,"[1, 1, 1, 2, 1, 2, 1]",1
486178,"[2, 1]",1
373215,[1],1
214157,[1],1
954737,"[2, 1, 1, 1, 2]",1
216112,[1],1
505240,"[1, 1, 1, 1, 1, 2, 2, 1, 1, 2]",1
534384,"[1, 1, 1, 1, 1, 1, 2, 1, 2, 1, 2, 2, 1, 2, 1]",1
148407,"[1, 1, 1, 1]",1
464108,"[1, 2]",1
337774,"[2, 1]",1
336672,"[1, 1, 2, 1, 2, 1, 1, 2, 2, 1, 1, 2, 1, 2, 1, 2]",1
100371,[1],1
957371,[1],1
4461,"[1, 1, 2, 1]",1
616160,"[2, 1, 1, 2]",1
463449,"[2, 1]",1
125098,"[1, 1, 1, 2, 1]",1
248350,[1],1
955431,"[1, 2, 1, 2, 1, 2, 1, 2, 1, 2, 1, 1, 2]",1
346188,"[1, 2, 2, 1]",1
929957,[1],1
159677,"[2, 1]",1
344343,[1],1
387259,[1],1
1011383,"[1, 2, 1, 2, 2, 1, 2, 1, 1, 2, 1, 2]",1
98911,"[2, 1, 1, 2]",1
800119,[1],1
1005389,[1],1
438963,"[1, 1, 1]",1
332598,"[2, 1, 1, 2]",1
909018,"[2, 1, 2, 1, 2, 1]",1
549348,[1],1
171678,"[1, 2, 3]",1
873051,[1],1
338493,"[1, 1, 1, 1, 1, 1, 1, 1, 1, 1]",1
733019,"[1, 1, 1, 1, 1, 1, 1, 1, 1, 1, 1, 2, 1, 1, 1, 1, 1]",1
735213,"[1, 1, 1]",1
191663,"[1, 1, 1, 1, 2, 1, 1]",1
688450,"[2, 1]",1
480906,"[1, 2]",1
839991,"[1, 1, 1, 1, 1, 2, 1, 2, 1, 2, 1, 1, 2]",1
444419,[1],1
264303,[1],1
931263,"[2, 1]",1
595251,"[2, 1]",1
521096,"[2, 1]",1
740551,"[2, 1]",1
689865,[1],1
101849,"[1, 1, 1, 1, 1, 2, 1, 1, 1, 1, 1, 1, 1, 1, 2, 1, 1, 1]",1
588042,"[1, 1, 1]",1
255587,"[1, 2]",1
596342,"[1, 2, 2, 1]",1
920007,[1],1
865853,"[1, 2]",1
638507,"[1, 1, 1, 1, 1, 1, 2, 1, 1, 1]",1
818724,"[1, 1, 1, 1, 1, 1, 1, 1]",1
839260,"[1, 2]",1
166461,"[1, 1, 1, 1, 1]",1
1012344,[1],1
828263,"[1, 1, 2, 1, 1, 1, 1]",1
973779,[1],1
812028,"[1, 2, 1, 1, 2]",1
363315,[1],1
322565,"[1, 1, 1, 1, 1, 1, 1, 1, 2, 1, 1, 1, 2, 1]",1
533154,"[1, 2, 1, 1, 1]",1
204689,"[1, 2, 1, 1, 1, 2]",1
197435,[1],1
532005,"[2, 1]",1
772431,"[1, 2, 2, 1]",1
265164,[1],1
465177,"[1, 1, 1, 2]",1
939857,"[1, 2]",1
427813,"[1, 1, 1, 1, 1, 1, 1, 1, 1, 2, 1, 1, 1, 1, 1]",1
431650,"[2, 1]",1
95186,"[2, 1]",1
239217,"[1, 1, 1]",1
353105,[1],1
687581,"[1, 1]",1
720023,"[2, 1, 2, 1, 1, 1, 1]",1
839775,"[2, 1, 2, 1, 2, 1, 1, 1, 1, 2, 1, 1, 2, 1, 1, 1, 2, 1, 1, 2, 1, 1, 2]",1
869162,[1],1
1006461,"[1, 2]",1
159730,"[1, 2]",1
737448,"[1, 1, 1, 1, 1]",1
556798,[1],1
602115,"[2, 1]",1
584502,[1],1
17881,"[1, 1, 1]",1
471466,"[2, 1, 1, 2, 2, 1, 2, 1, 2, 1, 2, 1, 2, 1, 1, 2, 1, 2, 2, 1, 1, 2, 1, 2]",1
818124,"[2, 1, 3, 1, 1, 1, 1, 1, 1, 1, 1, 1, 2, 1, 1]",1
924209,"[1, 1, 1, 1, 1, 1, 1, 1, 1, 1, 1, 1, 1, 1, 1]",1
1028578,[1],1
532069,"[1, 1, 1, 1, 1]",1
473824,"[2, 1, 4, 1, 4, 1, 4, 4, 4, 4, 4, 1, 1, 4, 1]",1
989427,"[1, 1, 1, 2, 1, 1, 2, 1, 2, 1]",1
684404,"[1, 1, 1, 1, 2, 1, 1, 2, 1, 1, 1, 2, 1, 1, 2, 1, 1, 2]",1
698523,"[1, 1, 1, 2, 1, 1]",1
405427,"[1, 1, 1]",1
929683,"[1, 1]",1
997809,"[1, 1, 2, 1]",1
22217,"[1, 2, 1, 2, 1, 2, 1, 1, 1, 2, 1, 2, 1, 2, 1, 2, 1, 2, 2, 1]",1
989085,"[1, 1, 1]",1
870099,"[2, 1]",1
626590,"[1, 2]",1
438619,"[2, 1, 1, 1, 1, 1, 2, 1, 1, 1]",1
995941,"[2, 1, 1, 2]",1
673774,"[1, 1, 1, 2, 3, 1, 2, 1, 1, 2, 2, 1, 1, 2, 2, 1, 4, 1, 1, 2, 1, 1, 2, 4, 3, 4, 1]",1
981272,"[1, 1, 1, 1, 1, 1]",1
128898,[1],1
32720,"[1, 1]",1
13700,[1],1
432672,"[2, 1]",1
959327,"[2, 1, 1, 1, 2, 1, 1, 2, 1, 1, 2]",1
500422,"[1, 2, 1, 1]",1
444532,[1],1
643196,"[1, 2, 1, 2, 1, 2, 1, 2, 2, 1, 1, 2]",1
338431,[1],1
567541,"[1, 1, 1, 1, 1, 1, 1, 1]",1
624165,"[1, 1, 1, 1, 1, 1, 1, 1, 1, 1, 1]",1
74739,"[1, 2]",1
536337,"[1, 2]",1
778650,"[1, 1, 1]",1
122473,"[1, 2, 3, 1, 2, 1]",1
276488,[1],1
581258,"[2, 1]",1
192271,"[1, 1, 1]",1
390094,"[1, 2, 1, 2, 3]",1
429185,"[2, 1]",1
500984,"[1, 2]",1
226799,[1],1
372014,[1],1
418673,"[1, 1, 1, 1, 1, 1]",1
199655,"[1, 1]",1
303343,"[1, 1, 2, 1, 2, 1, 1]",1
671981,"[1, 2]",1
217936,"[1, 1, 2]",1
190690,"[1, 2]",1
156616,"[1, 2, 2, 1, 2, 1, 2, 1, 1, 2, 2, 1, 2, 1, 2, 1, 1, 2, 1, 2, 1, 1, 2, 3, 1, 2, 1, 3, 1, 1, 1, 1, 1, 1, 1, 1, 1, 1]",1
267645,"[2, 1, 1, 1, 2, 1, 2, 1, 2, 1, 1, 2, 2, 1, 2, 1, 2, 1]",1
260534,"[1, 2]",1
993998,[1],1
968822,"[1, 2, 1, 2, 2, 1, 1, 2]",1
914034,"[1, 1, 1, 1, 1]",1
749059,"[2, 1, 1, 2, 1, 1, 1, 1]",1
879703,"[1, 1, 1, 1, 2, 1, 1, 1, 1, 1, 2, 1, 1, 1, 1, 2, 1]",1
577060,[1],1
928530,"[2, 1]",1
353801,[1],1
412594,"[2, 1, 1, 2, 1, 2]",1
514337,"[1, 1, 2, 1]",1
219042,"[1, 2, 1, 2, 1, 2, 2, 1, 1, 2]",1
516255,[1],1
313978,"[1, 1, 1, 1, 1, 1, 1, 2, 3, 4, 1, 1, 1, 1, 4, 1, 4, 1, 4, 1, 1, 1, 1, 1, 1, 1, 1, 1, 4, 1, 4, 1, 1, 1, 1, 1, 1, 2, 1, 2, 1, 1, 1, 1]",1
464800,"[1, 1, 2, 1, 1, 2, 1, 1, 1, 1, 2, 1, 1, 2, 1]",1
774638,"[1, 2]",1
487707,"[1, 1]",1
154896,"[2, 1]",1
924447,"[1, 1]",1
707830,"[2, 1]",1
926164,"[1, 2]",1
679129,"[1, 2]",1
508867,"[2, 1]",1
133136,"[1, 1, 2, 1]",1
186287,"[1, 1, 1, 2, 2, 1, 1, 2, 1, 2]",1
923982,"[1, 1, 1]",1
399990,"[1, 2]",1
494162,"[1, 2, 1]",1
1032989,"[1, 2, 1, 2, 1, 2, 1, 2, 2, 1, 2, 1]",1
313314,"[1, 1, 1, 1, 1, 1]",1
459523,"[1, 2, 2, 1]",1
855174,"[1, 2, 2, 1, 1, 2]",1
374186,"[1, 1, 1]",1
932024,[1],1
242359,"[2, 1]",1
760249,"[2, 1]",1
690271,[1],1
830364,"[1, 1, 1, 2, 2, 1]",1
616041,"[1, 2, 2, 1, 1, 2]",1
576335,"[2, 1, 2, 1, 1, 2, 1, 1, 1, 1, 2, 2, 1, 2, 1, 1, 2, 1, 1, 1, 2, 1, 1, 2, 1, 1, 2, 2, 1]",1
876425,"[1, 1, 1, 2, 1, 1, 2, 1, 1, 1]",1
951417,"[1, 1, 1, 1, 1, 2, 1, 2, 1, 2, 1, 2, 1, 1, 2, 3, 1, 2, 1, 1, 1, 1, 2, 3, 1, 2, 1, 1, 2, 1, 2, 2, 1, 1, 2, 1, 2, 1, 2, 1, 2, 1, 2, 1, 2, 1, 1, 2, 2, 1, 1, 2, 2, 1, 3, 2, 1, 1, 2]",1
909650,"[1, 1, 1, 1, 1, 1, 1, 1, 1]",1
624999,[1],1
653001,"[1, 1, 1]",1
618903,"[1, 2, 1, 2, 2, 1, 2, 1, 1, 2]",1
734335,[1],1
384967,"[1, 2]",1
582187,"[1, 2]",1
254491,"[2, 1]",1
869433,"[1, 2]",1
272006,"[2, 1, 1, 2, 2, 1, 1, 2, 2, 1]",1
1036015,[1],1
927972,"[1, 2, 1, 1, 1]",1
646934,"[1, 1, 1]",1
505637,[1],1
234835,"[1, 1, 1, 1, 1]",1
648822,"[1, 1, 1, 1, 1, 1, 1, 1, 1, 1, 1, 1, 1, 2, 1, 2, 1, 1, 1, 1, 2, 1]",1
543089,[1],1
774438,"[1, 2, 3, 1, 1, 1]",0
480125,"[1, 2, 1, 1]",1
432060,"[2, 1]",1
108437,[1],1
538409,[1],1
358487,"[1, 1, 1, 2, 1, 2, 2, 1, 1, 1, 1, 1]",1
758377,"[1, 1, 1, 2, 1, 1, 2, 1, 2]",1
778154,"[1, 2, 2, 1, 1, 2]",1
306630,"[2, 1]",1
456047,"[1, 2, 2, 1]",1
803233,"[1, 1, 1, 1]",1
982946,"[1, 1, 1, 1, 1, 1, 1, 2, 1, 1, 1, 1, 1, 1, 2]",1
200681,"[1, 1, 1, 1, 1, 2, 1, 1, 1, 1]",1
611910,"[1, 1, 1, 1, 1]",1
51154,"[1, 1, 1, 1, 1, 1, 1, 1, 2, 1, 1, 1, 2, 1, 1, 1, 1, 1, 1, 1, 1, 2, 1, 1, 1, 2, 1, 2, 2, 1, 1, 2, 1, 2, 2, 1, 1, 1, 1, 2, 1, 1, 1, 1, 2, 1, 1, 1, 1, 1, 1, 1, 1, 1, 1, 1, 1, 1, 1, 1, 1, 1, 1, 1, 1]",1
853070,"[1, 1, 2, 1]",1
347973,"[1, 2]",1
289515,"[2, 1]",1
157382,[1],1
596315,"[1, 1, 1, 1, 1, 1, 2, 1, 2, 1, 1]",1
162190,"[1, 1, 1, 1, 1, 1, 2, 1, 1, 1, 1, 2, 1]",1
676529,"[1, 2]",1
421818,"[2, 1, 1, 2, 1, 2, 2, 1, 3]",1
412480,"[1, 1, 1, 1, 1, 1, 1, 2, 1, 1, 1, 1, 1, 1, 1, 1, 1, 2]",1
1044165,"[1, 1]",1
359035,"[1, 2]",1
434300,[1],1
573976,"[1, 1, 1, 1, 1, 1]",1
898146,"[2, 1]",1
762704,[1],1
217812,"[2, 1]",1
710788,"[1, 1, 1, 1, 1, 1, 1, 1, 1, 1, 1]",1
150673,"[2, 1, 1, 2]",1
710735,"[1, 1, 1, 1, 3, 1]",1
897311,"[2, 1]",1
642603,"[1, 2, 1, 2, 1, 2, 1, 2]",1
656056,"[1, 1, 1]",1
959760,"[2, 1, 1, 1, 2, 2, 1]",1
1019545,"[1, 2]",1
21874,"[1, 1, 1, 2, 1, 1, 1]",1
808188,[1],1
789051,[1],1
381124,"[1, 1, 1, 1, 1, 1, 1, 1, 1, 1, 1]",1
137392,"[1, 1]",1
799196,"[2, 1]",1
843625,"[1, 2, 1, 1, 1, 1, 1, 1, 1]",1
176102,"[1, 1]",1
1267,"[1, 1, 1, 1]",1
668551,"[2, 1]",1
224774,"[2, 1]",1
756791,"[1, 2]",1
50008,"[1, 2]",1
1039836,"[1, 1, 1]",1
367261,"[1, 2]",1
726130,"[1, 1, 1]",1
240141,"[2, 1, 1, 1, 2, 1]",1
391178,"[1, 1]",1
621758,"[1, 1, 1, 2, 1, 1]",1
301501,[1],1
681836,"[2, 1]",1
8054,"[1, 1, 1, 1]",1
904068,"[2, 1]",1
251630,"[1, 1, 1, 1, 1]",1
140856,"[1, 2]",1
820432,"[2, 1]",1
944052,"[1, 2]",1
584534,"[1, 2]",1
40707,"[1, 1, 1]",1
405444,"[1, 1, 2, 1, 2, 1, 1, 1, 2, 1, 2, 1, 1, 1]",1
972612,"[1, 1, 1, 1]",0
298095,"[1, 1, 1, 1, 1, 1, 1, 1, 1, 1, 1, 1, 2, 3, 1, 1]",0
690747,"[1, 1, 1, 1, 1, 2]",1
635091,"[2, 1, 2, 1, 1, 2]",1
834354,"[2, 1]",1
112398,"[1, 1, 2, 1, 1, 2, 1, 1, 2, 1, 1, 2, 1, 1, 1, 1, 1, 2, 1, 1, 1, 2, 1, 1, 2, 1, 1, 1, 1]",1
787085,[1],1
998322,"[1, 1]",1
22851,"[1, 1]",1
453902,"[1, 2]",1
903413,"[1, 1]",1
805767,"[1, 2, 1, 2]",1
418059,"[1, 2]",1
220082,"[1, 1]",1
157782,"[1, 2]",1
259704,"[1, 1, 1, 2, 1, 2, 1, 1, 1, 2, 1, 1, 1, 2, 1, 2, 1, 1, 1]",1
1029567,"[1, 2]",1
844195,"[1, 2]",1
1023638,"[1, 2, 1, 1, 2, 1, 3]",1
328228,"[1, 1, 1, 1, 1, 1]",1
18621,"[1, 1]",1
951507,"[1, 1, 1, 1, 1, 2, 1, 2, 1, 1, 2, 2, 1, 1, 2, 2, 1, 1, 2, 3]",1
477439,"[1, 1, 1, 1, 1]",1
679938,"[1, 1, 1, 1, 1, 1, 1, 1, 1, 2, 1, 3, 1, 1, 1, 1, 1, 1, 1, 1]",0
358750,"[1, 2]",1
258040,"[2, 1]",1
323152,"[2, 1, 1, 2, 1, 2, 1, 2]",1
998811,[1],1
600997,[1],1
599714,"[2, 1]",1
426730,"[1, 1, 1, 1, 1]",1
485100,[1],1
817056,"[1, 1, 1, 1, 1, 1, 1, 2, 1, 1, 2, 1, 2, 2, 1, 2, 1, 2, 1, 1, 1, 1, 1, 2, 2, 1, 2, 1]",1
1035664,"[1, 2]",1
175552,[1],1
229092,"[1, 1, 1, 1, 1, 2, 2, 1, 2, 1, 2, 1, 1]",1
680256,[1],1
239625,"[1, 2]",1
512884,"[1, 2]",1
590169,"[1, 1]",1
715779,"[1, 1, 1]",1
41296,"[1, 1, 1, 1, 1, 1]",1
504603,"[1, 1, 1, 1, 2, 2, 1]",1
65611,"[2, 1]",1
854405,"[1, 1, 1, 1, 1, 2, 1]",1
609392,"[1, 1, 1, 2, 1]",1
754279,[1],1
758458,"[1, 2, 1, 1, 2, 1, 1, 1, 2, 1, 1, 2, 1, 2, 1, 1]",1
707991,"[1, 2]",1
774099,"[1, 1, 1, 1, 2, 1, 3, 2, 1, 1, 3, 1, 2, 1, 2, 1, 1, 1, 2, 1, 1, 2, 1]",1
145257,[1],1
703178,[1],1
719001,"[1, 1, 1, 1, 1, 1, 1, 1, 1, 2]",1
551396,"[2, 1]",1
423956,"[1, 1, 1, 1]",1
780040,"[1, 1, 2, 1, 2, 1, 2, 1, 1]",1
529677,"[1, 1, 1, 1, 2, 1]",1
613710,"[2, 1]",1
358084,[1],1
987078,"[2, 1]",1
697379,"[1, 1, 2, 1, 2, 1, 2, 1]",1
640179,"[1, 1, 1, 1, 2, 1, 1, 2]",1
693056,"[2, 1, 1, 2, 2, 1, 1, 2]",1
285020,"[1, 2]",1
335047,"[2, 1]",1
956472,"[1, 1, 1, 1, 1, 1, 1, 1]",1
476622,"[1, 1, 1, 1, 2, 1, 1, 2, 1, 1, 2, 1, 1, 2, 1, 1, 2, 1, 1, 2, 1]",1
267710,"[1, 2, 1, 1, 1, 2, 1, 1, 2, 1]",1
686469,"[1, 1]",1
987248,"[2, 1, 1, 1]",1
1004701,"[2, 1, 1, 2, 1, 2, 1, 2, 2, 1, 2, 1, 1, 2, 1, 2, 2, 1, 2, 1, 1, 2, 1, 2, 1, 1]",1
593622,"[1, 1]",1
607454,"[2, 1]",1
792083,"[1, 2]",1
689512,"[2, 1, 2, 1, 2, 1]",1
261830,"[1, 1, 1]",1
307012,[1],1
140069,"[1, 2]",1
433194,"[1, 1]",1
1015623,[1],1
412629,"[2, 1]",1
536181,"[1, 1, 1, 1, 1, 1, 1, 1, 1, 1, 1, 1, 2, 1, 1, 2, 1, 1, 1, 1, 2, 1, 1, 1, 1, 1, 1, 1, 1, 1, 1, 1, 1, 1, 1, 1, 1, 1, 1, 2, 1, 1, 2, 1, 3, 1, 1, 2, 1, 2, 1, 1, 1, 2, 1, 2, 1, 1, 1, 1, 2, 1, 1, 2, 3, 1, 1, 2, 1, 2, 1, 1, 1, 2, 1, 1, 2, 1, 4, 1, 1, 2, 1, 1]",1
292486,"[1, 2, 1, 1, 2]",1
732771,"[1, 1, 1]",1
108632,[1],1
939237,"[1, 2, 1, 1, 1, 1, 2, 1, 2, 1, 2, 1, 2, 1, 2, 1, 1, 2, 1, 2, 1]",1
101590,[1],1
348028,"[1, 1, 1, 1, 1, 1, 2, 1, 1]",1
773391,"[1, 1, 1]",1
919154,"[2, 1]",1
925766,"[1, 1, 1]",1
970865,"[1, 1, 1, 1, 1, 1, 1, 1, 1, 1, 1]",1
97297,[1],1
72159,"[1, 1, 1, 2, 1, 2, 1, 1, 2, 1, 1, 2, 2, 1]",1
652957,"[2, 1]",1
50217,[1],1
329853,"[1, 1, 1, 2, 2, 1, 1, 1, 2, 2, 1, 1, 2, 1, 2, 1, 1, 1, 2, 1, 2, 1, 1, 1, 1, 2, 1, 2, 1, 2, 1, 1]",1
405931,"[1, 2, 1, 1, 1, 2, 1, 1, 2, 1, 2, 1, 1]",1
142666,[1],1
101320,[1],1
529372,"[2, 1, 1, 2, 1, 1, 2]",1
615428,"[1, 2]",1
265534,[1],1
475211,[1],1
230433,"[1, 1, 1, 1, 1, 1, 1, 1, 1, 1, 1]",1
336157,"[1, 2]",1
56787,"[1, 1, 1, 1, 2]",1
139867,"[1, 1, 1, 1, 1]",1
329126,[1],1
698168,"[2, 1]",1
468128,[1],1
305429,"[1, 1, 2, 1, 2, 1, 1, 1, 1, 1, 1, 2, 1, 1, 1, 2, 1, 1, 2, 1, 1, 2, 1, 2, 1, 1, 2, 1, 1, 1, 1, 1, 1, 1, 1, 2, 1, 1, 2, 1, 1, 2, 1, 1, 1]",1
82000,"[2, 1, 1, 2]",1
375382,"[1, 2, 2, 1, 2, 1]",1
358731,"[1, 1, 1, 1, 1, 1, 2, 1, 2, 1, 2, 1, 1, 1, 1, 2, 1, 1, 1, 1, 2]",1
417759,"[1, 1, 1, 1, 1, 2, 1, 1, 1, 1, 1, 1, 1, 1, 1, 2, 1, 2, 1, 2, 1]",1
515838,"[1, 1, 1, 1, 2, 1, 2, 1, 1, 1, 1, 1, 1, 1, 1, 1, 1, 1, 1, 1, 2, 1, 1, 1, 1, 1, 2, 1, 1, 2, 2, 1, 1, 2, 1, 1, 2, 1, 1, 1, 1, 1, 1, 1, 1, 2, 1, 3, 1, 2, 1, 3, 1, 1, 2, 1, 1, 2, 3, 1, 1, 1, 1, 1, 1, 1, 1, 1, 1, 2, 1, 1, 1, 1, 1, 1, 1, 1, 1, 1, 1, 1, 1, 1, 1, 1, 1, 1, 1, 1, 1, 1, 1, 1, 1, 1, 1, 1, 1]",1
920129,"[2, 1, 1, 1, 1, 1, 1, 1, 2, 2, 1, 2, 1, 1, 2, 2, 1, 1, 2, 1, 2, 1, 1, 2, 1, 2, 2, 1, 1, 1]",1
628607,"[2, 1, 2, 1, 1, 1, 2, 1, 1, 2, 1, 1, 1, 2, 1, 2, 1, 1, 1, 1, 2, 1, 1, 1, 2, 1]",1
82561,"[2, 1]",1
836666,"[1, 1, 1, 1, 1, 2, 1, 1, 2, 1, 1, 1, 2, 1, 1, 1, 1, 1, 2, 1, 1]",1
693157,[1],1
1016449,[1],1
245377,"[1, 1, 1, 1, 1]",1
157795,"[1, 2]",1
271576,[1],1
868041,[1],1
854941,"[1, 1, 1, 1, 1, 1, 1]",1
807060,[1],1
621665,"[1, 1]",1
237662,"[1, 1, 2, 1, 2, 1, 2, 1, 2, 1]",1
882051,[1],1
279923,[1],1
478686,"[1, 1, 1, 1, 1, 2, 1]",1
917749,"[1, 1, 2, 1, 3, 1, 1, 2, 1, 1, 2]",1
598574,"[2, 1]",1
999308,"[1, 1, 1, 1, 1, 1, 1, 1, 2, 1, 1, 1, 2, 1, 2, 1, 1, 1, 1, 2]",1
767864,[1],1
337984,"[1, 2]",1
958076,"[2, 1, 1, 1, 2]",1
450433,"[1, 2, 2, 1]",1
850560,[1],1
110062,"[1, 1, 2, 1, 1, 1, 2, 1, 2, 1, 1, 1, 1, 1, 1, 1, 1, 1, 2, 1, 1, 1, 2, 1, 1, 1, 1]",1
307103,"[1, 1, 1, 2, 1]",1
727826,"[2, 1, 1, 2, 2, 1]",1
556102,"[1, 2, 1, 2, 1, 2, 1, 2]",1
396224,"[1, 1, 1, 1, 1, 1, 1, 1, 1, 2]",1
872370,"[2, 1]",1
53753,[1],1
447800,"[1, 1, 1]",1
72647,[1],1
348312,"[1, 1, 1, 1, 1]",1
676980,"[1, 1, 1, 2]",1
649090,"[1, 1, 1, 1, 1, 1, 1]",1
827671,"[1, 1]",1
744866,"[1, 2, 1, 2, 2, 1, 2, 1, 2, 1, 1, 2, 2, 1, 1, 2, 1, 1, 2, 1, 1, 2, 1, 1, 2, 1, 1, 1, 2, 1, 1, 1, 2, 1, 1]",1
884162,"[2, 1]",1
859237,"[2, 1, 1, 2, 1, 2]",1
673782,"[2, 1]",1
126339,[1],1
837546,"[1, 2, 1, 1, 1, 2, 1, 2, 1, 1]",1
73448,"[1, 1, 1, 1, 1, 1, 1, 1, 1, 1, 1, 1, 1, 2, 1, 2, 1, 1, 2, 1, 1, 1, 1, 1, 1, 1, 1, 1, 1, 1, 1, 1, 1, 2, 1, 1, 2, 1, 2, 2, 1, 1, 1, 1, 1, 1, 1, 1, 2, 1, 1, 2, 1, 2, 2, 1, 1, 2, 1, 2, 2, 1, 1, 1, 1, 1, 1, 1, 1, 1, 1, 2, 1, 1, 1, 1, 1, 1, 1, 1, 1, 1, 1, 1, 1, 1, 1, 1, 1, 1, 2, 1, 2, 1, 1, 1, 1, 1, 1, 1, 1, 1, 1, 1, 1, 1, 1, 1, 1, 1, 1, 1, 1, 1, 1, 1, 1, 1, 1, 1, 1, 1, 2, 1, 2, 1, 1, 1, 1, 1, 1, 1, 1, 1, 1, 1, 1, 2, 2, 1, 1, 2, 1, 2, 1, 1, 1, 1, 1, 1, 1, 1, 1, 1, 1, 1, 1, 1, 1, 1, 1, 1, 1, 1, 1, 1, 1, 1, 1, 1, 1, 1, 1, 1, 1, 1, 1, 1, 1, 1, 1, 1, 1, 1, 1, 1, 1, 1, 1, 1, 1, 1, 1, 1, 2, 1, 1, 2, 1]",1
459272,"[2, 1]",1
655824,"[1, 1, 1, 1, 1, 1, 1, 1, 1, 1, 1, 1, 1]",1
185112,"[1, 2, 1, 2]",1
637245,"[1, 1, 1, 1, 1, 1, 1, 1, 1, 1, 1, 1, 1, 1, 1, 1, 1, 1, 1, 1, 1, 1, 1, 1, 1, 1, 1, 1, 1]",1
869459,"[1, 2, 1, 2]",1
609694,[1],1
510874,"[1, 1]",1
991568,"[2, 1, 1, 2, 1]",1
813330,"[1, 1, 1, 1, 2, 1, 1, 1, 2, 1, 1, 2, 1, 2, 1, 1, 1, 1, 1, 1, 2, 1, 2, 1, 1, 2, 1, 1]",1
679802,"[1, 1, 1]",1
722456,"[2, 1, 2, 1, 1, 2]",1
429735,"[2, 1]",1
85610,"[1, 1, 1, 2, 1, 1, 1, 1, 2, 1]",1
351379,"[2, 1, 1, 2, 1, 2]",1
522374,"[1, 2]",1
181977,[1],1
389326,"[1, 2]",1
532127,"[1, 1, 1, 1, 1, 1, 1]",1
149881,"[1, 1, 1, 1, 1, 1, 2, 1, 1, 1, 1, 1, 2, 1, 1, 1, 1]",1
740247,"[1, 1, 1]",1
141101,"[1, 2]",1
900333,"[2, 1, 1, 2, 1, 1, 2, 1, 1, 1, 2, 1, 1, 1, 2, 1, 1, 2, 1, 1, 2, 1, 1, 1, 1, 1, 2, 1, 1]",1
726076,"[2, 1, 1, 2, 1, 2, 1, 1, 2, 1, 1, 2, 1, 1, 2, 1, 1]",1
636243,"[2, 1]",1
103508,"[2, 1, 1, 1, 1]",1
971689,"[1, 1, 1, 2, 1, 1, 2, 1, 1, 2, 1, 1, 1, 1, 2, 1, 1, 2, 1, 2, 1, 1, 1, 2, 1, 1, 2, 1, 2, 2, 1, 1, 1, 1, 2, 1, 1, 1, 2, 1]",1
535071,"[2, 1]",1
811655,"[1, 2, 1, 2, 1, 2, 1, 2, 2, 1, 1, 2, 1, 1, 2, 1, 2, 1, 1, 2, 1, 2, 1, 1, 1, 2]",1
751844,[1],1
883105,"[1, 2, 2, 1, 1, 2, 2, 1, 1, 2, 2, 1]",1
821510,"[2, 1, 1, 2]",1
969176,[1],1
550712,"[1, 2]",1
504661,"[1, 1, 2, 2, 1, 2, 1, 2, 1, 1, 2, 1, 2, 1, 2, 1]",1
313916,"[1, 2]",1
800386,"[1, 2]",1
350807,[1],1
497768,"[2, 1, 2, 1, 2, 1]",1
303357,"[2, 1]",1
485949,"[1, 2, 1, 2, 2, 1, 1, 2]",1
74096,"[1, 2, 1, 2, 2, 1, 2, 1, 1, 2]",1
220782,"[1, 1, 1, 2, 1, 2, 1, 1]",1
249960,[1],1
47965,"[1, 2]",1
514276,"[1, 1]",1
719091,"[2, 1]",1
655683,"[1, 2]",1
392795,"[1, 1, 1, 1, 1, 2, 1, 2, 1, 2, 1, 1, 2, 1, 2, 1, 1, 2, 1, 1, 1, 2, 1, 1, 2, 1, 2, 1, 1, 1, 2, 1, 2, 1, 2, 1, 1, 2, 1, 2, 1, 1, 2, 1]",1
895863,"[1, 1, 1, 1, 2, 1, 2, 3, 3, 1, 1, 4, 1]",1
693219,"[1, 1, 1, 1, 1, 1, 1, 2, 1, 1]",1
340339,"[1, 2]",1
54278,"[1, 1, 2, 1, 1, 1]",1
170985,"[2, 1]",1
336132,"[1, 2]",1
295253,"[1, 1, 2, 1]",1
453060,[1],1
301773,"[1, 2, 1, 1, 2, 2, 1, 2, 1, 1, 2]",1
221245,"[2, 1]",1
78751,"[1, 2]",1
857164,[1],1
284748,[1],1
38291,"[2, 1]",1
110247,"[2, 1, 1, 2]",1
284981,"[1, 1, 2, 1, 1, 1, 2, 2, 1, 2, 1, 1, 1, 2, 1, 3, 1, 2, 1, 1, 1, 1, 1, 1, 2, 1, 1, 2, 1, 2, 1, 2, 1, 1]",1
494282,"[1, 1]",1
322763,"[1, 1, 2, 1, 2, 1, 1, 2, 2, 1, 1, 2, 1, 1, 2, 1, 1, 1, 1, 1]",1
648465,"[1, 2]",1
773083,"[1, 1, 1, 1, 1, 1]",1
43008,"[1, 2]",1
450914,"[2, 1]",1
872639,"[1, 1, 1, 1, 1, 1, 1, 2, 1, 1, 2, 1, 1, 1, 2, 1, 1, 2, 1, 2, 1, 1, 1, 1, 1, 2, 1, 1, 1, 1, 1]",1
543113,"[1, 2]",1
620115,[1],1
945627,[1],1
210550,"[2, 1]",1
684784,"[2, 1, 3, 2, 1, 1, 4, 1, 1, 1, 1, 1, 1, 2, 1, 1, 1, 1]",1
493639,"[1, 1]",1
941371,[1],1
41120,"[1, 1, 1, 1, 1, 1, 1, 1, 1, 1, 2, 1, 1, 1, 1]",1
856705,"[1, 1, 1, 1, 1, 1, 1]",1
88305,[1],1
273344,[1],1
152640,"[1, 2, 1, 1, 1, 1, 1, 1]",1
983852,"[1, 1, 1, 1, 1, 1, 2, 1, 2, 1, 1, 2, 2, 1, 1, 2, 2, 1, 1, 1, 2, 1, 1, 1, 1]",1
65421,[1],1
978860,"[1, 2, 1, 2]",1
534056,"[1, 2]",1
280803,"[1, 2, 1, 2]",1
22975,"[1, 2, 2, 1]",1
747529,"[2, 1]",1
845118,"[1, 1]",1
638911,"[1, 1, 2, 1, 1, 1, 2, 1]",1
26766,"[1, 2, 1, 1, 2, 2, 1]",1
688236,[1],1
1040765,"[1, 2]",1
408825,"[2, 1]",1
1023547,"[1, 1, 1]",1
1039581,"[1, 1, 1, 2, 1, 1, 1, 1, 2, 1, 1, 1, 1, 1, 1, 1, 2, 1, 1, 2, 1, 2, 1]",1
765181,"[1, 2, 2, 1, 2, 1, 2, 1, 1, 2, 2, 1, 3, 1, 1]",1
164617,"[2, 1, 3, 4, 1, 1, 2, 1, 2]",1
514351,"[1, 1, 1, 1, 1]",1
776736,"[2, 1, 1, 2, 2, 1]",1
534069,[1],1
280147,"[1, 2, 1, 1, 1, 2]",1
603007,"[1, 1, 2, 1]",1
241299,[1],1
846238,"[1, 1, 1, 1, 2, 1, 1, 1, 1, 2, 1, 1, 1, 1, 1, 1, 1, 1, 1, 1, 1, 1]",1
691696,"[2, 1]",1
328889,"[1, 1, 1, 1, 1, 1, 1, 2, 1, 1, 1, 1, 2, 1, 1]",1
437521,"[1, 1]",1
774213,"[2, 1]",1
924572,"[2, 1]",1
139111,"[2, 1, 1, 2, 1, 2, 1, 2, 1, 2, 1, 2, 2, 1, 2, 1, 2, 1, 2, 1, 1, 1, 1, 1, 1, 1, 2]",1
236043,"[1, 1, 2]",1
974088,"[1, 2, 1, 1, 1]",1
438032,"[1, 2]",1
741373,"[1, 1, 1, 1, 2, 2, 1, 1, 2]",1
64482,"[1, 2]",1
783847,"[2, 1, 1, 1, 1, 2, 1, 2, 1, 1, 2, 1, 2, 1, 1, 2, 1]",1
708216,"[2, 1]",1
54511,"[1, 1, 1, 1]",1
342278,"[1, 1, 1, 1, 1, 1, 1, 1, 1, 1, 1, 1, 1, 1, 2, 3, 1, 1, 1, 1, 1, 1, 2, 1, 4, 3, 1, 2, 1, 4, 3, 1, 2, 1, 1, 4, 1, 2, 1, 4, 1, 4, 4, 4, 1, 2, 1]",1
380166,[1],1
185779,"[2, 1, 1, 2]",1
271124,[1],1
949427,"[1, 1, 1, 2, 1, 2, 1, 2, 1, 1, 2, 1, 1, 1, 1, 1, 2, 1, 1]",1
70992,"[1, 1, 1, 1, 1, 2, 1, 1, 2, 1]",1
193811,"[1, 1, 1]",1
32920,"[2, 1, 3, 1, 1, 1]",1
295148,[1],1
656322,"[2, 1, 1, 1, 2, 2, 1]",1
262325,"[2, 1]",1
17844,"[1, 1, 1, 1, 1, 1, 1, 1, 1, 2]",1
773553,"[1, 1, 1, 1, 1]",1
1031819,"[1, 2, 1, 2, 1, 2, 2, 1]",1
396952,[1],1
356421,"[1, 1, 1, 2, 2, 1, 1, 2, 1, 2, 1, 2, 2, 1, 2, 1, 1, 1, 1, 2, 1, 2, 1, 2, 1, 2, 1, 1]",1
739964,"[1, 2]",1
638204,"[1, 2, 1, 1, 1, 1, 1, 1]",1
69545,"[1, 1]",1
404662,"[2, 1, 1, 1, 2, 1, 2, 1, 2, 1, 1, 2, 2, 1]",1
827904,[1],1
344006,"[2, 1]",1
179052,"[2, 1]",1
759678,"[2, 1, 1, 1, 2, 1]",1
728963,"[1, 2, 2, 1, 2, 1]",1
599728,[1],1
638855,[1],1
342401,[1],1
611604,[1],1
374724,"[1, 1, 1, 1, 1, 1, 1, 1, 2, 2, 1, 1, 2]",1
386144,"[1, 2, 2, 1]",1
610189,"[1, 2, 1]",1
546337,"[1, 2, 1, 2, 1, 2, 2, 1]",1
418199,"[1, 2]",1
677107,"[1, 2, 1, 2]",1
436336,"[1, 1, 1, 2, 1, 1, 2, 1, 1, 1, 1, 1, 2, 1, 1]",1
840933,"[1, 1, 1, 1, 2, 2, 1, 2, 1]",1
12931,"[1, 1, 1, 2, 1, 1, 2, 1, 1, 2, 1, 2, 1, 1, 2, 1, 1, 1]",1
44255,"[1, 1, 1, 2, 1, 1]",1
897499,"[2, 1]",1
609724,[1],1
312006,[1],1
873176,"[1, 1, 1, 1, 1, 1, 1, 2, 1]",1
1023039,"[1, 1, 1, 1, 1, 1, 1, 1, 2, 1, 1, 1]",1
709506,"[1, 2]",1
633093,"[1, 2]",1
410542,"[1, 1, 1, 1, 2, 1, 3, 1, 2, 1, 1, 4, 1, 1, 2, 1, 3, 1, 1]",0
909946,[1],1
798254,"[1, 2, 2, 1]",1
951502,[1],1
329712,"[2, 1, 1, 1, 1, 2, 1, 3, 1, 1]",1
188048,"[1, 1, 1, 2, 1, 1]",1
654061,"[1, 2]",1
34417,"[2, 1]",1
503052,"[2, 1]",1
548841,"[1, 1, 1, 1, 1]",1
318251,"[1, 2, 3, 4, 1, 4, 4, 4, 1, 4, 1, 4, 4, 4, 4]",0
632687,"[1, 1]",1
211822,"[2, 1]",1
294805,"[1, 2]",1
54433,[1],1
621764,"[2, 1]",1
702080,[1],1
427602,[1],1
565124,"[1, 1, 1]",1
361086,"[1, 1, 1, 1, 1]",1
864067,"[1, 2]",1
1027596,"[1, 1]",1
274762,"[1, 2, 1, 1, 1, 2, 2, 1, 1, 2, 1, 1, 2, 1]",1
341694,"[1, 2]",1
543223,"[1, 2, 2, 1, 3, 2, 1, 1, 2, 2, 1, 1, 2, 3, 1]",1
136231,"[2, 1, 1, 2, 1, 2, 2, 1, 2, 1, 1, 2]",1
509974,[1],1
1006452,"[1, 2, 2, 1, 1, 1, 2, 1, 1, 1, 1, 1, 1, 2, 2, 1, 1, 2, 1, 1, 1, 2, 1, 2, 1, 1, 2, 1, 3, 1, 1, 2, 1, 2, 1, 1, 2, 2, 1, 1, 1, 1, 1, 1, 1, 1, 1, 1, 1, 1, 1, 1, 1, 1, 1, 2]",1
132323,[1],1
441051,"[1, 1, 1, 1, 1, 1, 1]",1
795750,"[2, 1]",1
719760,"[1, 1]",1
196415,"[1, 1, 1, 1, 1]",1
213288,"[1, 1, 1, 1, 2, 1]",1
591829,"[1, 2, 1, 1, 2, 1, 1, 1, 1]",1
166011,"[1, 2, 2, 1, 2, 1]",1
1037517,"[2, 1, 1, 1, 1, 1, 1, 2, 1, 2]",1
875710,"[2, 1, 1, 2, 2, 1]",1
522130,"[1, 2, 1, 2, 1, 2]",1
725650,[1],1
827764,[1],1
576769,"[1, 1]",1
1029744,"[1, 1, 1, 1]",1
364757,"[1, 1, 1, 1, 2, 1, 1, 1, 2, 2, 1, 1, 2, 2, 1, 1, 2, 2, 1, 2, 1, 2, 1]",1
27984,"[2, 1]",1
737561,"[1, 2, 1, 2, 3, 1, 1, 1]",1
804120,"[1, 1, 1, 1, 1, 1, 1, 1, 1, 1, 1, 1, 1, 1, 1, 1, 1, 1, 1, 1, 1, 1, 1, 1]",1
451240,"[1, 2, 1, 1]",1
234948,"[1, 2]",1
868899,"[1, 4, 1, 3, 2, 1, 3, 1, 4, 1, 1, 1, 1]",0
943364,"[1, 1, 1, 1, 1, 1, 1, 1, 1, 1, 1, 1, 1, 2, 1, 2, 1, 1, 1, 1, 1, 2, 1, 1, 1, 1, 1, 1, 1, 1, 1]",1
918768,"[1, 1, 1, 1, 1, 1, 2]",1
411654,"[1, 2]",1
795899,"[1, 1, 1, 1, 1, 1, 1]",1
62077,[1],1
181355,"[1, 2, 1, 2, 2, 1, 1, 2, 1, 2]",1
99510,"[1, 2, 2, 1]",1
590787,"[2, 1, 2, 1]",1
668450,"[1, 1, 1, 1, 1, 1, 1]",1
476139,"[1, 1, 1, 1, 1]",1
240744,"[1, 1, 1, 1]",1
441275,"[2, 1, 2, 1, 3, 1, 2, 1, 2, 2, 1, 1, 1]",1
127035,"[1, 2]",1
1018227,"[1, 1, 1, 1, 1, 1, 1, 1, 2, 1]",1
390521,"[1, 1, 1, 1, 2, 1, 1, 2, 1, 1, 2, 1, 1]",1
337469,"[1, 2]",1
693892,"[2, 1]",1
897509,[1],1
813193,"[2, 1]",1
644451,"[1, 2]",1
1032069,[1],1
817363,"[1, 2]",1
849483,"[1, 1, 1, 1, 1, 1, 1, 2, 2, 1, 2, 1, 1, 2, 1, 2, 2, 1]",1
892317,"[1, 2]",1
315067,"[1, 1, 1, 1, 2, 2, 1]",1
913411,[1],1
63642,"[1, 1, 2, 2, 1, 2, 1, 1, 2, 1]",1
49946,"[2, 1]",1
623412,[1],1
603981,"[2, 1]",1
391576,[1],1
246656,"[1, 1, 1, 1, 2, 1, 1, 1]",1
260118,"[1, 1, 1, 1, 2, 1, 1, 2, 1, 1, 1, 2, 1, 1, 1, 2, 1, 1, 2, 1, 1, 1, 2, 1, 1, 1, 1, 2, 1, 1, 2, 2, 1, 1, 2]",1
1021658,"[1, 1, 1, 1, 1, 1, 1, 1, 1, 1, 1]",1
184209,"[1, 1]",1
568353,"[2, 1, 1, 2, 1, 2, 1, 1, 2]",1
603931,"[2, 1]",1
451015,"[1, 2, 1, 1, 2, 1, 2, 1, 1, 2, 1, 2, 2, 1, 2, 1, 2, 1]",1
543278,"[1, 1]",1
720886,"[1, 1, 1, 1, 2, 1, 1, 1, 1, 1, 1, 1, 1, 2, 1, 1, 2, 1, 1]",1
219320,"[1, 2, 1, 2]",1
860808,"[1, 2, 1, 1, 2, 1]",1
184557,"[2, 1, 1, 2]",1
724219,"[1, 1, 1, 2, 1, 2, 1, 1, 2, 1, 1]",1
174485,"[1, 1, 1, 1, 1, 2, 3, 1, 4, 1, 1, 2, 1, 3, 1, 4, 1, 1, 1, 2, 1, 2, 1, 1, 2, 1, 1, 2, 1, 2, 1, 1, 2, 1, 1, 1, 2, 1, 2, 1, 1, 1, 2, 1, 1, 2, 1, 1, 2, 1, 1, 2, 1, 2, 1, 1, 2, 1, 1, 1, 2, 2, 1, 1, 2, 1, 2]",1
801067,"[1, 1, 2, 1, 2, 1, 1, 2, 1, 1, 2, 1, 2, 3, 1, 2, 1, 1, 1, 2, 3, 1, 2, 1, 2, 1, 2, 1, 3, 1, 1, 2]",1
685290,"[1, 1, 1, 1, 1, 1, 1, 1, 1, 1, 2, 1, 1, 1, 1, 1, 1, 1, 2, 1, 3, 1, 1, 2, 3, 1, 2, 1, 1, 1, 1, 1, 1, 1, 2, 1, 1, 2, 1, 1, 2, 1, 2, 1, 1, 2, 1, 1, 1, 1, 2, 1, 1, 2, 3, 1, 1, 2, 3, 1, 2, 1, 1, 1, 1, 2, 2, 1, 1, 2, 1, 1, 1, 2, 1, 1, 1, 1, 1, 2, 1]",1
988617,"[2, 1, 1, 2, 2, 1]",1
391301,"[1, 1, 1, 1, 1, 1, 1, 2, 1, 2, 1, 1, 2, 1, 2, 2, 1, 2, 1, 1, 2, 2, 1]",1
892176,"[2, 1, 1, 2, 1, 2]",1
639051,"[1, 1, 1, 1, 1, 1, 1, 1]",1
908046,"[1, 2, 1, 1, 1, 1, 1, 2, 1, 1, 1, 1, 1, 3, 1]",1
729726,"[1, 1, 1, 1, 1, 1, 1, 1, 3, 1, 2, 1, 1, 2, 1, 4, 1, 4, 1, 4, 4, 4]",1
749149,[1],1
921541,"[1, 2, 1, 1]",1
610162,"[2, 1, 2, 1, 1, 2, 2, 1, 2, 1]",1
640276,"[1, 2]",1
925539,"[1, 1, 1, 2, 1, 1, 2, 1, 2, 1, 1, 2, 1, 1]",1
76949,[1],1
1045308,[1],1
753040,"[2, 1]",1
373548,"[2, 1]",1
727037,"[1, 1, 1, 1]",1
617086,"[2, 1]",1
809471,"[1, 1, 2, 1]",1
285490,"[1, 2]",1
494303,"[2, 1, 2, 1, 1, 1, 1, 1, 1, 1, 1, 1]",1
602012,"[1, 1, 1, 1, 1]",1
1011285,"[1, 1, 2]",1
855682,"[2, 1]",1
531367,"[1, 1, 1, 2, 1, 2, 3]",1
419801,[1],1
748354,"[1, 2]",1
658489,"[1, 1, 1, 2, 2, 1]",1
732938,[1],1
279624,"[1, 2]",1
474998,"[1, 2]",1
260184,"[1, 1, 2, 1, 2, 1, 1]",1
175831,"[1, 1, 1]",1
354737,"[1, 1, 1, 2, 1, 2, 1, 1, 2, 1, 2, 1, 2, 1, 2, 1, 2, 1, 2, 2, 1, 1, 2, 2, 1, 2, 1, 1, 1, 1, 1, 1, 2, 1, 2, 1, 2, 2, 1, 2, 1, 1, 2, 2, 1, 1, 1, 2, 1, 2, 1, 1, 2, 2, 1, 1, 2, 1, 2, 1, 2, 1, 1, 1]",1
272138,"[2, 1, 2, 1, 2, 1, 1, 1, 2, 1, 2, 3, 1, 1, 1, 1, 1, 2, 2, 1]",1
270914,"[1, 2, 1, 2, 2, 1, 1, 2, 1]",1
4259,"[1, 2]",1
541865,"[2, 1]",1
30533,"[1, 1, 1, 1, 2, 1, 1, 1, 1, 1, 1, 1, 1, 1, 1, 1, 1, 2, 1, 1, 2]",1
333567,"[1, 1, 1]",1
592233,"[1, 2, 1, 2, 2, 1, 1, 1, 2, 1, 2, 1, 1, 2, 1, 2, 1, 1, 2, 1, 1, 1, 2, 2, 1, 2, 1, 2, 1, 1, 2, 1, 1]",1
668180,"[2, 1, 1]",1
711539,"[1, 1]",1
725265,"[1, 1, 1]",1
312781,"[1, 1, 1, 1]",1
244619,"[1, 1, 1, 1, 2, 1]",1
738353,"[2, 1]",1
847074,"[1, 1, 1, 1, 2, 1, 1, 1, 1]",1
435370,"[2, 1]",1
85966,"[1, 1]",1
26689,"[2, 1]",1
906146,"[2, 1, 2, 1, 2, 1, 1, 2]",1
1022501,"[1, 1, 2, 1, 1, 2, 1, 1, 1, 1, 2, 1, 1]",1
731871,"[2, 1]",1
731635,"[1, 1, 1, 1, 1, 1, 1, 1, 1, 1, 1, 1]",1
681518,"[1, 1, 2]",1
689182,"[1, 1, 1, 1, 1, 1]",1
863113,"[1, 2, 1, 1, 1, 1, 1, 2, 1, 2, 1, 1, 2, 2, 1, 2, 1, 1, 2, 2, 1, 2, 1, 1, 2, 1, 2, 1, 2, 2, 1, 2, 1, 1, 2, 1, 2, 2, 1, 2, 1, 1, 1, 2, 2, 1, 1, 1, 1, 1, 2, 1, 1, 2, 1, 1, 1, 1, 1, 1, 1, 1, 1, 1, 1, 1, 1, 2, 1]",1
623092,[1],1
347024,"[2, 1, 3, 1, 2, 1, 3, 1, 1, 2, 1, 1, 1, 1, 1, 1]",1
536343,"[1, 1, 1]",1
1011825,"[1, 2, 1, 2, 1, 2]",1
757632,"[1, 1, 1, 1, 1, 1, 1, 1, 1, 2, 1, 1, 1, 1, 1, 1, 1, 2, 1, 1, 1, 1, 1, 1, 1, 1, 2, 1, 2, 1, 1, 1, 1, 1, 1, 1, 1, 1, 1, 1, 1, 1, 1, 1, 1, 1, 1, 1, 1, 1, 1, 1, 1, 1, 1, 2, 1, 1, 1, 1]",1
814706,"[1, 2]",1
79849,[1],1
922929,"[1, 1, 1, 1, 2, 2, 1, 1, 1, 1, 1, 2, 1, 2, 1, 2, 1, 1, 1]",1
1012834,[1],1
544981,"[1, 1]",1
77145,"[2, 1]",1
65745,"[1, 1, 1, 1]",1
675062,"[1, 2, 2, 1, 2, 1, 2, 1, 1, 2, 2, 1, 1, 2]",1
862927,"[1, 2]",1
347843,"[1, 1, 1]",1
593185,"[2, 1]",1
880842,"[1, 2, 1, 1, 2, 2, 1]",1
531493,"[1, 1, 1, 2, 1, 1, 2, 2, 1, 1, 1, 1, 1, 2, 1, 2, 1, 1, 1, 1, 1, 1, 1]",1
240910,[1],1
1032714,"[1, 1, 2, 1, 1, 1, 2, 1, 1, 1, 1, 1, 2, 1, 1, 1, 1, 1]",1
213951,"[1, 2, 1, 1, 1, 1, 2, 1, 1, 1, 1, 1]",1
919601,"[1, 2]",1
431740,"[1, 2, 2, 1, 2, 1]",1
2521,"[1, 1, 2, 1, 1, 2, 1, 1]",1
476067,[1],1
883356,"[1, 2, 1, 2, 1, 2]",1
272189,"[1, 1, 1, 1, 1, 1, 1, 1]",1
346532,"[1, 1, 1, 1, 1, 1, 2, 2, 1, 2, 1, 2, 1, 2, 1, 1, 2, 2, 1, 2, 1, 1, 2, 1, 2, 2, 1, 1, 2, 2, 1, 2, 1, 2, 1, 2, 1, 2, 1, 1, 2, 1, 1, 1]",1
1036977,[1],1
699740,"[1, 2]",1
906832,"[1, 2]",1
631876,"[1, 2]",1
672487,"[1, 1, 1, 1, 1, 1, 2]",1
444302,"[1, 1]",1
998588,[1],1
751347,"[2, 1, 1, 2]",1
286997,"[2, 1, 2, 1, 1, 2, 1, 2, 2, 1, 1, 2, 1, 2, 2, 1, 2, 1, 2, 1]",1
921557,"[2, 1, 1, 2, 2, 1, 1, 2, 1, 2, 2, 1, 1, 2]",1
1004367,"[1, 2]",1
326329,"[2, 1, 1, 2, 1, 2]",1
226659,"[1, 1, 1, 1, 1, 1, 2, 1, 1, 2, 1, 2, 1, 1, 2]",1
1029106,"[1, 2]",1
753172,"[1, 2, 1, 1, 2, 1, 1, 2, 1, 1, 1, 2]",1
384624,"[1, 1, 2, 1, 2, 1, 1, 2, 1, 2, 1, 2, 2, 1, 1, 1, 2]",1
954166,"[1, 1, 1, 1, 2, 1, 1, 1, 1, 1, 1, 1, 1, 1, 2, 1]",1
458984,"[1, 1, 2, 1, 1, 1, 1, 2, 1, 1, 1, 1, 1]",1
451563,"[1, 2]",1
68876,"[1, 2, 1]",1
959588,"[1, 2]",1
557836,"[1, 1, 1, 2, 1, 1]",1
885656,"[1, 2]",1
370832,"[1, 1, 1]",1
205316,"[1, 1, 1, 1, 1, 1, 1, 1, 1]",1
974542,"[1, 1, 1, 1, 1]",1
648562,"[1, 2]",1
943699,[1],1
657277,"[1, 2, 1, 1, 2, 2, 1, 1, 2, 2, 1, 1, 2, 1, 2, 1, 2, 2, 1, 2, 1, 2, 1, 2, 1, 2, 1, 1, 1, 2, 1, 2, 2, 1, 2, 1, 2, 1, 1, 2, 1, 2, 1, 2, 1, 2, 1, 2, 1, 1, 2, 1, 1, 1, 1, 1, 1, 1, 2, 1, 1, 2, 1, 1, 1, 2, 1, 2, 1, 1, 1, 1, 1, 1, 1, 1, 1, 1, 2, 3, 1, 1, 1, 1, 2, 1, 2, 1, 3, 1, 1, 1, 1, 1, 1, 1]",1
231302,"[1, 2]",1
25051,"[2, 1]",1
788582,"[1, 1, 1, 1, 1, 1, 1, 1, 2, 1, 1, 2, 2, 1, 2, 1, 2, 1, 1, 2]",1
43767,"[1, 2]",1
290694,"[2, 1, 1, 1]",1
975385,[1],1
75459,"[2, 1, 1, 2, 2, 1, 2, 1, 2, 1]",1
351547,"[1, 1, 1, 2, 2, 1, 2, 1, 1, 1, 1, 1]",1
434893,"[1, 2]",1
483457,"[1, 2]",1
811531,"[1, 1, 1]",1
597957,"[1, 1, 1, 1, 1]",1
914628,"[2, 1, 1, 2]",1
577766,"[1, 1]",1
986063,"[1, 1, 1, 1, 1, 1, 2, 2, 1]",1
338342,"[2, 1, 2, 1, 1, 1, 1, 2, 3, 1, 1, 2, 3, 1, 4, 2, 1, 1]",1
500953,"[1, 2, 2, 1, 1, 2, 1, 2, 1, 2, 2, 1, 1, 2, 1, 2, 1, 2, 2, 1, 1, 1, 2, 1, 1, 1, 1, 2, 1, 2, 1, 1, 2, 2, 1, 2, 1, 1, 2]",1
456382,[1],1
731933,"[1, 1, 1, 1, 1, 1, 1, 1, 1, 1, 1, 1, 2]",1
421798,"[1, 1]",1
602244,"[2, 1]",1
532156,[1],1
584767,"[1, 1, 1, 1, 1, 1, 1, 1, 1, 1, 1, 1, 1, 1, 1]",1
792380,"[1, 1, 1, 1]",1
153608,"[1, 2]",1
49309,"[1, 1, 1, 1, 1, 1, 1, 1, 1, 1, 1, 1, 1, 1, 1, 1]",1
337949,"[2, 1, 2, 1]",1
227074,[1],1
359897,"[1, 2]",1
105756,"[1, 2, 1]",1
141675,"[1, 1, 1, 1, 2, 2, 1, 1, 2, 1, 2, 1, 2, 1, 2, 1, 2, 1, 1, 2, 2, 1, 1, 2, 2, 1, 1, 2, 1, 2, 2, 1, 2, 1, 1, 2, 1, 2, 2, 1, 1, 1, 1]",1
441539,"[1, 1, 1, 1, 1]",1
691623,[1],1
16010,"[1, 1, 1, 1, 1]",1
344263,"[2, 1, 1]",1
939665,"[1, 1, 1, 1, 1, 1, 1, 1, 1, 1, 1, 2, 1, 1, 1, 2, 1, 2, 1, 1, 2, 1, 1, 1, 1, 1, 1, 1, 1, 1, 1, 1, 2, 1, 2, 2, 1, 1, 2, 1, 2, 1, 2]",1
592668,"[1, 1, 1, 1, 2, 1, 1, 1, 1, 1]",1
646241,"[1, 2, 1]",1
473138,"[1, 2, 1, 2]",1
842938,"[1, 1]",1
672657,"[2, 1, 1, 2, 1, 2, 1, 2]",1
85066,"[1, 2, 2, 1]",1
49652,"[2, 1, 2, 1]",1
377750,"[1, 1, 1, 1, 2, 1, 1, 1, 1, 2, 1, 1, 1, 1, 1, 1, 1, 1, 1, 1, 1, 1, 2, 1, 1, 2, 1]",1
405090,"[1, 1, 1]",1
515437,"[1, 1, 1, 2, 1, 1, 1, 1, 2, 1, 1, 2, 1, 1, 2, 1]",1
471716,"[2, 1, 1, 2, 1, 2, 2, 1]",1
796279,[1],1
307937,"[1, 2]",1
101325,"[1, 1, 1, 1]",1
698787,"[2, 1]",1
351392,"[1, 1, 1, 1, 1, 1, 1]",1
131780,"[1, 2, 2, 1]",1
569349,[1],1
366680,"[1, 1, 1, 1, 1, 1, 1, 1, 1, 1, 1]",1
599595,"[1, 2]",1
69061,"[1, 1, 1, 1]",1
239907,"[1, 1, 2, 1, 1, 2, 1]",1
993006,"[2, 1, 1, 2, 1, 2]",1
1017906,"[1, 1, 1, 1, 1, 1, 1, 1]",1
234426,"[1, 2]",1
737385,"[1, 2, 1, 1, 1, 1, 1, 2, 1, 1, 1, 2, 1, 1, 2, 1, 1, 2, 1, 1, 2, 1]",1
977505,"[1, 1, 2, 1, 1, 2, 1, 1, 1, 1, 1, 2, 1, 1, 1]",1
949752,[1],1
130196,[1],1
892211,"[2, 1, 1, 2]",1
793194,"[1, 1, 1, 1, 1, 1, 1, 1, 1, 1, 1, 1, 1, 1, 2]",1
569479,[1],1
679351,"[1, 2, 1, 2, 2, 1, 1, 1, 1, 2, 1, 1, 1, 1, 1, 2, 1, 2, 1, 2, 1]",1
241336,"[1, 2, 1]",1
703223,[1],1
950595,"[1, 2, 1, 2, 1, 1, 2]",1
731992,"[2, 1]",1
679979,"[1, 2]",1
532728,"[1, 1, 1, 1, 1, 1, 1, 1, 1, 1, 1, 1, 1, 2, 1, 1, 2, 1, 1, 1, 2, 1, 1]",1
833944,"[2, 1, 1, 2, 2, 1, 2, 1, 2, 1]",1
961611,[1],1
53305,"[1, 1, 2]",1
519894,"[1, 2, 1]",1
691725,[1],1
704129,"[2, 1, 2, 1]",1
1018750,"[1, 1]",1
406512,"[1, 2, 1]",1
410426,"[1, 1, 1, 1, 1, 1, 1, 1, 1]",1
395250,"[1, 1, 2, 1, 2, 1, 2, 2, 1, 2, 1, 1, 2]",1
757877,"[2, 1, 1, 1, 2, 2, 1, 1, 1, 2, 1, 2, 1, 1, 1, 2, 1, 1, 2, 1, 2]",1
921538,[1],1
819236,"[1, 1, 2, 3, 1, 1, 1, 1, 2, 1, 1, 2, 1, 2, 1, 2, 2, 1, 1, 2, 1, 2, 2, 1, 1, 2, 1, 2, 1, 2, 2, 1, 2, 1, 1, 2, 2, 1, 2, 1, 1, 2, 2, 1, 2, 1]",1
751205,"[1, 2, 1]",1
1030634,"[1, 1, 2, 1, 1, 2, 3]",1
820545,"[1, 2]",1
769437,[1],1
21126,"[1, 2]",1
783251,[1],1
633354,[1],1
915184,[1],1
89494,[1],1
339968,"[1, 2, 1, 2]",1
799848,"[1, 1]",1
852754,"[1, 1, 1, 1]",1
99584,"[1, 1, 1, 1, 1]",1
790503,"[1, 1, 1, 1, 1, 1, 1, 1, 1, 1, 1, 1, 2, 2, 1, 2, 1, 2, 1, 1, 2, 1, 1, 1, 1, 1, 1, 1, 2, 2, 1, 1, 2, 1, 1]",1
146296,"[1, 2]",1
175192,"[2, 1, 3, 1, 2, 1, 3, 1, 2, 1, 3, 1, 1, 2, 2, 1, 3, 1, 1, 1, 1, 1, 1, 2, 3, 1, 1, 2, 1, 1, 2, 3, 1]",1
160937,"[2, 1]",1
628492,"[2, 1]",1
256754,"[1, 1, 1, 1, 1]",1
694326,"[1, 2]",1
688885,[1],1
190544,"[1, 2]",1
567236,"[1, 1, 1, 1, 2]",1
948174,[1],1
280282,[1],1
300471,"[1, 2]",1
477082,[1],1
430728,[1],1
248843,"[1, 2]",1
27016,"[2, 1]",1
504846,"[1, 1, 1, 2, 1, 3, 1, 1, 1, 1, 1, 1, 1, 1]",0
127617,"[1, 2]",1
251507,"[1, 2, 1, 1, 2, 1]",1
386276,"[1, 1, 1, 2, 1, 2, 1, 2, 2, 1, 1, 1]",1
964935,"[2, 1]",1
266795,"[1, 1, 1, 1]",1
158098,"[1, 1]",1
932581,"[1, 2, 2, 1]",1
811390,"[1, 1, 1, 1, 1, 1, 1, 1]",1
552381,"[2, 1]",1
665122,"[1, 2]",1
463984,"[2, 1, 1, 2]",1
832054,"[2, 1, 2, 1, 2, 1, 1, 2]",1
80283,"[2, 1]",1
76709,"[2, 1]",1
397599,"[1, 1, 1]",1
286088,"[1, 1]",1
786959,"[2, 1, 1, 2, 1, 2, 1, 1, 2]",1
667351,[1],1
900704,"[1, 1, 1]",1
552440,[1],1
851939,[1],1
900822,"[1, 1]",1
794832,"[1, 2, 2, 1]",1
129023,"[2, 1]",1
677078,[1],1
501342,"[1, 1, 1, 1, 1, 1]",1
466127,"[1, 2, 1, 1, 1, 1, 1, 2, 1]",1
1020890,"[1, 2, 1, 1]",1
120909,"[1, 2, 1, 1]",1
978721,[1],1
672244,"[1, 1, 1, 1, 1]",1
24693,[1],1
397842,[1],1
908193,"[1, 2, 1, 1, 2, 1, 1, 1, 2, 1, 1, 1, 1, 2, 1, 1, 1, 1, 1, 1, 2, 1, 1, 1]",1
774875,"[1, 1, 1, 1, 1, 1, 1, 1, 1, 1, 1, 1]",1
682906,"[2, 1]",1
656798,"[1, 1, 1, 1, 1, 1, 1]",1
840069,"[2, 1]",1
153977,"[1, 2, 2, 1]",1
230434,"[1, 2]",1
321144,"[2, 1]",1
1038105,"[1, 2, 1, 2, 1, 1, 2, 1]",1
30187,"[1, 1, 2, 1]",1
48408,"[1, 1, 1, 1, 1, 1]",1
341864,"[1, 2]",1
554296,[1],1
367519,"[1, 2]",1
764224,[1],1
840192,"[1, 1, 1, 1, 1, 2, 1, 1, 1, 1, 1, 2, 1, 1, 1, 1, 1, 1, 1]",1
325530,"[1, 1, 1, 1, 2, 1, 2, 1, 1, 2]",1
909789,[1],1
723030,"[1, 2]",1
550617,"[2, 1]",1
379897,"[2, 1]",1
321619,"[2, 1]",1
264509,"[2, 1]",1
891345,"[1, 2]",1
821567,[1],1
968343,"[2, 1, 1, 2, 1, 1, 1, 1, 1, 1, 2, 1, 1, 2, 1, 1, 1, 2, 1, 1, 2, 1, 2, 1, 2, 1, 1, 1, 1, 1]",1
1042542,"[2, 1, 2, 1, 2, 1]",1
578596,"[1, 1, 2, 1, 1, 2]",1
377710,"[1, 2, 2, 1, 2, 1, 2, 1]",1
1042434,[1],1
725393,"[1, 2]",1
882210,"[1, 2, 2, 1]",1
19601,"[2, 1, 1, 2, 1, 2, 2, 1, 2, 1, 2, 1, 1, 2, 1, 2, 1, 2, 1, 2, 1, 2]",1
162825,"[2, 1, 1, 2, 2, 1, 2, 1, 1, 2, 1, 2, 1, 2, 1]",1
539133,"[1, 2]",1
493148,"[1, 1, 1, 1, 1]",1
747877,"[1, 1, 1, 2, 1, 1]",1
104882,"[2, 1]",1
748684,"[1, 2]",1
994391,"[1, 2]",1
914688,"[1, 2, 1, 2, 2, 1, 2, 1, 1, 2, 1, 2, 2, 1, 2, 1, 1, 2, 1, 2, 1, 2, 1, 2, 2, 1, 2, 1, 1, 2, 1, 2, 1, 2, 2, 1, 1, 2, 2, 1, 1, 2]",1
240385,"[1, 2]",1
436564,"[2, 1, 2, 1, 2, 1]",1
635142,"[2, 1]",1
935010,"[2, 1]",1
413776,[1],1
354353,"[2, 1]",1
315929,[1],1
468134,"[1, 1, 1, 1, 1, 1, 1, 1, 1, 2, 1, 2, 1, 1, 1, 1]",1
177690,"[2, 1]",1
96012,"[1, 1, 1, 1, 2, 1, 1, 1]",1
518945,[1],1
782189,"[1, 1, 2, 1]",1
315809,"[1, 1, 1, 1, 1]",1
17510,[1],1
23845,"[1, 2, 1, 2, 1, 2, 2, 1, 1, 2]",1
298818,"[1, 2]",1
870470,"[1, 1, 1, 1, 1, 1, 2, 1]",1
973694,"[1, 2]",1
582572,[1],1
564494,"[1, 2, 1, 2]",1
1000719,"[2, 1, 2, 1]",1
146584,[1],1
601511,"[2, 1]",1
225808,"[1, 1, 1, 1, 2, 1, 1, 1]",1
47396,"[1, 2]",1
672009,[1],0
638031,[1],1
612678,"[1, 1, 1, 1, 1]",1
111238,"[1, 2, 1, 2]",1
695144,"[2, 1]",1
508482,"[1, 1, 1, 2, 2, 1, 2, 1]",1
479611,"[1, 1, 1]",1
701844,[1],1
696925,"[1, 1, 1, 1, 1]",1
566419,"[2, 1]",1
468055,"[1, 1, 2, 1, 1, 1, 2, 1]",1
604337,"[1, 1, 1, 1, 2, 3, 1, 1, 1, 1]",1
438198,[1],1
626279,"[2, 1]",1
899214,"[2, 1]",1
1046822,[1],1
507159,"[1, 2]",1
873911,"[1, 1, 1, 2, 1]",1
435838,"[1, 2, 1, 2]",1
21394,"[1, 2, 1, 2, 2, 1]",1
258317,"[2, 1]",1
93357,[1],1
1000620,"[1, 1, 1, 1, 1, 1, 1]",1
753820,"[1, 1, 1, 2, 1]",1
579465,"[1, 2, 2, 1, 2, 1]",1
284095,"[1, 1, 1, 1, 1, 2, 1, 2, 1, 1, 2]",1
489678,"[1, 1, 1, 1, 1, 1, 1, 1, 1, 2, 1, 1, 2, 1]",1
674474,"[1, 1, 1, 1, 1, 1]",1
828547,"[1, 1]",1
70255,"[1, 1, 1, 1]",1
142451,"[1, 1, 1]",1
932728,"[2, 1, 1, 1, 1, 1]",1
1047727,[1],1
112890,"[1, 1, 2, 1, 2, 2, 1, 3, 1]",1
62579,"[1, 2, 1, 1]",1
994037,"[2, 1, 3, 1, 1, 1, 2, 1, 1, 1]",0
575143,"[1, 2, 1, 1, 2, 1]",1
919606,[1],1
36306,"[1, 1]",1
840571,"[2, 1]",1
208085,"[2, 1, 1, 1, 2, 1, 1, 2]",1
902301,"[1, 2, 1, 2, 2, 1, 2, 1, 1, 2, 1]",1
885974,"[1, 1, 1, 1, 1, 1, 2, 1, 1, 1, 1, 1, 1, 1]",1
46842,"[2, 1, 1, 2]",1
992452,[1],1
172192,"[1, 2, 3, 1, 2, 3, 1, 1, 2]",1
208727,"[2, 1]",1
745593,"[1, 1, 2]",1
786101,[1],1
42541,[1],1
210808,"[1, 2, 1, 1, 1, 2, 1]",1
553214,"[1, 2, 1, 1, 2, 1]",1
87228,"[1, 1, 1, 2, 1, 1, 1, 2, 1, 1]",1
982842,"[1, 1, 1, 2, 1, 1, 1, 2, 2, 1, 2, 1, 2, 1, 2, 1, 1, 1, 1, 1, 1, 1, 1, 1]",1
488005,"[1, 2, 1]",1
677,[1],1
150675,"[1, 2, 1, 1, 1, 1, 2, 2, 1]",1
962574,"[2, 1, 1, 1, 1]",1
680266,"[1, 2]",1
597702,"[2, 1, 1, 2, 1, 2, 1, 2, 1, 2, 1, 1, 2, 1, 1]",1
365812,"[1, 2]",1
261788,"[1, 1, 1, 1, 1, 2, 1]",1
512239,"[1, 1, 1]",1
678079,"[2, 1]",1
360407,[1],1
845091,"[1, 1, 2, 1, 1, 2, 1, 1, 2, 1, 2, 1, 1, 1, 1]",1
37860,"[1, 1]",1
718443,"[1, 2, 1, 2, 2, 1, 2, 1]",1
203773,"[1, 2, 2, 1, 2, 1, 2, 1, 2, 1, 1, 2, 2, 1, 2, 1, 1, 2, 1, 2, 1, 2, 2, 1, 1, 2, 1, 2]",1
911981,"[1, 1]",1
679454,"[1, 2]",1
986004,[1],1
658523,[1],1
611971,"[2, 1, 1, 2, 2, 1, 2, 1]",1
557332,"[1, 1, 1, 1, 2, 2, 1]",1
349342,"[1, 1]",1
881708,"[1, 1, 1, 1, 1, 1, 2, 1, 1, 2, 1, 2, 1, 2, 1, 1, 2, 2, 1, 2, 1, 2, 1, 1, 2, 1, 2, 1, 1, 1, 1, 1, 1, 2, 1, 2, 1, 1, 1, 1, 1, 1, 1, 1, 1, 2, 1, 1, 2, 1, 1, 1, 1, 1, 1, 1, 1, 2, 1, 1, 1, 2, 1, 1, 1, 1, 1, 2, 1, 2, 1, 1]",1
44093,"[1, 1, 1]",1
412195,"[1, 2, 1, 2, 1, 2, 1, 2]",1
210462,"[1, 2, 2, 1, 1, 2, 1, 1, 2]",1
425336,"[1, 2, 1, 2, 1, 2]",1
56525,"[1, 1, 1, 1, 1, 1]",1
446877,"[2, 1]",1
499140,"[1, 1, 1, 1, 1, 1, 1, 1]",1
234672,"[1, 2]",1
847783,"[2, 1, 1, 2, 1, 1, 1, 1, 1, 1, 2, 1, 2, 2, 1, 1, 1, 2, 1]",1
238180,"[2, 1, 2, 1, 1, 2, 2, 1, 2, 1, 1, 2, 1, 2, 2, 1, 1, 2, 2, 1, 1]",1
863492,"[2, 1, 1, 2, 2, 1, 1, 2, 1, 2]",1
986809,"[2, 1]",1
229758,"[1, 2]",1
223602,"[1, 1]",1
526731,[1],1
259553,"[1, 1, 1, 1, 1, 1]",1
751268,"[1, 1, 2, 1, 2, 1]",1
307242,[1],1
810133,"[1, 1, 1, 1, 1, 1, 1, 1, 1, 2, 1, 1, 2, 1]",1
507391,"[2, 1]",1
378942,"[1, 1, 2, 1, 1, 1, 1, 1, 1, 1]",1
761076,"[1, 1, 2, 1, 1]",1
500061,"[2, 1, 1, 2, 2, 1]",1
466887,"[1, 1, 2, 1, 2, 1, 2, 1, 2, 1, 1, 2, 1, 2]",1
249298,[1],1
12055,"[2, 1, 1, 2, 1, 2, 2, 1, 2, 1, 1, 1, 2]",1
375724,"[1, 1, 2, 1, 2, 3, 2, 1, 4, 3, 4, 1, 4, 1, 4, 4, 4, 1, 4, 1]",1
729708,"[1, 2, 2, 1]",1
1038628,[1],1
941311,"[1, 1, 1, 2, 1, 2]",1
684777,"[1, 1, 2]",1
901397,[1],1
984897,"[1, 1, 1]",1
1005351,"[1, 1, 1, 1, 1, 1, 1, 1]",1
311428,[1],1
671375,[1],1
865234,[1],1
27941,"[2, 1, 1, 2]",1
796044,"[1, 1]",1
361617,"[2, 1]",1
856808,"[2, 1, 1, 1, 1, 1, 1, 1, 1, 1, 2, 1, 1, 1, 2, 1, 1, 1, 1, 1, 1, 1, 1, 1]",1
607227,"[2, 1, 2, 1, 1, 2, 1, 1, 2, 1, 1, 2, 1, 1, 2, 2, 1, 1, 2, 2, 1]",1
424041,"[1, 2, 1, 1, 2, 2, 1, 2, 1, 1, 2]",1
1036225,[1],1
965358,"[1, 1, 1, 2, 1, 1, 1, 2, 1, 1, 1, 1, 1, 1, 2, 1, 2, 1, 2, 1, 1, 2, 2, 1, 1, 1, 2, 1, 1, 1, 1, 1]",1
285528,"[1, 1, 1, 1, 1, 1, 1]",1
181596,[1],1
267944,"[1, 1]",1
966878,[1],1
927238,"[1, 2, 1, 2, 1, 1, 1, 2, 1, 2, 1, 1, 2, 1]",1
24329,"[1, 1, 1, 1, 1, 1, 1, 1, 1]",1
899456,"[2, 1, 2, 1]",1
851650,[1],1
394077,"[1, 2]",1
576723,"[1, 1]",1
261635,"[2, 1]",1
28663,"[2, 1]",1
369666,"[1, 2, 2, 1]",1
970172,"[1, 2, 2, 1]",1
694218,"[1, 2, 2, 1]",1
793027,"[1, 1, 1, 1, 1, 1, 1, 1, 1, 2, 1, 1, 2]",1
463833,"[1, 2, 1, 2]",1
637682,"[2, 1]",1
827068,"[1, 1, 2, 1, 2, 1, 1, 2, 1, 2, 2, 1, 1, 2, 2, 1, 1, 2, 1, 1, 2, 2, 1, 2, 1, 1, 2, 1, 2, 1, 2, 2, 1, 2, 1]",1
144385,"[1, 2, 2, 1]",1
366324,"[1, 2]",1
458299,"[1, 1, 1, 1, 1, 2, 1, 2, 1, 2, 1]",1
141718,"[1, 1, 2, 1, 2, 2, 1, 2, 1, 1, 2, 1, 2, 1, 1]",1
330285,[1],1
215676,"[2, 1]",1
17116,"[1, 1, 1, 1, 1, 1]",1
838484,"[2, 1, 3, 1, 1, 1, 1]",1
83573,"[1, 1, 2]",1
895634,"[2, 1]",1
264575,"[1, 1, 1]",1
143524,"[2, 1, 2, 1, 1, 2, 1, 1, 2, 1, 2]",1
124095,"[2, 1, 2, 1, 2, 1]",1
46327,"[2, 1]",1
106962,"[1, 2]",1
938149,"[2, 1, 2, 1, 2, 1]",1
661000,"[1, 1, 2, 2, 1]",1
598088,"[1, 1, 1, 1, 1, 2, 1, 2, 1, 1, 2, 1, 2, 1, 1, 1, 1, 1, 2, 2, 1, 1, 2, 1, 1, 2]",1
8079,"[2, 1]",1
665277,"[1, 2]",1
323527,[1],1
730749,"[1, 1]",1
193629,"[1, 1, 2, 1, 2, 1, 2, 1, 2, 2, 1, 1, 2, 2, 1]",1
551010,[1],1
614050,"[2, 1, 2, 1, 1, 2]",1
979804,"[1, 1]",1
608928,"[1, 2, 1, 2, 1, 2]",1
92,"[1, 2, 1, 2]",1
409143,"[2, 1]",1
615736,"[2, 1, 1, 1, 2, 1, 1, 1, 2, 1, 1, 1]",1
117652,"[1, 1, 1, 1, 1, 1, 1, 1, 1, 1]",1
358640,"[1, 2, 1]",1
538181,"[1, 1, 1, 1, 2, 1, 2, 1, 1, 2, 2, 1, 2, 1, 1, 1, 4, 1, 4, 1, 1, 1, 1, 1, 1, 1, 2, 1, 3, 1, 2, 1]",1
535327,"[2, 1, 3]",1
366553,"[1, 2, 1]",1
95780,"[1, 2, 3, 1]",1
799860,"[1, 2]",1
170205,[1],1
464901,"[1, 1, 1, 1, 1, 1, 2, 1, 1, 1]",1
261275,"[1, 1, 1, 1, 2, 1, 1, 2, 1, 1, 1, 1]",1
150892,[1],1
851637,"[2, 1]",1
64403,"[2, 1]",1
971322,"[1, 1]",1
506826,"[1, 1, 1, 1, 1, 1, 1, 1, 1, 2, 1, 2, 1, 2, 1, 1, 1, 1, 1, 1, 1, 1, 1, 1, 1]",1
978450,"[2, 1, 2, 1, 1, 2]",1
673174,"[1, 1, 1, 2, 1, 2, 1, 1, 1, 1, 1, 2, 1, 1, 1]",1
131609,"[1, 1, 2, 1, 1, 2, 1, 1, 2]",1
445770,"[2, 1]",1
1006366,[1],1
740299,[1],1
50538,"[2, 1]",1
629881,"[1, 2, 1, 1, 1, 1, 1, 2, 1, 1, 1, 1, 1, 1, 1, 1, 2, 2, 1, 2, 1, 1, 1, 2, 1, 2]",1
715541,[1],1
680771,"[2, 1]",1
974076,"[2, 1]",1
415974,"[1, 2, 2, 1, 2, 1, 1, 2]",1
68683,"[1, 2, 1, 2, 1, 1, 1, 2, 2, 1, 1, 2, 1, 1, 2]",1
361417,[1],1
432075,"[1, 1, 1, 1, 1, 1, 2, 1, 1, 2, 2, 1, 2, 1, 1, 2, 1, 1, 2, 1, 1, 2, 1, 2, 1, 1, 2, 1, 2, 1, 1, 1, 1, 1, 1, 1, 1, 1, 1, 1, 1, 2, 1, 2, 1, 1, 2, 1, 1, 2, 1, 1, 2, 1, 1, 1, 2, 1, 1, 1, 1, 1, 1, 2, 1, 1, 2, 1, 1, 1, 2, 1, 1, 1, 2, 1, 1, 1, 1, 1, 1, 1, 1, 1, 2, 1, 1, 1, 1, 1, 1, 2, 1, 1, 1, 2, 1, 1, 1, 2, 1, 1, 1, 2, 1, 1, 1, 1, 1, 1, 1, 1, 1, 1, 1, 1, 1, 2, 1, 1, 1, 1, 1, 1, 1, 2, 1, 1, 1, 1, 1, 1, 2, 1, 1, 1, 1, 1, 1, 2, 1, 1, 1, 1, 1, 1, 1, 1, 1, 1, 1, 1, 1, 1, 1, 2, 1, 1, 1, 1, 1, 1, 1, 1, 1, 1, 1, 1, 1]",1
991585,"[1, 1, 2, 1, 1, 1, 1, 2, 1, 1, 1, 1, 1, 1, 1, 2, 1, 1, 2, 1, 1, 1, 2, 1, 2, 1, 1, 1, 1, 1]",1
998464,"[1, 1, 1, 2]",1
309623,[1],1
386149,[1],1
766171,"[2, 1]",1
392265,"[1, 1, 1, 1, 1, 1, 1, 1, 1, 1, 1, 1, 1, 1, 1, 1, 1, 1]",1
481262,"[2, 1, 3]",1
510764,"[1, 1, 1, 1, 2, 1, 2, 1, 1, 2, 1, 1, 1]",1
45295,"[2, 1]",1
253961,"[1, 1, 1, 1, 1, 1]",1
428624,"[1, 1, 1, 2, 1, 1, 1, 1, 1, 2, 2, 1, 1, 2, 1, 2]",1
178292,"[2, 1]",1
267581,"[1, 2, 1, 2, 1, 2, 1, 2, 2, 1, 1, 2, 1, 2, 1, 2, 2, 1, 2, 1, 2, 1, 2, 1, 1, 2, 2, 1]",1
428547,[1],1
498749,"[2, 1]",1
859115,"[1, 1, 1, 1, 2, 1, 2, 1, 1, 1, 2, 1, 2, 1, 1]",1
513329,"[2, 1, 1, 1, 1, 2, 1, 1, 1, 1, 1, 1, 1]",1
416926,"[2, 1]",1
816464,"[1, 2, 2, 1]",1
664622,"[1, 2, 1, 2, 1, 2]",1
597700,[1],1
271213,"[1, 1, 1]",1
240893,"[1, 1, 2, 1, 1, 2, 2, 1, 2, 1]",1
207919,"[1, 1, 1, 1, 1]",1
375646,"[1, 1, 2, 2, 1]",1
1029528,"[1, 2]",1
114293,[1],1
736437,"[1, 1, 2, 1]",1
1041429,"[1, 2]",1
792699,"[1, 2]",1
469856,[1],1
415189,"[1, 2]",1
690740,"[1, 2]",1
749829,"[1, 1, 1, 2, 1, 2, 1, 1, 2, 2, 1, 1, 2, 2, 1, 1, 2, 1, 2, 1, 2]",1
1008286,"[1, 2, 2, 1]",1
27342,"[1, 1, 1, 1, 1]",1
584269,"[2, 1]",1
940865,"[1, 1, 1]",1
858111,"[1, 2, 1, 2, 1, 1, 2, 1, 2, 3, 2, 1, 1, 2, 1, 2, 1, 1, 2, 1, 2, 2, 1, 2, 1, 1, 2, 1, 2, 1, 3, 1, 1, 2, 2, 1]",1
291071,"[1, 2, 1]",1
696735,[1],1
30133,"[1, 1, 1, 1, 1, 1]",1
418555,[1],1
702891,[1],1
325863,[1],1
244334,[1],1
54153,"[2, 1, 1, 2, 1, 1]",1
860784,"[1, 2]",1
495574,"[2, 1]",1
660506,[1],1
461844,"[2, 1, 2, 1, 2, 1, 2, 1]",1
219865,"[1, 1, 1, 1]",1
273359,"[1, 1, 1, 1]",1
62923,[1],1
243032,"[1, 1, 1, 1, 1, 1]",1
724826,"[1, 1, 2, 1, 2, 1, 2, 1]",1
253754,"[1, 1, 1]",1
142811,"[1, 1, 1, 1, 2, 1, 1, 2, 1, 2, 1, 2, 2, 1, 1, 2, 1, 2, 1, 2, 2, 1, 2, 1]",1
1036482,"[2, 1]",1
748082,[1],1
899889,"[1, 2]",1
745787,[1],1
1009463,"[1, 1, 1, 1]",1
476949,"[1, 1, 1, 1, 1, 1, 1]",1
246945,"[2, 1]",1
318976,"[2, 1, 1, 2, 2, 1]",1
262273,[1],1
130092,"[1, 2]",1
835952,"[1, 2]",1
545408,"[2, 1]",1
365073,"[1, 1, 1]",1
931123,"[1, 2]",1
427000,[1],1
724617,"[2, 1]",1
1005539,"[2, 1]",1
680108,"[2, 1, 1, 2, 2, 1, 2, 1, 1, 2, 1, 2]",1
910825,"[1, 2, 1, 1, 2, 1, 1, 1, 1, 2, 1]",1
1020709,"[1, 2, 1, 1, 1, 1, 1, 1, 1, 1, 1, 1, 1, 1, 1, 2, 1, 2, 1, 1]",1
87310,[1],1
376823,"[2, 1]",1
326223,"[1, 2, 1, 1, 2, 2, 1, 1, 2]",1
391613,"[1, 1, 1, 2, 1, 1, 1, 1]",1
884686,"[1, 2, 1, 1, 1, 2, 2, 1, 1, 2, 1]",1
702396,[1],1
358648,"[1, 1, 2, 1, 2, 1, 2]",1
489679,"[1, 1, 1, 2, 1, 1, 1, 1, 1, 2, 1, 1, 1, 1, 1, 1, 2, 1, 1, 1, 1]",1
738664,"[1, 1, 1]",1
759287,"[1, 1, 1, 2, 1]",1
485032,"[1, 2]",1
290053,"[1, 2]",1
234400,"[1, 1, 1, 1, 1, 2, 1, 2, 1, 2, 1, 1, 2, 1, 1, 1, 1, 1]",1
249704,"[1, 1, 1, 1, 2, 1]",1
899974,"[1, 2, 1]",1
905201,"[1, 2, 1, 1, 1, 1, 1, 1, 1, 1, 1, 1, 1, 1, 1, 1]",1
437807,"[2, 1, 1, 2]",1
216072,"[1, 2, 1, 1]",1
111726,"[2, 1, 2, 1, 2, 1, 2, 1, 1, 2]",1
1046168,"[1, 2]",1
360510,"[1, 2, 1, 2]",1
1030631,"[2, 1]",1
178647,"[2, 1]",1
221369,"[1, 2, 1, 1]",1
871405,"[1, 1, 1, 1, 2, 1]",1
728299,"[1, 1, 1, 1, 2, 1, 1, 2, 1, 1, 2, 1, 1, 2, 1, 1, 1, 1, 1, 1, 1, 1, 1, 1, 1, 2, 1, 1]",1
382597,[1],1
658906,"[1, 2]",1
259209,"[1, 2]",1
202464,"[1, 2]",1
740659,"[1, 2]",1
817897,[1],1
932258,"[1, 1, 1, 1, 1]",1
183550,"[1, 1]",1
229351,[1],1
491325,"[1, 2]",1
193185,"[1, 1, 1, 1, 1]",1
76513,"[1, 1, 1, 1, 1, 1, 1, 1, 1, 2, 1, 1, 1, 1, 2, 1]",1
822262,"[1, 2, 1, 2, 2, 1, 1, 2]",1
750755,"[1, 1, 1, 2, 1, 1, 1, 2, 1]",1
429217,[1],1
155252,"[2, 1, 2, 1, 1, 2]",1
288513,"[1, 1, 2]",1
691117,"[1, 1, 2, 1, 2, 1, 2, 1]",1
48361,"[1, 2]",1
688251,[1],1
947666,"[1, 1, 1, 1, 1, 1, 1, 1, 1, 1, 1, 1, 1, 1, 2, 1, 1, 1, 1, 2, 1, 1, 2, 2, 1, 1, 2, 2, 1, 1, 1, 1, 1, 1, 3, 1, 1, 1, 1, 1, 1, 1]",1
981025,"[1, 1, 1, 1, 1, 1, 1, 1, 1, 1, 1, 1, 1, 1, 1, 2, 1, 1, 1, 1, 1, 1, 1, 2, 1, 1, 1, 2, 1, 1, 1, 1, 2, 1, 2, 1, 2, 1, 1, 1, 1, 2, 1]",1
731984,"[2, 1]",1
720543,"[1, 2, 1, 1]",1
404425,"[2, 1, 1]",1
901741,"[1, 1, 1, 1, 1, 1, 1]",1
728859,"[1, 1]",1
730766,"[2, 1]",1
14785,[1],1
950840,"[1, 1]",1
729200,"[1, 2, 1, 2]",1
586141,"[2, 1]",1
289590,[1],1
742390,"[2, 1]",1
238666,"[1, 1, 1, 1, 1, 1, 1]",1
532867,"[1, 1, 1, 2, 1, 1, 1, 2, 1, 1, 1, 1, 1]",1
845155,[1],1
576925,"[1, 2, 2, 1, 2, 1, 1, 2]",1
259759,"[1, 1, 1, 1, 1, 1, 2, 1, 2, 1, 1, 2, 1, 1, 1, 2, 1, 1, 1, 1, 1, 1, 2, 1, 2, 1, 1, 2, 1, 2, 1, 1, 1, 2, 2, 1, 1, 2, 1, 1, 2, 1, 2, 1, 2, 1, 2, 1, 1, 2, 1, 1, 1]",1
593897,"[1, 2]",1
397653,[1],1
788392,"[2, 1]",1
407812,[1],1
484803,"[2, 1, 2, 1, 1]",1
359095,"[1, 1, 1, 1, 2, 1, 1, 2, 1, 2, 1, 2]",1
477716,"[1, 2, 1, 2, 2, 1]",1
214400,"[1, 1, 1, 1, 1, 1, 2, 1, 1, 2, 1, 1]",1
40755,"[1, 1, 1, 1, 2, 1, 1, 1, 1, 1, 1, 1, 1, 1, 1, 1, 1, 1, 1, 1, 2, 1, 2, 1, 2, 1]",1
909216,"[2, 1]",1
327325,"[1, 1, 1, 2, 1]",1
1043683,"[1, 2, 1, 2, 1]",1
868700,"[1, 1, 1]",1
344185,[1],1
851140,"[1, 1, 2, 1, 1, 2, 1, 1, 1]",1
646448,[1],1
624285,"[1, 1, 1, 3, 4, 3, 4, 3, 4, 2, 1, 1, 2, 1, 1, 2, 1, 1, 2, 1, 4, 3, 1, 4, 1, 1, 1, 1, 2, 1, 1, 1, 1, 1, 1, 1, 1]",1
15113,"[1, 2, 1]",1
147870,"[1, 1]",1
619331,"[1, 2]",1
541739,"[2, 1, 2, 1]",1
1030936,[1],1
183353,"[1, 1, 1, 1, 1, 1, 1, 1, 1, 2, 1, 1, 1, 2, 1, 1, 2, 1, 2, 1, 1, 2, 1, 1, 1, 2, 1, 2, 1, 1, 1, 2, 1, 2, 1, 1]",1
703766,[1],1
632472,"[1, 1, 1, 1, 1, 2, 1, 1, 2, 1, 1]",1
667985,"[1, 1, 1, 1, 1, 2, 1, 1, 2, 1, 2, 1, 3, 1, 1, 1, 1, 1, 1]",1
214127,[1],1
855007,"[1, 2, 1]",1
811286,[1],1
948375,"[1, 1, 1, 1, 1]",1
957678,"[2, 1, 1, 2, 1, 2]",1
155400,"[1, 1, 1, 2, 1, 1, 1, 2, 1, 1, 1, 2, 1, 2, 1, 2, 1, 1, 2, 1, 2, 2, 1, 1, 2, 2, 1, 1, 2, 1, 1, 1, 1, 1, 1, 1, 1, 1, 1, 1]",1
607431,[1],1
685407,"[1, 2, 1, 2, 1, 2, 1]",1
971379,"[2, 1, 2, 1]",1
366628,"[1, 1, 2, 1, 3, 4, 1, 4, 1, 4, 4, 4, 1, 4, 4, 4, 4, 4, 1, 1, 2, 1, 4, 1, 4, 4, 1, 4, 1, 4, 4, 4, 4, 4, 4, 4]",0
159270,"[2, 1, 1, 2, 2, 1, 1, 2]",1
749225,"[1, 1, 1, 1, 1, 1, 1, 1, 1, 1, 2, 1, 2, 1, 2, 1, 1]",1
270337,"[1, 1, 1, 1, 1, 1, 1, 1]",1
1017326,"[1, 1, 2]",1
222808,"[2, 1, 1, 2]",1
761241,[1],1
260060,[1],1
1012976,"[1, 2]",1
1045624,"[1, 1, 1, 1]",1
387250,[1],1
429910,"[2, 1]",1
114820,"[2, 1]",1
8491,"[2, 1, 1, 1, 1, 1, 1, 1, 1, 1, 1, 1, 1, 1, 2, 1, 2, 1, 2]",1
73927,[1],1
414605,[1],1
322786,"[1, 1, 1]",1
867400,"[1, 2, 1]",1
441293,"[1, 1, 2, 1, 1, 2, 1]",1
549855,"[1, 2]",1
780370,"[1, 2]",1
50841,[1],1
78214,"[1, 1, 1, 1, 1, 1, 1]",1
202800,"[1, 1, 1, 1, 1]",1
877076,"[1, 2]",1
952753,"[1, 1]",1
769279,"[1, 2]",1
371116,"[1, 2, 1, 1, 2, 1, 1, 1, 1, 1, 1, 1, 1, 1, 2, 1, 2, 2, 1]",1
221909,[1],1
740312,"[1, 1, 2, 1, 3, 1, 1]",1
88534,"[1, 2, 2, 1, 2, 1, 1, 2]",1
348092,"[1, 1, 1, 1]",1
20849,"[2, 1, 1, 1, 2, 1, 1]",1
415580,"[1, 2]",1
127132,"[1, 2, 1, 1, 2, 1]",1
205031,[1],1
541129,"[1, 2]",1
217586,"[2, 1, 2, 1, 2, 1, 1, 2, 2, 1, 2, 1, 2, 1, 2, 1, 3, 1, 2, 1, 2, 1, 1, 2, 2, 1, 2, 1, 2, 1, 1, 2, 1, 2, 2, 1, 1, 2, 1, 2]",1
545112,[1],1
1015524,"[1, 1, 1, 1]",1
911611,"[1, 2]",1
90788,[1],1
431960,"[1, 1, 1, 1]",1
1018819,"[1, 1, 1, 1]",1
849298,"[1, 1, 2, 1, 1, 2, 1, 2, 1, 1]",1
38372,"[2, 1, 1, 2, 1, 2, 1, 2, 1, 2]",1
990418,"[2, 1]",1
933415,"[1, 2]",1
439189,"[2, 1, 1, 2, 1, 2, 2, 1, 1, 2, 1, 2, 2, 1]",1
361716,"[1, 2, 2, 1]",1
1455,"[1, 2]",1
594618,"[1, 2]",1
988503,"[1, 1, 1, 1, 1, 1, 1, 1, 1, 1]",1
376706,"[1, 2]",1
9634,"[1, 1, 1]",1
487991,"[1, 1, 1, 2, 1, 2, 2, 1]",1
898056,[1],1
503696,[1],1
903114,"[1, 1, 1, 1, 1, 2, 1, 1, 1, 1, 1, 1, 1]",1
341737,"[2, 1]",1
491554,"[1, 1, 1, 1, 1, 1, 2, 3, 1, 2, 4, 3, 1, 1, 1, 1, 2, 4, 3, 1, 1, 1, 1, 1, 1, 1, 1, 1, 2, 1, 1, 1, 4, 1, 4, 4, 4, 1, 1]",1
621514,"[1, 1, 1, 2, 1, 1, 1, 1, 2, 1, 1, 2, 1]",1
541569,[1],1
230364,"[1, 2]",1
575641,"[2, 1]",1
229081,"[1, 2]",1
120481,"[1, 1]",1
705894,"[1, 1, 1, 1, 1]",1
926247,"[2, 1, 2, 1, 1, 2]",1
228781,"[1, 1, 1, 1, 1, 1, 1, 1, 1, 2, 1, 1, 1, 2, 1, 1, 2, 1, 2]",1
61134,[1],1
787613,"[1, 1, 1, 2, 1, 1, 2, 1, 2, 1, 1, 1, 1, 1, 1, 1]",1
713446,"[2, 1, 1, 1, 1, 1, 1, 1]",1
910828,[1],1
670699,"[1, 2, 1, 2, 1]",1
885125,"[1, 2, 1, 2, 1, 2, 1]",1
1016291,"[1, 1, 1, 2, 1, 3, 1, 1, 1, 1, 1, 1, 1, 1]",0
779565,[1],1
440181,[1],1
379502,"[2, 1]",1
486766,"[1, 1]",1
132394,[1],1
18976,"[1, 2]",1
929758,[1],1
588989,"[2, 1]",1
256197,[1],1
521691,"[1, 1]",1
202809,[1],1
867083,[1],1
142373,"[2, 1, 1]",1
358128,"[2, 1]",1
384572,[1],1
114563,"[1, 2, 1, 2]",1
684032,"[2, 1]",1
224492,"[1, 1, 1, 1, 1, 2, 1, 1, 1, 1, 2, 2, 1, 2, 1, 1, 2, 1, 1, 1, 1, 1, 2, 1, 1]",1
105070,"[2, 1, 1, 2, 1, 1, 2, 1, 2, 1, 1, 1, 1, 1, 1, 1, 2, 1, 1, 1, 1]",1
945315,"[1, 2, 1]",1
842784,"[1, 2]",1
416619,"[1, 1, 1, 1, 2, 1, 1, 1, 2, 1]",1
384052,"[1, 1, 1]",1
594472,"[1, 1, 1, 1, 1, 1]",1
169766,"[1, 1, 2, 1, 2, 1, 2, 1, 1, 2, 2, 1, 1, 2, 1, 2, 1, 2, 2, 1, 1, 2, 1, 1, 1, 1, 2, 1, 1, 2, 1, 2, 2, 1, 1, 2, 1, 1, 1, 2, 2, 1, 1, 2, 1, 1, 1, 2, 1, 2, 2, 1, 1, 2, 1, 2, 1, 1, 1, 1, 1, 1, 1, 2, 1, 1, 1, 1, 1, 1, 1, 2, 1, 1, 2, 2, 1, 1, 1, 2, 1, 2, 2, 1, 2, 1, 1, 2, 2, 1, 1, 2, 1, 2, 2, 1, 2, 1, 2, 1, 2, 1, 2, 1, 1, 1, 1, 2, 1, 1, 2, 1, 2, 1, 2, 1, 2, 2, 1, 2, 1, 1, 1, 1, 2, 1, 1, 2, 1, 1, 1, 1, 1, 1, 2, 1, 2, 1, 2, 1, 2, 2, 1, 1, 2, 2, 1, 2, 1, 1, 2, 1, 1, 1, 1, 1, 1, 1, 1, 2, 1, 1, 2, 1, 2, 1, 1, 2, 2, 1, 1, 1, 1, 1, 1, 2, 1, 2, 2, 1, 1, 1]",1
855478,"[1, 1, 1, 1, 2, 1, 1, 1, 1, 1, 1, 2, 1, 2, 1]",1
1006914,"[2, 1]",1
518689,"[2, 1, 2, 1, 1, 2, 2, 1, 3, 1, 1, 1, 1, 1, 1]",1
1026645,"[2, 1, 2, 1, 2, 1]",1
608585,"[2, 1]",1
145594,"[1, 2, 1]",1
614594,[1],1
61284,"[1, 1, 1, 1, 1, 1, 1, 1, 1, 1, 1, 1, 1]",1
937751,"[1, 2]",1
513451,"[1, 2, 1, 1, 1, 1, 2, 1, 1, 1]",1
254304,[1],1
98577,"[1, 1, 1, 3, 1, 1]",0
513771,"[1, 1, 1, 1, 1]",1
542512,"[1, 1, 1, 1, 2]",1
780342,"[1, 2, 2, 1]",1
280051,"[1, 1, 2, 1]",1
504722,"[1, 1, 1, 1, 1, 1, 1, 1, 1]",1
799360,"[1, 2, 1, 1, 1, 2, 1]",1
624161,"[2, 1, 1, 2, 1, 1, 1, 2, 1, 1, 1, 1, 1, 2, 1, 1, 1, 2, 1, 1, 2, 1]",1
515929,"[2, 1]",1
431387,"[1, 2, 1, 1]",1
619826,[1],1
247584,"[1, 1, 2, 1, 1, 2, 1]",1
976821,"[2, 1]",1
359794,"[1, 1, 1, 1, 1, 2, 1, 1, 1, 2, 1, 2, 1, 1, 1, 2, 1, 2, 1, 1, 1, 2, 1, 1, 1, 1, 2, 2, 1, 1, 1]",1
733791,"[1, 1, 1]",1
116562,"[1, 1, 1, 1, 1]",1
13752,[1],1
695291,[1],1
497424,[1],1
313828,"[1, 1, 1, 1, 1, 1, 1, 2, 1, 1]",1
116348,"[2, 1]",1
735222,"[2, 1]",1
812723,"[2, 1]",1
124488,"[2, 1]",1
29957,"[1, 2]",1
774688,"[1, 1, 1, 1, 1, 1, 1]",1
803616,"[2, 1, 1]",1
163268,"[1, 1, 1, 1, 1, 1, 1, 1, 2, 1, 2, 2, 1, 2, 1, 1, 2, 2, 1, 1, 2, 1, 2, 1, 2]",1
389492,"[1, 2, 1, 1, 2, 1, 1, 1, 2, 1, 2, 1, 2, 1, 1, 2, 1, 2, 2, 1, 1, 2, 2, 1, 1, 2, 3, 1, 1, 1, 1, 1, 1, 2, 1, 2, 1, 2, 1, 2, 1, 1, 2, 1, 1, 2, 1, 2, 1, 2, 1]",1
546255,"[1, 1, 2, 1]",1
994727,[1],1
208114,"[1, 2]",1
853582,"[1, 2, 1, 2]",1
710822,"[1, 2, 1, 1, 1, 1, 2, 1, 2, 1, 2, 1, 1, 2, 1, 2, 1]",1
12031,[1],1
860199,"[1, 2]",1
19115,"[1, 1, 1, 1, 1, 1, 2, 2, 1, 2, 1, 1, 2]",1
778150,"[1, 1, 1]",1
437132,"[1, 1, 1]",1
672365,[1],1
325175,"[2, 1, 1, 2, 1, 2, 2, 1, 2, 1]",1
220771,[1],1
456108,"[1, 2, 2, 1]",1
150292,"[1, 2]",1
149503,"[2, 1, 1, 1, 1, 2, 1, 2, 2, 1, 1, 1, 1, 2, 1]",1
234888,"[1, 1, 1]",1
413534,"[1, 2]",1
429935,"[1, 2]",1
512733,"[2, 1]",1
836878,"[1, 2]",1
365094,"[1, 2, 2, 1, 1, 2, 2, 1, 1, 2, 1, 2, 2, 1, 1, 2, 2, 1]",1
531678,"[1, 1, 1, 1, 3, 2, 1, 1, 1, 1, 1, 1, 1, 2, 1]",1
182352,"[2, 1, 1, 2]",1
174406,"[1, 2, 1, 1, 2, 1, 3, 1]",1
718543,"[2, 1, 2, 1]",1
831513,[1],1
503689,"[1, 1, 2, 3, 3, 1, 4, 2, 1]",1
11900,"[1, 2, 2, 1, 2, 1, 1, 2, 1, 2, 1, 2, 1, 2, 2, 1, 1, 2]",1
951322,[1],1
381673,"[1, 2]",1
416176,[1],1
707070,"[1, 1, 1, 1, 1, 1]",1
456008,"[2, 1, 1, 2]",1
167372,[1],1
1034534,"[1, 2, 1, 2, 1, 2, 1, 2, 1, 1, 1, 2, 1, 2, 1, 2, 1, 1, 2, 2, 1, 1, 2, 2, 1, 2, 1, 1, 2, 2, 1, 1, 2, 1, 2, 1, 2, 1, 2, 1, 1, 2, 1, 2, 1, 1, 2, 1, 1]",1
134317,[1],1
812092,"[1, 2, 2, 1, 2, 1]",1
41076,"[1, 2]",1
682119,"[1, 2, 1, 1, 1, 2, 1, 1, 1, 1]",1
721799,"[1, 1, 2]",1
261354,"[1, 1, 1, 1, 1]",1
919717,"[1, 1, 1, 1]",1
572991,"[2, 1, 2, 1, 2, 1]",1
662940,"[1, 1, 1]",1
921992,[1],1
613423,"[2, 1, 2, 1]",1
664326,"[1, 2]",1
427445,"[1, 2]",1
766146,"[1, 1, 1]",1
676700,"[2, 1, 2, 1, 1, 2, 1, 2, 2, 1]",1
639909,"[1, 2]",1
934264,"[1, 2, 1, 2, 1, 2, 1, 2, 1]",1
234378,[1],1
733382,"[2, 1, 1, 1, 1, 1]",1
968309,"[2, 1, 1, 1]",1
494042,"[1, 1, 1, 2, 1, 1, 2, 1, 1, 1, 2, 1, 1, 1, 1, 1, 1]",1
649022,"[2, 1]",1
394279,[1],1
1041887,[1],1
376990,[1],1
188515,"[1, 1, 1, 1, 1, 1, 2, 1, 1, 1, 1, 1, 1, 1, 2, 1, 2, 1, 2, 2, 1, 1, 2, 1, 2, 1, 2, 1, 1, 2, 2, 1, 3, 2, 1, 2, 1, 2, 1, 1, 2, 1, 2, 1, 1, 2, 2, 1, 1, 2, 1, 1, 1, 1, 1, 1, 2, 1, 1, 1, 1, 1, 1, 1, 2, 1, 1, 1, 1, 1, 1, 2, 3, 1, 1, 1, 2, 1, 1, 1, 1, 1, 2, 1, 1, 2, 1, 3, 1, 1, 4, 1, 1, 1, 1, 1, 1, 1, 2, 1, 3, 2, 1, 1, 2, 2, 1, 1, 2, 1, 1, 2, 1, 2, 1, 1, 1, 2, 2, 1, 1, 2, 2, 1, 2, 1, 1, 2, 1, 2, 1, 1, 2, 1, 2]",1
606541,[1],1
1009586,"[1, 1, 1, 2, 1]",1
429059,"[1, 1, 1]",1
384917,"[1, 1, 1, 1, 1, 1, 1, 1, 1, 2, 1, 1, 2, 1, 1, 1, 2, 1, 1, 1, 1, 1, 1, 1, 1, 1, 1, 2, 1, 1, 2, 1, 1]",1
452568,"[1, 2, 1]",1
581919,[1],1
403483,"[2, 1]",1
937108,"[1, 2, 1, 1, 2, 1, 2, 1, 2, 1]",1
593761,"[2, 1, 1, 1, 2, 1, 1, 2, 1, 1, 1, 2, 2, 1]",1
516516,"[2, 1]",1
774363,"[1, 1, 1, 1, 1, 1, 1, 1, 2, 1, 2, 2, 1, 2, 1, 1, 2]",1
776392,"[1, 2]",1
897803,"[1, 2, 1, 1, 2, 1, 2, 1, 1, 1, 2, 1, 2, 1, 1, 2, 1, 2, 2, 1, 2, 1, 2, 1, 1, 1, 1]",1
760941,"[1, 1, 1, 1, 1, 2, 1, 1, 2]",1
373236,"[2, 1, 2, 1]",1
562081,"[1, 1, 1]",1
415242,"[2, 1, 2, 1, 1, 2, 2, 1, 1, 2, 2, 1]",1
425005,[1],1
376918,"[1, 1, 1]",1
887231,"[1, 1, 1]",1
1026680,"[1, 1, 1, 1, 1]",1
543462,"[1, 2, 1, 1, 2, 1, 1, 2, 3, 1]",1
217693,"[1, 2]",1
698433,"[1, 2]",1
189895,"[2, 1]",1
711210,"[1, 1, 2, 1, 3, 1, 1]",1
411917,[1],1
317480,"[1, 1, 1, 1, 1, 1, 1, 1, 1, 1, 1, 1, 1, 1, 1, 1]",1
110505,"[1, 2]",1
519607,"[1, 2, 3]",1
430397,[1],1
75053,"[2, 1]",1
970281,"[1, 1, 2, 1]",1
1022159,"[1, 1, 1, 1, 2, 1, 2, 1]",1
604895,"[1, 1]",1
122933,"[1, 2]",1
582571,"[1, 1, 2, 1]",1
139424,[1],1
284261,"[1, 2, 2, 1, 2, 1]",1
128472,"[1, 1]",1
688521,"[1, 1, 1, 1, 1, 1, 1, 2, 1, 1, 2, 1, 2]",1
154810,"[1, 2]",1
711574,"[1, 1, 1]",1
634285,"[1, 2, 1, 1, 2]",1
597667,"[2, 1, 1, 1, 1, 2]",1
826618,"[2, 1, 1, 2, 2, 1, 1, 2, 2, 1]",1
532070,[1],1
190186,"[1, 1]",1
130487,"[1, 1]",1
369626,"[1, 2]",1
885702,"[2, 1, 1, 2, 2, 1, 1, 2, 1, 2]",1
848704,"[1, 1, 2, 1]",1
180721,"[2, 1, 1, 1, 1, 2]",1
26245,"[1, 2]",1
181172,"[1, 2, 1, 1, 1, 1, 2, 2, 1, 2, 1, 2, 1, 2, 1]",1
882919,"[2, 1]",1
918566,[1],1
632143,"[1, 2]",1
407409,"[1, 1, 2, 1, 2, 1, 1, 1, 2, 1]",1
228901,"[1, 2]",1
599862,"[1, 2, 1, 1, 2, 1, 1, 2, 1, 1]",1
979324,"[1, 2]",1
33359,[1],1
310391,"[1, 1, 1, 1, 1, 1, 1, 1, 1, 1, 1, 1, 1, 1, 2, 1, 1, 2, 2, 1, 1, 1, 1, 1, 1, 2, 1, 1, 1, 2, 1, 2, 1, 1, 2, 2, 1, 1, 2, 1, 1, 1, 1, 1, 1, 2, 1, 1, 1, 1, 1, 2, 1, 1, 1, 1, 2, 2, 1]",1
86670,"[2, 1]",1
89192,[1],1
1004778,"[1, 2]",1
613643,"[1, 1, 1]",1
353622,[1],1
105485,"[1, 2]",1
425980,"[1, 1, 1, 2, 1]",1
525172,"[1, 1, 1]",1
755571,"[1, 1, 2, 1, 1, 1]",1
164333,"[2, 1]",1
743370,"[1, 1]",1
684732,"[2, 1]",1
239771,"[1, 1]",1
310300,"[1, 2]",1
617403,"[2, 1]",1
71499,"[1, 1, 2, 1, 1, 2]",1
489556,"[2, 1]",1
847911,"[1, 1, 1, 1, 1, 2, 1, 1, 2, 1, 2]",1
544674,"[1, 2]",1
553495,[1],1
366159,"[1, 1, 1, 1, 2, 1, 1, 1, 2, 1, 1, 1, 1, 1, 1, 1, 1, 1, 1, 1, 1, 2, 1, 1, 1, 2, 1]",1
315324,"[1, 2, 2, 1, 2, 1, 2, 1, 1, 2]",1
123371,"[2, 1]",1
54696,[1],1
896748,"[1, 2]",1
461280,"[1, 1, 1, 1, 2, 1, 1, 1, 1]",1
208857,"[1, 2]",1
438121,"[2, 1, 1]",1
708350,"[1, 1, 2, 1, 1, 2, 1]",1
151172,"[1, 2]",1
282467,"[2, 1]",1
267966,"[1, 1, 1, 1, 1, 1, 1, 1, 1, 1, 1]",1
4385,"[2, 1, 1, 2]",1
666637,"[1, 2, 2, 1, 2, 1, 2, 1, 1, 2, 2, 1, 1, 1, 2, 1, 2, 2, 1, 1, 1, 1, 1, 1]",1
170206,"[1, 2, 1, 2, 1, 1, 2, 2, 1]",1
503610,"[2, 1, 2, 1, 1, 2]",1
923848,"[1, 2, 1, 1]",1
188693,"[1, 2, 1, 1, 1, 1, 1, 1, 2, 1]",1
398773,"[2, 1, 2, 1]",1
574857,"[1, 1, 1]",1
738370,"[1, 2, 1, 1]",1
800775,[1],1
618636,[1],1
14375,"[1, 1, 1, 1, 1, 1, 1, 1, 1, 2, 1, 3, 2, 1, 1, 2, 2, 1, 2, 1, 1, 2, 1, 2, 2, 1, 1, 2, 1, 1, 2, 1, 3, 1, 2, 1, 2, 3, 1, 4, 1]",1
204378,"[1, 2, 1, 2, 1]",1
1026444,"[2, 1, 1, 1, 2, 1, 1, 1, 1, 1, 1, 1]",1
594032,[1],1
361964,"[1, 2]",1
1032433,"[2, 1]",1
270447,[1],1
564859,[1],1
13561,"[1, 2, 1, 1, 1, 1, 1, 1, 1, 1, 2]",1
533908,"[1, 2]",1
193010,"[1, 1, 1, 1, 1, 1, 1]",1
177990,"[2, 1]",1
260604,"[1, 2, 1, 1, 1, 2, 2, 1]",1
606007,"[1, 2]",1
221740,"[1, 1, 1, 1, 2, 1, 2, 2, 1, 1, 1, 2, 1, 2, 1, 1, 2, 2, 1, 1, 2, 1, 2, 1, 2, 1, 1, 1, 1, 1, 2, 1, 1, 1, 2, 1, 1, 2, 1, 3, 1, 1, 2, 1, 2, 1, 1, 1, 1, 1, 1]",1
341223,"[1, 1, 1, 1, 1, 1, 2, 1, 1, 1, 2, 1]",1
332056,"[1, 1, 1]",1
666019,"[2, 1]",1
825277,"[1, 1, 1]",1
709603,"[1, 1, 1, 2, 1, 1, 2, 1, 1, 2, 1, 1, 2, 1, 1, 2, 1, 1, 2, 1, 1, 1, 2, 1, 2, 1, 1]",1
338822,"[1, 1, 1, 1]",1
739813,"[2, 1]",1
440442,"[2, 1]",1
283062,"[1, 1, 1, 1, 2, 1, 2, 2, 1, 2, 1, 1, 1, 1, 1, 2, 2, 1, 1, 1, 2, 2, 1, 1, 2, 1, 2, 1, 1, 2, 1, 2, 1, 2, 1, 2, 1, 1, 1, 1, 2, 2, 1, 1, 2, 1, 1, 2]",1
614772,[1],1
531741,[1],1
905364,[1],1
1016336,[1],1
425612,"[1, 1, 1]",1
681996,"[1, 1, 1, 2, 1, 1, 1, 1, 1, 1, 1, 1, 2, 1, 1, 1]",1
993160,"[1, 2]",1
789401,"[1, 1, 1, 1, 1]",1
419451,"[1, 1, 2, 1]",1
973983,"[1, 1, 1, 2, 1, 1, 1, 1, 1, 1, 1, 1, 1, 2, 1, 2, 1]",1
943762,"[2, 1, 1, 2]",1
359062,"[1, 2]",1
385280,[1],1
452663,"[1, 1, 1, 1]",1
602054,"[1, 1, 2, 1, 1, 2, 1, 1, 2, 1, 2, 1]",1
218392,"[1, 1, 1, 1, 1, 1]",1
429522,"[1, 1]",1
752013,"[1, 1, 2]",1
660289,"[2, 1, 1, 1, 1, 1, 1, 1, 1]",1
691028,"[1, 2, 1, 2, 1, 2]",1
167643,[1],1
368874,"[1, 1, 1, 1, 1, 1, 1, 2, 1, 2, 2, 1, 2, 1]",1
1027665,[1],1
356629,"[1, 1, 1, 1, 1, 2, 1, 1, 2, 1, 1, 1, 1, 2, 1, 1, 1, 1, 2, 1, 1, 2, 1, 1, 1, 1, 1, 1, 1, 2, 1, 2, 1, 1, 2, 1, 1, 1, 2, 1, 1, 2, 1, 1, 2]",1
1036958,[1],1
987732,[1],1
900976,"[2, 1, 1, 2, 2, 1, 2, 1, 2, 1, 1, 2, 2, 1]",1
358015,"[2, 1, 1, 1, 2]",1
528139,[1],1
370429,"[1, 1]",1
875356,[1],1
293391,[1],1
248815,"[1, 2, 1]",1
929438,"[2, 1]",1
911967,"[1, 1, 1, 1]",1
761570,"[2, 1]",1
774209,[1],1
192188,[1],1
807150,"[2, 1, 3]",1
283308,"[1, 2]",1
169383,[1],1
824902,"[1, 1, 1, 2, 1, 1, 2, 1, 1]",1
117553,[1],1
387798,"[2, 1]",1
1017790,[1],1
114699,"[1, 1, 1, 1, 1, 1, 1, 1, 1, 1, 1, 1, 2, 1, 3, 1, 1, 1, 2, 4, 3, 1, 1, 1, 2, 1, 1, 2, 1, 2, 1, 1, 1, 1, 1, 2, 4, 3, 4, 1, 4, 4, 4, 4, 4, 4]",0
37295,"[1, 2]",1
1011035,"[2, 1]",1
434859,"[1, 1, 1, 1, 1, 2, 1, 3, 1, 1, 1]",1
483468,"[2, 1, 1, 2, 1, 2, 1]",1
628542,"[1, 2]",1
219821,"[2, 1]",1
279049,"[2, 1, 2, 1, 1, 1, 2, 1, 1, 1, 1]",1
676105,"[1, 1, 1, 1, 1, 1, 1, 1, 2, 1, 1, 2, 1]",1
393790,"[1, 1, 1, 1, 1, 1, 4, 1, 1, 1, 1, 2, 1, 3, 1, 1, 1, 1, 1, 4, 1, 1, 2, 1, 3, 3, 1, 1, 1, 1, 1]",1
182107,"[1, 1, 1, 1, 1]",1
63637,"[1, 2]",1
1025608,"[2, 1]",1
599637,"[2, 1]",1
812607,"[2, 1]",1
891244,"[1, 2, 1, 2, 1, 2, 1]",1
785530,"[1, 2, 1, 1, 2, 1, 2, 1, 2, 2, 1, 2, 1, 2, 1, 1, 2, 1, 2, 1, 2, 1, 1, 2, 2, 1, 2, 1]",1
192938,"[1, 2]",1
764389,"[1, 2, 1, 2]",1
34610,"[2, 1]",1
255476,"[1, 1, 2, 1, 2, 1, 2, 1]",1
396683,"[1, 2, 1, 2]",1
1036214,"[1, 2]",1
152529,"[1, 2, 1, 1]",1
713969,"[1, 2, 1, 1, 1, 1, 1, 1, 2, 1, 1, 1, 1, 2, 2, 1, 1, 1, 2, 1, 1, 1, 2, 1, 1, 2, 1, 1]",1
75613,"[1, 2]",1
186562,[1],1
221792,"[1, 1, 2, 1, 2, 1]",1
1032253,"[1, 1, 1, 1]",1
479963,"[1, 2]",1
781085,"[1, 1]",1
992878,"[1, 2]",1
577607,[1],1
247508,"[2, 1]",1
561554,"[1, 1, 1, 2, 1, 1, 1, 2, 1, 1, 1, 1, 2, 1, 1, 2, 1, 1, 1, 1, 1, 2, 1, 2, 1, 1, 1, 1, 1, 1, 1, 1, 1, 1, 1, 1, 1, 1, 2, 1, 1, 2, 1, 1, 2, 1, 1, 2, 1, 1, 1, 1, 1, 1, 1, 1, 2]",1
301214,"[1, 1, 1, 1, 1, 2, 1, 1, 1, 1, 1, 1, 2, 1, 2, 1, 2, 1, 2, 1, 1, 2, 2, 1, 2, 1, 1, 1, 2, 1, 2, 2, 1, 1, 2, 1, 1, 1, 1, 1, 1, 2, 2, 1, 1, 2, 1, 2, 2, 1, 1, 1, 2, 2, 1, 1, 2, 2, 1, 1, 2, 2, 1, 1, 2]",1
635652,"[1, 1, 1, 1, 1]",1
114809,"[1, 1, 1, 1, 2, 1, 1, 1, 1, 2]",1
698494,"[2, 1]",1
619619,"[2, 1]",1
967226,"[1, 2]",1
682382,"[1, 1, 2, 1, 1, 2, 2, 1, 1, 1]",1
649082,[1],1
1039750,"[1, 1, 1, 2, 1, 1, 2, 1, 2, 3, 4, 1, 4, 1, 2, 1, 1, 2]",1
473928,"[2, 1]",1
29690,"[2, 1]",1
504776,"[1, 1, 1, 2, 1, 1, 2, 1]",1
839581,"[2, 1]",1
643831,"[1, 2]",1
35877,"[2, 1]",1
1035350,"[1, 2, 1, 2]",1
423737,[1],1
612427,"[2, 1, 1, 2]",1
590832,[1],1
248038,"[2, 1]",1
364377,"[1, 2, 2, 1, 1, 2]",1
431423,"[1, 2]",1
417650,"[1, 1, 1]",1
360698,[1],1
1007957,"[1, 2]",1
558015,[1],1
563324,[1],1
221303,"[1, 1, 1, 2, 3, 3, 1, 1, 2, 3, 1, 1, 2, 1, 3, 1, 1, 1, 1, 1, 2]",1
968860,"[1, 1, 1, 1, 1, 1, 1, 1, 1]",1
860570,"[1, 1, 1, 1, 1, 2, 1, 2, 1, 1]",1
866276,"[1, 2]",1
1035023,"[2, 1]",1
914735,"[2, 1]",1
592475,"[2, 1, 1, 2]",1
528835,[1],1
199704,"[2, 1, 1, 2, 2, 1, 2, 1, 1, 2, 1, 2, 3, 1, 1, 1]",1
568183,[1],1
80895,"[2, 1, 1, 1, 1, 1, 1, 1, 1, 1, 1, 1, 1, 1, 1]",1
133841,[1],1
585588,"[2, 1, 1, 2]",1
97310,"[2, 1, 2, 1, 2, 1, 1, 2, 1, 2, 1, 2, 1, 2, 1, 2]",1
82158,"[2, 1]",1
101748,"[1, 1, 1, 2, 1, 1, 2, 1, 1, 2, 1, 2, 1, 1, 1, 2, 1, 1, 2, 1, 1, 2, 1, 1, 2, 1, 2, 1, 1, 2, 1, 1, 1, 1, 2, 2, 1, 1, 2, 1, 2, 1, 2, 2, 1, 1, 2, 1, 2, 1, 2, 1, 2, 1, 2, 1, 1, 2, 1, 1, 2, 1, 1, 2]",1
519126,"[2, 1, 2, 1, 1, 1, 2, 2, 1]",1
726601,"[1, 2, 1, 2]",1
97456,[1],1
36057,"[1, 2, 1, 2]",1
299238,"[1, 1, 1, 1, 1]",1
311624,"[1, 1]",1
461576,"[1, 1, 1, 1, 1, 1, 1, 1, 1, 1, 1, 1, 1, 1]",1
536642,"[2, 1]",1
983499,"[1, 1]",1
729820,"[1, 1, 1, 1, 1, 1, 1, 1]",1
571871,"[2, 1]",1
523057,[1],1
526384,"[1, 1, 1, 1]",1
58209,"[1, 1]",1
724083,"[1, 2, 2, 1, 2, 1, 2, 1, 2, 1, 2, 1, 1, 2, 2, 1, 3, 2, 1, 2, 1, 2, 1]",1
728585,"[2, 1, 2, 1]",1
769073,"[1, 1, 2, 3]",1
92114,"[1, 2, 1, 2, 1, 2, 1]",1
103961,[1],1
7652,"[1, 2, 2, 1, 1, 2]",1
19532,"[1, 2]",1
51794,[1],1
152447,"[2, 1, 2, 1, 2, 1, 1, 2, 1, 2, 2, 1, 2, 1, 3, 1, 2, 1, 3, 1, 1, 1, 1, 1, 1, 1]",0
639559,"[2, 1, 1, 1, 2, 1]",1
1010765,"[1, 1, 1, 1, 1, 1, 2, 2, 1, 2, 1, 1, 1, 1, 1, 1, 2, 1, 2, 1, 2, 1, 1, 1, 1, 1, 2, 1, 3, 1, 1, 2, 1, 4, 3, 1, 1, 1]",1
524720,"[1, 1, 1]",1
504357,"[1, 1, 1, 1, 1]",1
532111,"[1, 1, 1, 2, 1, 2, 2, 1, 1, 2, 1, 2, 1, 2, 1, 2, 1, 1, 2, 1, 1, 1, 1, 1]",1
216605,"[1, 2, 1, 1, 2, 1, 2, 1]",1
333935,"[2, 1, 1, 1, 1, 1, 1, 2, 1, 1, 2, 1, 1, 1]",1
473249,[1],1
415814,"[1, 2]",1
501204,[1],1
856485,"[1, 2, 1, 1, 1, 1, 1, 1]",1
897057,"[1, 2, 1, 1, 1, 1, 1, 1, 1, 1, 1, 1, 1, 2, 1, 2, 2, 1, 2, 1, 1, 1, 1, 1, 2, 1, 2, 1, 2, 1, 2, 2, 1, 1, 2, 1, 1, 1, 2, 1, 1, 1, 1, 2, 1, 1, 1, 1, 1, 1, 1, 1, 1, 1, 1]",1
156410,"[1, 1, 1, 1, 1, 1, 1, 1, 1, 2, 1, 1, 1, 2, 1, 1, 1, 1, 3, 1, 1]",1
870790,[1],1
383535,"[1, 2]",1
825350,"[1, 2, 1, 1, 2, 1, 1]",1
174980,[1],1
819530,"[1, 1, 1, 1, 1, 2, 1, 1, 1, 1, 2, 1, 1, 2, 1, 1, 1, 1, 1, 1, 1, 1, 1, 2, 1, 1, 2, 1, 1, 1, 1, 1, 2, 1]",1
899129,"[2, 1]",1
297378,"[1, 1, 2]",1
183973,"[1, 2, 1, 1, 1, 1, 1, 1, 1, 1, 1, 1, 1, 1]",1
683927,[1],1
291249,"[1, 1, 1, 1, 1, 1, 1, 1]",1
212370,"[1, 1, 1, 2]",1
535589,"[2, 1]",1
303462,"[1, 1, 1, 1, 1, 1]",1
944534,"[1, 1]",1
586939,"[1, 2, 1, 2, 1, 1, 1, 2]",1
753108,"[1, 1, 1, 2, 1, 2, 1, 3, 1, 1, 2, 1, 1, 2, 1, 2, 1, 2, 1, 2, 1, 1, 1, 1, 1, 1, 1, 2, 1, 1, 1, 1, 1, 1, 1, 1, 1, 1, 1, 1, 1, 1, 1, 1, 2, 1, 1, 1, 2, 1, 2, 1, 1, 1, 1, 1, 1, 2, 1, 2, 1, 1, 1, 2, 1, 1, 1, 2, 1, 2]",1
967618,"[2, 1, 1, 2, 1, 1, 2, 1, 2, 1, 2, 1, 1]",1
916192,[1],1
806459,"[1, 1, 1, 3, 1, 1, 1, 1, 2, 1, 4, 4, 3, 4, 4, 1, 1, 4, 4, 1, 2, 1, 1, 4, 4, 1, 1, 4, 4, 4, 4, 1, 1, 1, 1, 1, 4, 4, 1, 4, 4, 1, 4, 4, 1, 4, 4, 4, 4, 4, 1, 1, 1, 4, 4, 1, 1, 1, 4, 4, 3, 4, 4, 1, 4, 4, 1, 2, 1, 1, 1, 2, 1]",1
270152,"[1, 1, 1, 1]",1
299756,[1],1
63765,"[1, 1]",1
391976,"[1, 1, 1, 2, 3, 1, 2, 1, 2, 3, 1, 1, 1, 1, 1, 1]",1
475522,"[2, 1]",1
792920,"[1, 1, 1, 1, 1, 1, 1, 2, 2, 1, 2, 1, 2, 1, 1, 1, 1, 1, 1]",1
865801,"[1, 2, 1, 2, 1, 2]",1
555187,"[1, 1, 1, 2, 1, 1, 2, 2, 1, 2, 1, 2, 1, 3, 2, 1, 2, 1, 3, 1, 2, 2, 1, 3, 2, 1, 2, 1, 3, 1, 2, 3, 2, 1, 2, 1, 2, 1, 1, 2, 1, 2, 1, 1, 1, 1, 1, 1, 1, 4, 1, 4, 1, 4, 1, 4, 1, 1, 1, 1, 1, 2, 1, 3, 2, 1, 3, 2, 1, 1, 2, 1, 2, 3, 1, 1, 4, 1, 1]",0
73385,"[1, 1, 2]",1
461231,"[1, 1, 1]",1
907523,"[1, 2, 1, 2]",1
928479,[1],1
723396,"[2, 1, 2, 1, 2, 1, 2, 1]",1
176088,[1],1
245044,[1],1
144282,"[1, 2]",1
561816,"[1, 1, 2, 1, 1, 2, 1]",1
516803,"[1, 2, 1, 2]",1
919137,"[2, 1]",1
485676,"[1, 2]",1
510972,[1],1
552563,[1],1
511883,"[1, 2, 2, 1, 1, 1, 2, 1, 1]",1
799589,"[1, 2]",1
575303,"[1, 2]",1
120725,"[1, 1, 1, 1, 1, 1, 1]",1
650370,"[1, 2, 1, 1, 2, 2, 1, 2, 1]",1
741967,"[1, 1, 2, 1, 2, 1, 2, 1, 2, 1, 1, 2, 1, 2, 2, 1, 1, 2]",1
161571,"[1, 1, 1, 1, 1, 2, 1, 2, 2, 1, 2, 1, 1, 1, 1, 2, 1, 2]",1
873440,"[2, 1]",1
314193,"[1, 2]",1
650223,[1],1
142950,"[1, 1, 1]",1
786054,"[2, 1]",1
530124,"[2, 1]",1
1030027,"[1, 2]",1
833563,[1],1
58398,"[1, 1, 1, 1, 1, 1, 1, 1]",1
902585,"[1, 1, 1, 1, 1, 1, 2, 1, 1, 2]",1
245588,"[2, 1]",1
546166,"[1, 1, 1, 2, 1, 1, 1, 1, 2, 1, 2, 1, 1, 2, 1, 1, 1, 1, 1, 4, 1, 1, 1, 2, 1]",1
981279,[1],1
722834,[1],1
206816,"[1, 1, 1, 2, 1, 2, 1, 1, 2, 2, 1, 1, 2, 2, 1, 2, 1, 1, 2, 2, 1, 2, 1, 2, 1, 1, 2, 1, 2, 1, 2, 1, 1, 2, 2, 1, 1, 2, 1, 2]",1
23828,"[1, 1, 1, 2, 1, 1]",1
457280,"[2, 1, 1, 2, 1, 2, 1, 2, 3, 1, 1, 1, 1]",1
718117,"[1, 2]",1
708446,"[2, 1]",1
467807,"[1, 1, 1, 1, 1, 1, 1, 2, 2, 1, 3, 1, 1, 2, 2, 1, 2, 1, 1, 1, 1, 1, 2, 1, 1, 1, 1, 1, 1, 1, 1, 1, 1, 2, 1, 1, 1, 1]",1
396760,"[1, 1, 2, 1, 1, 2, 1, 2, 1, 1, 2, 1, 1, 2]",1
814494,[1],1
613647,"[1, 2]",1
786622,"[1, 1, 1, 1, 1, 2, 1, 1, 1, 2, 1, 2, 1, 2, 1, 2, 1, 1, 1, 2]",1
657376,"[2, 1, 1, 2, 1, 2]",1
276692,"[2, 1]",1
306004,"[2, 1, 1, 2, 2, 1]",1
26790,"[1, 2, 1, 2, 1, 2, 1, 2, 1, 2]",1
226684,"[2, 1, 2, 1]",1
59879,"[2, 1]",1
576714,"[1, 1]",1
91522,"[2, 1]",1
712976,"[1, 2]",1
917848,"[1, 1, 1]",1
196502,"[1, 1, 1, 1, 1]",1
327488,"[1, 1, 1, 2, 1, 2, 2, 1, 1, 2, 1, 2, 1]",1
931551,"[1, 2, 1, 2, 2, 1]",1
425619,[1],1
287666,"[2, 1, 1, 1, 1, 2, 1, 1, 2, 1]",1
98702,[1],1
308189,[1],1
150607,"[1, 2, 3, 1, 1, 2, 1, 1, 2, 1, 1, 1, 1]",0
606160,[1],1
475782,"[1, 1, 1, 1, 2, 1, 2, 1, 2, 2, 1, 2, 1, 1, 2, 2, 1, 1, 1]",1
721258,"[1, 2, 2, 1]",1
146124,"[1, 2]",1
175928,[1],1
407969,"[1, 2]",1
140650,[1],1
924016,"[1, 1, 1, 2, 1, 1, 2, 1]",1
923464,"[1, 1, 1, 1]",1
783335,"[2, 1]",1
370729,"[2, 1, 1, 2]",1
189792,"[1, 1]",1
216551,"[2, 1]",1
111663,"[1, 2]",1
949527,"[1, 2, 1, 1, 1, 2, 1, 1]",1
357108,"[2, 1]",1
831052,"[2, 1, 1, 2, 2, 1, 1, 2, 1, 2, 2, 1, 2, 1, 2, 1, 1, 2]",1
718943,"[1, 1]",1
555665,"[1, 1, 1, 1, 1, 3, 1, 1, 1, 1, 1, 1, 2, 1, 1, 1]",1
396150,"[2, 1, 3, 1, 1, 1]",1
820299,"[1, 2, 1, 1, 1, 1]",1
448730,"[2, 1, 1, 2, 1, 2, 2, 1, 1, 2, 1, 2, 2, 1, 1, 2, 2, 1, 1, 2, 1]",1
960646,"[1, 2, 1, 1, 1, 1, 1, 1, 1]",1
627560,"[2, 1]",1
914011,"[2, 1]",1
530205,"[1, 1, 1, 1, 2, 1, 1]",1
804214,"[1, 1, 1, 1, 1, 1, 1, 1, 1, 1]",1
813419,[1],1
717693,"[2, 1, 2, 1, 1, 2, 2, 1, 2, 1, 3, 1, 2, 1, 1, 2, 1, 2, 2, 1]",1
874691,"[2, 1]",1
73750,[1],1
101654,"[1, 2]",1
578020,"[1, 1, 2, 1, 2, 1]",1
917299,[1],1
593075,"[1, 1, 1]",1
694233,"[2, 1]",1
116860,"[1, 1, 2, 1, 1, 1, 2, 1, 1, 1, 1]",1
50021,"[2, 1, 1, 2, 2, 1]",1
350739,"[1, 1, 1, 1, 1, 1, 1, 2, 1, 1, 2, 1, 1, 1, 2]",1
520731,"[1, 2]",1
461206,"[1, 1, 1, 1, 1, 1, 1, 2, 1]",1
930399,"[1, 1, 1, 1, 1]",1
360409,[1],1
934843,"[1, 2]",1
197777,"[2, 1, 1, 2, 1, 2, 2, 1, 2, 1, 2, 1, 2, 1, 1, 2]",1
788830,"[2, 1]",1
739761,"[1, 1, 1, 1, 1]",1
1006762,"[1, 1, 1, 1, 1, 1, 1, 1, 1, 1]",1
210572,"[1, 1, 1, 2, 1, 1, 2, 1, 2, 1, 2, 1, 2, 1, 2, 2, 1, 1, 2, 1, 2, 1, 1, 1, 2]",1
441627,"[1, 2, 2, 1]",1
451474,"[2, 1, 2, 1, 2, 1, 2, 1]",1
831306,[1],1
681172,"[1, 1, 1, 1, 1, 2, 1, 2, 1, 2, 1, 1, 1, 2, 1, 1, 1, 1, 1]",1
933056,"[1, 1]",1
567111,"[1, 2]",1
891802,"[2, 1, 2, 1, 2, 1, 1]",1
277634,"[1, 2, 2, 1, 1, 2]",1
832617,"[1, 2]",1
784148,[1],1
752376,"[1, 2, 1]",1
892795,"[2, 1]",1
71437,[1],1
705629,"[1, 2]",1
1018089,"[1, 2, 3, 1, 1, 1, 1, 1, 1, 1, 1, 1, 1, 1, 1, 1, 1, 1, 2, 1, 1, 2, 2, 1, 1, 2, 2, 1, 1, 2, 2, 1, 2, 1, 2, 1, 1, 2, 2, 1]",1
140260,[1],1
528705,"[1, 1, 1]",1
578237,"[1, 2, 1]",1
558578,"[2, 1]",1
711563,"[1, 1, 1, 2, 1, 3, 1, 1]",0
241237,"[1, 1, 1, 1, 1, 1, 1, 1, 1, 1, 1, 1, 1, 1, 1, 1, 1, 1, 1, 1, 1, 1, 1, 1, 1, 1, 1, 1, 1, 1, 1, 2, 1]",1
410119,"[1, 2, 1, 1]",1
900808,[1],1
691638,"[1, 1, 1, 1, 2, 1]",1
895622,"[2, 1]",1
85676,[1],1
528887,"[1, 2]",1
963384,"[1, 2]",1
639794,"[2, 1, 1, 1, 1, 1, 1, 2, 1]",1
853046,"[2, 1]",1
669812,"[1, 1, 1, 1, 2, 1, 1, 1, 2, 1]",1
776353,"[1, 1, 2, 1, 2, 1, 1, 2, 1, 1]",1
1044512,"[1, 1, 1, 1, 1, 1, 1, 1, 1, 1, 1, 1, 1, 1, 2, 1, 2, 1, 1, 2, 1, 1, 1, 2, 1, 2, 1, 1, 1, 1]",1
254005,"[1, 1, 2, 1, 1, 2, 2, 1, 2, 1, 2, 1, 1, 1, 1, 1, 2, 1, 1, 1, 2, 1, 2, 1, 2, 1, 1]",1
503594,"[1, 2]",1
30144,"[1, 1, 2, 1, 2, 1, 1, 1, 1, 2, 1, 1, 1]",1
932259,"[1, 2, 1, 2, 1, 1, 1, 2, 1, 1, 1, 1, 1, 1, 2, 1, 2, 1]",1
640735,"[1, 2]",1
564026,"[2, 1]",1
314457,"[1, 1]",1
22785,"[1, 1, 1, 3, 1]",1
302190,"[1, 2, 3, 1, 1, 1, 2, 1, 1, 1, 1, 2]",1
640554,[1],1
734582,"[1, 1, 1, 1, 2, 1]",1
55097,"[1, 2, 1, 1, 1, 2, 1]",1
682172,"[1, 1, 1, 1, 2, 1]",1
213679,"[1, 1, 1, 1, 1]",1
59882,"[2, 1, 1, 2]",1
739693,"[1, 1]",1
286119,[1],1
269447,[1],1
431207,"[2, 1, 1, 2]",1
883029,"[1, 1, 1, 2, 1, 2]",1
131448,"[1, 1, 1, 1, 1, 1, 1, 3, 1, 1, 1, 2, 1, 1, 1, 1, 1, 1, 3, 1, 1, 1, 1, 1, 1, 1]",0
169759,"[2, 1]",1
830009,"[1, 1, 1, 1, 1, 1, 1, 2, 1]",1
615184,"[1, 1, 1, 1]",1
583151,"[1, 1, 1, 1, 1]",1
735468,"[1, 1, 1, 2, 1, 1, 1, 1, 1]",1
38721,"[1, 2]",1
375621,"[1, 1, 1, 1, 2, 2, 1, 1, 2, 1, 2, 1, 1, 2, 1, 1, 1, 1, 1, 2, 1, 1, 1, 2, 2, 1]",1
120247,"[2, 1]",1
147545,"[1, 1, 1, 1, 1, 2, 1, 2, 1, 1]",1
333864,"[2, 1, 1, 2, 1, 2, 2, 1]",1
545616,"[2, 1]",1
935549,"[1, 1, 1, 1]",1
381634,"[1, 2, 1, 2, 1, 1, 1, 1, 1, 1, 2, 1, 1, 1]",1
964821,"[1, 2]",1
1026189,"[1, 1, 1, 2, 1, 2, 1, 2, 1, 2, 1, 1, 2, 1, 2, 1, 1, 2, 1, 2, 1, 2, 2, 1, 2, 1]",1
341938,"[2, 1]",1
358013,[1],1
54867,"[1, 2]",1
90106,"[2, 1, 1, 1, 1, 1, 1]",1
561315,"[1, 2, 1, 1, 2, 1, 2, 1, 2, 1, 1, 1, 2, 1, 2, 1, 1, 2, 2, 1]",1
477666,"[1, 1, 1, 2, 1, 1]",1
960253,"[1, 2, 1, 1, 1, 1, 2, 1, 1, 1, 1, 2, 1, 1, 2, 1, 1, 1, 1, 1, 1]",1
120152,"[1, 1]",1
1024035,[1],1
4947,"[1, 1]",1
200179,"[1, 1, 1, 1, 2, 1, 2, 1]",1
556311,"[2, 1, 1, 2, 1, 2]",1
478490,"[1, 1, 1, 2]",1
765947,"[1, 2, 1]",1
731570,"[1, 1]",1
267317,[1],1
945577,"[2, 1, 1, 2, 1, 1, 1]",1
214781,"[1, 2, 1, 2, 1, 2, 2, 1]",1
470023,[1],1
724961,[1],1
564492,"[1, 1]",1
237123,"[1, 2, 1]",1
215762,"[1, 2]",1
310480,"[1, 1, 1, 1, 1]",1
589282,"[2, 1, 1, 1, 2, 1, 1, 2, 1, 1, 1, 1, 1]",1
559256,[1],1
1038811,"[2, 1]",1
385326,"[1, 2, 1, 2, 1, 2, 2, 1]",1
147716,[1],1
680300,"[1, 1, 1, 1, 1, 1, 1, 1, 1, 2, 1]",1
634334,"[1, 2, 1, 1, 2, 1, 1, 1, 2]",1
703239,"[1, 1, 2, 1, 1]",1
15250,[1],1
813270,"[2, 1, 1, 1, 1, 1, 1, 2, 1, 1, 1, 1, 1, 1, 1, 1, 1, 1, 1, 2, 3, 1, 1, 2, 1, 1, 1]",1
548644,"[1, 1, 1, 1, 1]",1
15890,"[1, 1, 1]",1
435134,"[1, 2]",1
900868,[1],1
1038150,[1],1
723717,"[1, 2, 1, 1, 2, 1]",1
541801,"[2, 1]",1
643571,[1],1
630551,[1],1
547281,[1],1
908764,[1],1
346971,"[1, 1, 1, 1, 1, 1, 1, 1, 1]",1
347892,[1],1
797394,"[2, 1]",1
747838,"[1, 2, 1, 1, 2]",1
45638,"[1, 2, 2, 1]",1
179492,"[1, 1, 1, 1, 1, 1, 1, 1, 1, 1, 1, 1, 1, 1, 1, 2, 1, 1, 2, 2, 1, 1, 2, 1, 2, 1, 2, 1]",1
466884,"[1, 2, 2, 1]",1
864169,"[1, 1]",1
94695,"[1, 1, 1, 1, 1, 1, 1, 1, 2, 2, 1, 1, 1]",1
83350,[1],1
1012913,"[1, 1, 1, 2, 1, 1]",1
927271,"[2, 1]",1
810748,"[1, 1, 2, 1, 1]",1
940919,[1],1
547121,"[1, 2, 1, 2, 1, 2, 1, 2, 1, 1, 2, 1, 2, 1, 2, 1, 2, 2, 1, 1, 2, 1, 2, 1, 2]",1
207559,"[1, 1, 1, 1, 1, 1, 1, 1, 1, 1, 1, 1, 1, 1, 1, 1, 1, 1, 1, 1, 1, 3, 1, 1, 1, 1, 1, 1, 1, 1, 1, 1]",1
757146,"[1, 1, 2, 1, 1, 2, 1, 1, 1]",1
788764,"[1, 1, 1, 1, 1, 1, 1]",1
422351,[1],1
423400,"[1, 2, 1]",1
567847,[1],1
978674,"[2, 1, 2, 1, 1, 1, 1, 2, 1, 1, 2, 1, 2, 1, 2, 1, 2, 1, 2]",1
455402,"[1, 2, 1, 2, 1, 1, 1, 1, 1, 2, 1, 1, 2, 2, 1, 1, 2]",1
544502,[1],1
580243,"[1, 1, 2, 1]",1
1048143,"[1, 1, 1, 2, 1, 2, 1, 1, 1, 1, 1, 1, 1, 1, 1, 1, 1]",1
148030,"[1, 1, 2, 1, 1]",1
53815,"[1, 2, 2, 1]",1
660914,"[1, 2, 3, 1, 1, 1, 1, 1, 1, 1, 1, 1, 1, 1, 1]",1
821052,[1],1
452915,"[1, 1, 1, 1]",1
150138,"[1, 1, 1, 1, 1, 1]",1
143497,"[1, 1, 2, 1]",1
686553,"[1, 1, 1, 2, 1, 1, 2, 2, 1, 1]",1
286885,[1],1
238064,[1],1
1046634,"[1, 1, 1, 2, 1, 1, 2, 1, 1, 2, 1, 1, 1, 2, 1, 2, 1, 1, 1, 2, 1, 1, 2, 1, 1]",1
340139,"[1, 2]",1
441996,"[2, 1, 1]",1
876620,"[1, 1, 1, 1, 1, 1, 1]",1
125940,"[2, 1]",1
1022228,"[1, 2, 1, 1]",1
882257,"[1, 2, 1, 2, 1, 2, 1, 1, 1, 1, 2, 1, 1, 1, 1, 1, 2, 1]",1
202168,"[2, 1, 2, 1, 2, 1]",1
740275,[1],1
766417,"[1, 2]",1
986720,"[1, 1, 1]",1
509446,"[1, 1, 1]",1
302645,[1],1
784701,"[1, 2, 2, 1]",1
279585,"[1, 1, 1, 2, 1, 1, 2, 1, 1, 2, 1, 1, 2, 1, 1]",1
166804,[1],1
336428,"[1, 2]",1
700125,[1],1
806076,[1],1
546407,"[1, 1, 1, 2, 1, 1, 1, 2, 1, 2, 1, 1, 2, 1, 1, 1, 1]",1
146820,"[1, 1, 2, 1, 2, 1, 1, 2, 1]",1
752667,"[1, 1, 1, 2, 1, 1, 1, 2, 1, 2, 1, 1, 1, 2, 1, 2, 1, 1, 1, 2, 1, 2, 1, 2, 1, 1, 1, 2, 1, 2, 1, 1, 2, 1, 2, 1, 1, 2, 1, 1, 2, 1, 1]",1
429459,"[1, 1, 2, 2, 1]",1
503257,[1],1
670533,"[1, 2, 1, 1, 2, 1, 2, 1, 2, 1, 2, 1, 2, 1, 2, 2, 1, 1, 2, 2, 1, 1, 2, 1, 2, 1, 2, 1, 2, 1, 3, 1, 2, 1, 1, 1, 2, 2, 1, 3, 1]",0
279209,"[1, 1, 2, 1, 1, 1, 2, 1, 1, 2, 1, 1, 1, 1, 1, 1, 1, 1, 1, 1]",1
100107,"[1, 1, 1, 2, 1, 2, 2, 1, 2, 1, 1, 2, 2, 1, 1, 2, 1, 2, 1, 2, 1, 1, 2, 1, 2, 2, 1, 2, 1, 1, 2, 1, 2, 1, 1, 2, 1, 1, 1, 1, 1, 2, 2, 1, 1, 2, 1, 1, 1, 1, 2, 2, 1, 1, 2, 1, 1, 1, 1, 1, 1, 1]",1
882610,[1],1
256490,"[1, 1, 1, 1, 1]",1
91303,"[1, 1, 2, 2, 1, 2, 1, 2, 1, 2, 1, 2, 1, 1, 2]",1
610334,[1],1
789344,"[1, 2]",1
415193,"[2, 1]",1
989141,"[1, 2, 1, 1, 2, 1, 1, 2, 1, 1, 1, 1, 2, 1, 1, 2, 1]",1
336396,"[1, 1, 2, 1, 2, 1, 1, 2, 1, 2, 1, 1, 1, 2, 1, 2, 1, 1, 1, 2, 1, 2, 1, 1, 2, 1, 1, 2, 1, 1, 2, 1]",1
377849,[1],1
442222,"[1, 1, 1, 2]",1
604046,"[1, 1, 1, 1, 1, 1, 1, 1, 1, 1, 1, 1, 1, 1, 1, 1, 1, 2, 1, 2, 1, 2, 1, 2, 3, 1, 2, 2, 1, 2, 1, 1, 2, 1, 1, 1, 1, 2, 2, 1, 2, 1, 2, 1, 1, 2, 1, 1, 1]",1
638130,"[2, 1, 2, 1, 1, 2, 2, 1, 2, 1, 2, 1]",1
531354,"[1, 1]",1
610245,"[1, 1, 1, 1, 1, 1]",1
724935,"[2, 1, 1, 2, 2, 1, 2, 1, 1, 2]",1
908690,"[1, 2]",1
614800,"[1, 1, 1, 1, 1]",1
300728,[1],1
156444,"[1, 1, 1]",1
93930,"[1, 2, 1]",1
928657,"[1, 2, 2, 1, 1, 2, 2, 1, 1, 2, 1, 1, 1, 1, 2, 1, 1, 2, 1, 2, 2, 1, 1, 1, 2, 1, 2, 1, 2, 1, 2, 1, 1, 2, 2, 1, 1, 2, 1, 2, 1, 1, 1, 1, 1, 1, 1, 3, 1, 1, 2, 1, 1, 2, 1, 1, 1, 4, 4, 4, 4, 1, 1, 1, 1, 4, 1, 1, 1]",0
842965,"[1, 1, 1, 1, 2, 1, 1, 2, 2, 1, 2, 1, 1, 2, 1, 2]",1
932110,"[1, 2]",1
979348,"[2, 1, 2, 1]",1
49321,"[1, 1, 1, 1, 1, 1, 1]",1
306555,"[1, 2, 1, 1, 1, 1, 1, 2, 1]",1
695786,[1],1
565510,[1],1
960150,"[1, 1]",1
448771,"[1, 2]",1
1007194,"[2, 1]",1
434745,"[1, 1]",1
150484,"[1, 2, 1, 2]",1
526479,"[1, 2, 2, 1]",1
907342,"[1, 1]",1
448940,"[2, 1, 1, 2, 1, 2, 1]",1
840026,"[2, 1]",1
933810,"[1, 2]",1
520582,"[1, 2, 1]",1
1019289,"[1, 2]",1
292429,"[2, 1, 1, 1]",1
329511,"[2, 1]",1
54691,"[2, 1, 1]",1
13680,"[1, 1, 1, 1, 1, 1, 1, 1, 1, 1, 1, 1, 1, 1, 1, 1, 1, 1, 1, 2, 1, 2, 1, 1, 1, 1, 1, 1, 1, 1, 1, 1, 1, 1, 1, 1, 1, 1, 1, 2, 1, 1, 1, 1, 1, 1]",1
851993,"[2, 1]",1
367846,"[2, 1]",1
322746,"[1, 1, 1, 1, 1, 1, 3, 1, 1, 1, 1, 3, 1, 1, 1, 1]",1
807472,[1],1
673641,[1],1
352309,"[1, 1, 1, 2, 1, 1, 1, 1, 1, 1]",1
158599,"[1, 1, 1, 1, 1, 1, 1]",1
960439,"[2, 1]",1
229756,"[1, 2]",1
867399,"[1, 2]",1
308827,"[1, 2, 1, 2]",1
855016,"[1, 2]",1
385383,"[1, 1, 1, 1, 1, 1, 1, 1, 1, 2, 1, 2, 1, 1, 2, 1, 2, 2, 1, 1, 2, 2, 1]",1
450638,"[2, 1, 1, 2, 1, 2]",1
250305,"[2, 1]",1
983164,"[2, 1, 1, 1, 1, 1, 1, 1, 1, 2, 2, 1]",1
478085,[1],1
942343,"[1, 1]",1
860915,"[1, 1, 1]",1
417784,"[1, 2, 2, 1, 1, 2, 2, 1, 2, 1, 1, 2]",1
741721,"[1, 1, 1, 1, 1, 1, 1, 1, 1, 1, 1, 1, 1, 2, 1]",1
455941,"[1, 1, 2, 1, 1]",1
628353,[1],1
487983,"[1, 2, 2, 1, 1, 2, 2, 1, 2, 1, 2, 1, 2, 1, 2, 1, 2, 1, 2, 1, 2, 1, 2, 1, 2, 1, 2, 1, 1, 2, 1, 2, 1, 2, 2, 1, 2, 1, 2, 1, 1, 2]",1
478133,"[1, 2]",1
138073,[1],1
226903,"[1, 2, 2, 1, 1, 2, 1, 2, 1, 2]",1
625725,"[1, 2]",1
53066,[1],1
286632,"[1, 2]",1
590068,[1],1
211953,"[1, 2, 1, 2, 2, 1, 1, 2]",1
452028,"[1, 2]",1
413936,"[1, 2, 1, 2, 1, 1]",1
976777,"[1, 2]",1
160642,"[1, 1, 1, 1]",1
816906,"[1, 2]",1
63918,"[1, 2]",1
192722,"[1, 2]",1
163791,"[1, 1, 1, 1, 1, 1, 1, 1]",1
460655,"[1, 1]",1
670330,"[1, 1, 1, 1, 1, 1, 1, 1, 1, 2, 1, 1, 1, 1, 1, 1, 1, 1, 2, 1, 1, 2, 1, 2, 1, 2]",1
940229,"[2, 1, 2, 1, 2, 1, 2, 1, 1, 2]",1
313744,"[1, 1]",1
4311,[1],1
314542,"[1, 1, 1, 1, 2, 1, 1, 2, 1, 1, 1, 1, 1, 1, 1, 2, 1, 1, 1]",1
121488,"[2, 1]",1
1029714,"[1, 1, 1, 2, 1]",1
787055,"[1, 2]",1
41561,"[1, 1, 2, 1]",1
747379,"[2, 1, 3, 1, 2]",1
433453,"[1, 1, 2, 1, 2, 1, 2, 1, 1, 2]",1
350761,"[1, 2]",1
209788,"[1, 1, 2, 1]",1
349442,"[2, 1]",1
172514,[1],1
613800,"[1, 1, 1, 1, 2, 1, 1]",1
723190,[1],1
880242,[1],1
98531,[1],1
530286,"[1, 2, 1, 2]",1
1043732,"[1, 1, 1, 1, 1, 1, 1]",1
508564,[1],1
327521,"[1, 2, 1]",1
380802,"[1, 2, 1, 2]",1
632791,[1],1
502606,"[1, 1, 1, 1, 1, 1, 1, 1, 1, 1, 2, 1, 1]",1
4396,"[2, 1]",1
449428,"[1, 1, 1, 1, 2, 1, 1, 2, 1, 1, 2, 1, 1, 2, 1]",1
882920,"[1, 1, 1, 2, 1]",1
497043,"[1, 1, 1, 2, 1, 1, 1, 2, 1]",1
783840,"[1, 1, 1, 1, 1, 1, 1, 1]",1
631307,"[1, 2]",1
688140,"[2, 1]",1
314643,"[1, 2]",1
732268,"[1, 2]",1
315598,"[1, 1, 2, 1, 1, 2, 1, 1, 2, 1, 1, 1, 1]",1
147106,"[1, 1, 2, 1, 1, 2, 1, 1, 1, 2, 1, 1, 2, 1, 1, 1, 2, 1, 1, 1, 1, 2, 1, 2, 1, 1, 2, 1, 1, 1, 1, 2, 1, 2, 1, 2, 1]",1
6045,"[1, 1, 1, 2, 1, 1, 2, 2, 1, 1, 2, 2, 1, 1, 1, 1, 1, 1, 1, 1, 1, 1, 2]",1
893810,"[1, 2]",1
41959,[1],1
565217,"[2, 1, 1]",1
852969,[1],1
23824,"[1, 1]",1
1016839,"[2, 1, 1, 2, 2, 1, 1, 2]",1
294864,"[2, 1]",1
362373,"[2, 1]",1
934352,[1],1
237978,"[1, 2, 1, 1]",1
726649,"[2, 1, 1, 1, 1, 1]",1
1017191,"[2, 1, 1, 2, 3, 1, 1, 1, 1, 2, 1, 2, 1, 1]",1
112445,"[1, 1, 1, 1, 1, 1, 1, 1, 2, 1, 1, 1, 1, 1, 2, 1, 1]",1
356698,"[1, 2, 1, 2, 1, 1, 2, 1, 1, 1, 1, 2, 2, 1, 1, 2, 1, 1, 2]",1
105974,"[2, 1]",1
579989,"[1, 1, 1, 2, 1, 1, 2, 1, 2, 1, 2]",1
693899,[1],1
923660,[1],1
580040,"[2, 1, 2, 1, 2, 1, 1, 2, 1, 2, 1, 2, 2, 1, 1, 2, 2, 1, 1]",1
365090,[1],1
508589,"[1, 2, 2, 1]",1
1020774,"[1, 1, 1]",1
148885,"[1, 1, 1, 1]",1
20646,"[1, 2]",1
892371,[1],1
127648,"[1, 2]",1
992792,[1],1
219276,"[1, 1, 1, 1, 2, 2, 1, 1, 2, 1, 1, 2, 1, 2, 1, 2, 1, 1, 1, 2, 3, 1, 1, 1, 2, 2, 1, 1, 2, 2, 1, 1, 2, 1, 1, 1]",1
772479,[1],1
489813,[1],1
748268,"[2, 1, 2, 1, 1, 2, 1, 1, 1, 2, 1, 2, 1, 2, 1, 2, 1, 2]",1
1014767,"[1, 1]",1
14070,"[2, 1, 1, 1, 1, 1, 1, 2, 1, 1, 2, 2, 1]",1
385915,"[2, 1]",1
501526,"[1, 1, 1, 1, 1, 1, 1, 1, 1, 1, 1, 1, 2]",1
160859,"[1, 2]",1
986768,"[1, 1, 1, 1, 1, 1, 1, 1, 1, 1, 1, 1, 1, 1]",1
663919,"[2, 1, 2, 1]",1
915119,[1],1
713561,"[1, 2, 1]",1
59176,"[1, 1, 2, 1, 1, 2, 1]",1
663993,"[1, 2, 1, 2, 2, 1]",1
675810,[1],1
523782,"[1, 1, 1, 2, 1, 1, 1, 1, 1]",1
371928,"[2, 1]",1
1000240,"[1, 1, 2, 2, 1, 1, 2, 1, 1]",1
882687,"[1, 2]",1
403366,[1],1
72280,"[2, 1, 1, 2]",1
386785,"[1, 1, 1, 1]",1
777537,"[1, 1, 1, 1, 1, 1, 1, 1, 1, 1, 1, 1, 1, 1, 1, 1, 1, 1]",1
246230,"[1, 2]",1
811925,[1],1
922014,"[1, 2, 1, 2, 2, 1]",1
115927,"[2, 1]",1
15217,"[1, 2, 1, 2, 2, 1]",1
828644,"[1, 1, 2, 1, 2, 1, 1, 2, 2, 1, 2, 1, 2, 1]",1
746212,"[1, 1, 1, 1, 1, 2, 1, 1, 1, 2]",1
408346,[1],1
155693,"[2, 1, 1, 1]",1
254824,"[1, 1, 1, 1, 2, 2, 1, 1, 2, 2, 1, 1, 1, 1, 1]",1
277650,"[1, 2]",1
466436,"[2, 1, 2, 1, 2, 1, 1, 2, 1, 2, 2, 1, 1, 2]",1
518169,[1],1
470482,"[1, 1]",1
858687,"[1, 1, 1, 2, 2, 1, 2, 1, 2, 1, 1, 2, 1, 2, 1, 2, 1, 2, 2, 1, 1, 2, 1, 1, 2, 2, 1, 1, 2, 1, 1, 1, 2, 1, 1, 1, 2, 1, 1, 1, 2, 1, 2, 1, 1, 1, 1, 1, 1, 1, 1, 1, 2, 1, 2, 1, 1, 2, 1, 1, 2, 1, 1, 1, 1, 1, 1, 1, 2, 1, 1, 1, 1, 1]",1
328676,"[1, 2, 1, 2, 1, 2]",1
248385,"[2, 1, 2, 1]",1
513235,[1],1
678408,"[2, 1, 2, 1]",1
681651,"[1, 2]",1
640606,"[2, 1, 1, 2, 1, 2, 2, 1]",1
184387,"[1, 1, 1, 1, 2, 1, 1, 2]",1
291589,[1],1
1039500,"[1, 1]",1
26328,[1],1
482059,"[1, 2]",1
627142,"[1, 2, 2, 1]",1
145829,"[2, 1]",1
526815,"[2, 1, 2, 1, 1, 2]",1
146246,"[1, 1, 1, 1, 1, 1, 2, 1, 2]",1
656044,"[1, 2, 2, 1, 1, 2, 1, 2, 1]",1
968285,"[1, 2]",1
956436,"[1, 2, 3, 1, 1, 1, 1, 2]",1
318757,"[2, 1]",1
936843,[1],1
801637,[1],1
181030,"[1, 1]",1
1036221,"[1, 2, 1, 2]",1
420158,"[1, 2]",1
628438,"[1, 2, 1, 2, 1, 1, 1, 2, 1, 1, 2]",1
948940,"[2, 1]",1
634143,"[1, 1]",1
559845,"[1, 1, 1, 1, 1, 2, 2, 1, 2, 1, 1, 2, 3, 1, 1, 1, 1, 1, 1, 1, 1]",1
756120,"[1, 1, 1, 2, 2, 1, 2, 1, 2, 1]",1
875918,"[1, 1, 1]",1
201352,"[1, 1, 1, 1, 1, 1, 1, 1, 1]",1
518959,[1],1
879371,"[2, 1]",1
197963,"[1, 2, 1, 2, 2, 1, 2, 1, 2, 1, 1, 2]",1
440905,"[2, 1, 1, 2, 1]",1
904046,"[2, 1, 1, 2, 1]",1
540479,"[2, 1, 2, 1]",1
144799,"[1, 1, 2, 1, 1, 2, 3, 1, 1, 2, 1, 1, 1, 1, 2, 1, 1, 2, 1]",1
683543,"[1, 2]",1
1025355,"[1, 1, 1, 1, 1]",1
426233,[1],1
569738,"[1, 1, 2]",1
922892,"[1, 2, 1, 1, 1, 1, 1]",1
796284,"[1, 2]",1
782498,"[1, 1, 1]",1
453881,"[1, 2, 1, 2, 2, 1]",1
628075,"[1, 2]",1
318637,"[1, 1]",1
552147,[1],1
334670,"[2, 1]",1
145414,"[1, 1, 1]",1
313472,"[1, 2]",1
610688,"[2, 1]",1
710499,"[1, 1, 1, 1]",1
824793,[1],1
177427,"[1, 1, 1, 2, 1, 1, 1]",1
513702,"[2, 1, 2, 1, 2, 1, 1, 2, 2, 1]",1
579651,"[2, 1, 1, 1, 1, 1, 1, 1, 1, 1, 1, 2]",1
404849,"[1, 1, 1, 1]",1
267124,"[2, 1, 1, 2, 1, 1, 2]",1
596050,"[1, 1, 1, 1, 1, 1, 1, 2, 1, 1, 1, 2, 2, 1]",1
387763,"[1, 1, 1, 1]",1
308204,"[2, 1]",1
868289,"[2, 1, 1, 2, 1]",1
454810,"[1, 2]",1
90374,"[1, 2]",1
532409,"[1, 1, 1, 1, 1, 1, 1, 1, 2, 1, 1, 1, 2]",1
995723,"[1, 2, 1, 1, 1, 1, 1, 1, 1, 1, 1, 1]",1
936169,"[2, 1]",1
540991,"[1, 2, 1, 2]",1
928649,"[2, 1, 2, 1, 1, 1, 1, 1, 2, 1, 1, 2, 2, 1, 1, 2, 2, 1, 1, 1, 2, 2, 1, 1, 2, 1, 1, 1, 1, 2, 1, 2, 2, 1, 2, 1, 1, 2, 1, 2, 1, 2, 1]",1
961310,"[1, 1, 1, 1, 2, 1, 1, 1]",1
207716,"[2, 1]",1
142533,"[1, 1, 1, 1, 1, 1, 1, 1]",1
627550,"[1, 1, 1, 2, 1, 2, 1, 1, 1, 2, 1, 1, 1, 2, 1, 1, 2, 1]",1
263847,"[1, 2]",1
23222,"[1, 1, 2, 1, 1, 1, 1, 2, 1, 1, 2, 2, 1, 2, 1, 1, 2, 1, 1, 1, 1]",1
435926,"[1, 2]",1
627926,"[1, 1, 2]",1
204132,"[1, 1, 1, 1, 1, 1, 1, 1, 1, 1, 1, 1, 1]",1
798288,"[1, 1, 1, 2]",1
106329,"[2, 1]",1
25435,"[1, 1, 2, 1]",1
1039294,"[1, 2]",1
507891,"[2, 1]",1
928305,"[2, 1]",1
586453,[1],1
739577,"[1, 2]",1
801778,[1],1
501296,"[2, 1, 3, 1]",1
123366,[1],1
416907,"[1, 1, 1, 1, 1, 1, 1, 1, 1]",1
505804,[1],1
89440,[1],1
417940,"[1, 1, 1, 1]",1
478752,"[2, 1]",1
199861,"[1, 1, 1, 1, 1, 1]",1
690180,"[1, 2, 1]",1
372958,"[1, 1, 1, 1, 1, 1, 1]",1
691212,[1],1
904600,"[1, 1]",1
488589,"[1, 1, 1, 2, 2, 1, 1, 1, 2, 1, 2, 1, 2, 1, 1, 2, 1, 2, 1, 1, 1, 1, 1, 1, 1, 1, 2, 1, 1, 1, 1, 1, 1, 2, 1, 1, 2, 1, 2, 1, 2, 1, 2, 1, 1, 2, 2, 1]",1
433705,"[1, 2]",1
436465,"[2, 1]",1
787084,"[1, 1, 1, 2, 1, 1]",1
1045806,"[1, 2, 2, 1]",1
851542,"[2, 1]",1
345342,"[1, 1, 1, 1, 2, 2, 1, 2, 1, 1, 1, 1, 1]",1
272000,"[1, 2, 1, 1, 2, 1, 1, 1, 1, 1, 1]",1
1036827,"[1, 1]",1
266577,"[1, 2, 2, 1]",1
606550,"[1, 1, 2, 1, 1, 1, 1, 1, 1, 1, 1, 1, 2, 1, 2, 1, 2, 1, 1, 1, 1, 1, 2, 1, 1, 2, 1, 2, 1, 2, 1, 1, 2, 2, 1, 2, 1, 1, 2, 2, 1, 1, 2, 1, 1, 2, 1, 2, 2, 1, 2, 1, 1, 1, 2, 1, 1, 2, 2, 1, 1, 2, 1, 1, 1, 1, 2, 1, 2, 1, 1, 2, 2, 1, 1]",1
81928,[1],1
173507,"[1, 1, 1]",1
540620,"[1, 1, 1, 1, 1, 2, 1, 1, 1]",1
352696,"[1, 1, 1, 1, 1, 2, 1, 1]",1
199968,"[2, 1, 1, 2, 2, 1]",1
383335,"[1, 2]",1
490720,"[1, 2]",1
1030190,"[2, 1, 1]",1
748807,"[1, 2, 2, 1, 1, 2, 1, 2, 2, 1]",1
541593,"[1, 1, 2, 1, 1, 1, 1, 2, 1]",1
1031690,"[1, 1, 1]",1
297465,[1],1
513053,"[1, 2]",1
305792,"[1, 1, 2, 1, 1, 2, 2, 1, 1, 2, 1, 2, 2, 1, 2, 1, 2, 1, 1, 1, 1, 2, 1, 1, 2, 1, 1, 2, 2, 1, 2, 1, 2, 1, 1, 2, 1, 1, 1, 1, 2, 2, 1, 1, 2, 1, 2, 2, 1]",1
423857,"[1, 1, 1, 2, 1, 2, 1, 1, 2, 1, 1, 1, 1, 1, 2, 1, 1, 1, 2, 1, 2, 1, 1]",1
189672,"[1, 2]",1
271547,"[1, 1, 1, 1, 1, 1, 2, 1, 1, 2, 1, 1, 1, 1, 1, 1, 1, 1, 1, 1, 1, 1, 1, 2, 1, 1, 2, 1, 1, 1, 1, 1, 1, 1, 1, 1, 1, 1, 1, 1, 2, 1, 1, 1, 1, 1, 1, 2, 1, 1, 1, 1, 1, 1, 1, 1, 1, 1, 1, 1, 2, 1, 1, 1, 2]",1
889477,[1],1
464553,"[2, 1, 2, 1]",1
517407,[1],1
728241,[1],1
162589,"[1, 2, 2, 1, 2, 1]",1
887068,"[1, 1, 1, 2, 1, 1]",1
137029,"[1, 1, 1, 1, 2, 2, 1, 2, 1, 2, 1, 1, 2, 1, 1, 2, 1, 1, 1, 2, 1, 1, 2, 1, 1, 2, 1, 1, 2, 1, 1, 1, 1, 2, 1, 3, 4, 1, 4, 1, 4, 4, 4, 4, 1]",0
551248,[1],1
32155,"[1, 1, 1, 1, 1, 1, 2]",1
572903,"[2, 1]",1
829829,"[2, 1]",1
984895,"[1, 1]",1
8018,"[1, 1, 1, 2, 1, 1, 1, 1, 1, 1, 1, 1, 2, 1, 1, 2, 1, 2, 1, 1, 1, 2, 1, 1, 1, 1, 1, 1, 2, 1, 1, 1, 1, 1, 1]",1
442698,"[2, 1]",1
519868,[1],1
838634,"[1, 1, 2, 1, 2, 1, 2, 1, 1, 2, 1, 1, 2, 1, 2, 1, 1, 2, 1, 1, 2, 1, 1, 1, 1]",1
871707,[1],1
304126,"[2, 1]",1
537624,"[2, 1, 1, 3, 2, 1, 1, 2, 1, 1, 1, 2, 1, 2, 1, 1, 2, 1]",1
99161,"[2, 1]",1
1044711,"[2, 1]",1
250174,"[1, 1, 1, 2]",1
319692,"[1, 1]",1
108221,"[1, 1, 1, 1, 1, 1, 1]",1
276709,"[1, 1, 2, 1, 1, 2, 1, 1, 1, 2, 1, 2, 1, 3, 2, 1, 1, 2, 1, 1, 1, 2, 1, 1, 1, 1, 2, 1]",1
213961,[1],1
353967,"[2, 1]",1
168713,"[1, 1, 2, 1, 1, 2, 1, 1]",1
698743,[1],1
28491,"[2, 1]",1
871767,[1],1
150835,"[1, 2]",1
727938,"[2, 1]",1
857198,"[1, 1, 1, 2, 1, 1, 2, 1, 2, 2, 1, 1, 1, 1, 2]",1
668082,"[2, 1]",1
704486,"[1, 1, 1, 1, 1, 1, 1, 1, 1, 1, 1, 1, 1, 1, 1]",1
252723,"[1, 2]",1
42317,"[2, 1]",1
400891,"[2, 1, 1, 1, 2, 1, 1, 1, 1]",1
547506,"[1, 2, 3, 1, 2, 1]",1
256722,"[2, 1, 2, 1, 1, 2]",1
837396,[1],1
150421,"[1, 2, 1, 1, 1, 1]",1
737856,[1],1
606195,[1],1
12558,"[1, 2]",1
645141,"[1, 1, 1, 1, 2]",1
801512,[1],1
447927,"[2, 1, 2, 1]",1
486299,"[1, 1, 1, 1, 1, 1, 1]",1
549913,[1],1
572974,[1],1
667438,"[1, 1, 1, 2, 1, 1, 1, 1, 2, 1, 1, 1]",1
18219,"[1, 1]",1
803791,"[1, 1, 2, 1, 1, 1, 1, 1, 1, 1, 1, 1]",1
452508,"[1, 2]",1
797518,"[2, 1]",1
43610,"[1, 1, 1]",1
287040,"[1, 1, 1, 1, 2, 1, 2, 1]",1
344242,[1],1
870965,"[1, 2]",1
1011964,"[1, 2]",1
2795,[1],1
710102,"[1, 1, 2, 1]",1
45885,"[2, 1]",1
746467,"[1, 2, 1, 1, 1, 2, 1, 1, 1, 1, 1, 1, 1, 2, 1, 2, 1]",1
526986,"[2, 1]",1
244102,"[1, 2, 2, 1, 1, 1, 2, 1]",1
479074,"[1, 2, 1, 1, 2, 1, 1]",1
519935,"[1, 1]",1
374792,[1],1
524815,"[1, 1, 1, 1, 1, 1, 1, 1]",1
154178,"[1, 1, 1]",1
380899,"[1, 2, 1, 1]",1
1782,[1],1
468824,"[1, 2]",1
188800,"[1, 1, 2, 1, 2, 1, 2, 1, 1, 2, 1, 2]",1
807185,[1],1
109308,[1],1
427962,"[1, 2]",1
398680,"[1, 1, 1]",1
645477,"[1, 2]",1
737498,[1],1
814158,[1],1
335468,[1],1
342814,"[1, 1, 2, 1, 1, 1]",1
124823,"[1, 2, 1, 2, 1, 1, 1, 2, 1, 2, 1, 2, 1, 1, 1, 2]",1
303281,[1],1
804475,"[1, 1, 1, 2, 1, 1, 2, 2, 1, 1, 2, 1, 2, 2, 1]",1
615713,"[1, 1, 1, 2, 1]",1
860673,"[1, 2, 2, 1, 1, 2, 1, 2]",1
725603,"[2, 1]",1
922367,"[1, 2]",1
243021,"[2, 1]",1
299489,[1],1
274355,"[1, 1, 1, 1]",1
710335,"[1, 1, 2, 1, 1, 1, 1, 1, 1, 1, 1, 2, 1, 1, 2, 1, 1, 1, 1, 1, 1, 1, 1, 1]",1
29901,[1],1
705767,"[1, 1, 1]",1
396045,"[1, 1, 2, 1, 1, 1, 1, 1, 1, 2, 1, 2, 1, 2, 2, 1, 1, 1, 1, 2, 1, 2, 1, 2, 1, 2, 2, 1, 2, 1, 1, 1, 1, 1, 1, 1, 2, 1, 1, 1, 1, 1, 1, 2, 1, 1, 1, 1, 2, 1]",1
973224,"[1, 2, 1, 1, 1, 2, 1]",1
462182,"[1, 1, 1, 1, 2, 1, 1, 2, 1, 1, 1]",1
291454,"[1, 2, 1, 1, 1, 2, 1, 2, 1, 1]",1
20329,"[1, 1, 1, 2, 1, 2, 1, 2, 1, 2, 1]",1
479402,[1],1
282721,"[1, 2]",1
4227,"[1, 1, 1, 1, 1, 2, 1, 1, 2, 1, 1, 2, 1, 1, 1, 2, 1, 1, 2, 1, 2, 1, 1, 2, 1, 1, 2, 1, 1, 2, 1, 1, 1, 2, 1, 2, 1, 1, 1, 2, 1, 2, 1, 1, 1, 2, 1, 1, 2, 1, 2, 1, 1, 1, 2, 1, 2, 1, 1, 1, 2, 1, 1, 2, 1, 1, 1, 2, 1, 1, 1, 2, 1]",1
76399,"[1, 1, 1, 2, 1, 1, 2, 1, 1, 1, 1, 1]",1
552795,"[1, 1, 1, 1, 2, 1, 2, 1, 2, 1, 1, 1, 1, 2, 1, 2]",1
796107,"[1, 1, 1, 1, 1, 2, 1, 1, 1, 1, 1, 1]",1
734467,[1],1
579223,"[1, 2]",1
953055,"[2, 1, 1, 1, 1, 1, 1]",1
554973,"[1, 2]",1
67329,"[2, 1]",1
820076,"[1, 2, 2, 1, 1, 2, 2, 1, 2, 1]",1
477388,"[2, 1]",1
146257,"[1, 2]",1
836747,"[1, 1, 2, 1]",1
724763,"[1, 2, 1, 1]",1
150993,"[1, 1, 1, 1]",1
849846,[1],1
77683,[1],1
140131,"[1, 1]",1
816813,"[1, 1, 2, 1, 1, 2, 1, 1, 2, 1, 2, 1, 1, 1, 2, 1, 1, 2, 1, 1, 2, 1, 1, 1, 1, 2, 1, 1, 2, 1, 1, 1, 1, 1, 1, 1, 2, 1, 1, 2]",1
1034587,[1],1
841997,[1],1
689000,"[1, 1, 1, 1, 1]",1
829701,"[1, 1, 1, 1]",1
634131,"[1, 1, 1, 2, 1, 1, 1, 1, 1, 1, 2]",1
385900,[1],1
622045,"[1, 1, 1, 1, 1, 1, 1, 2, 1, 1, 2, 1, 1]",1
634922,"[1, 2, 1, 2, 2, 1, 1, 2]",1
760815,"[1, 1, 2, 1, 1, 1, 2, 1, 1, 1, 1, 1]",1
786485,"[1, 2, 1, 2, 1, 1]",1
524154,"[2, 1, 1, 1, 2]",1
738461,"[2, 1, 1]",1
900979,"[2, 1]",1
825966,"[1, 1, 1, 2, 1, 2, 1, 1, 1, 1, 1, 1, 1, 1, 1, 1, 1]",1
798590,"[1, 1, 1]",1
646515,"[1, 2]",1
679353,"[1, 1, 1, 1, 1, 2, 1]",1
282483,[1],1
827690,[1],1
126985,"[1, 2]",1
12575,[1],1
527338,[1],1
983958,[1],1
23741,"[1, 1, 1, 2, 1]",1
919041,"[2, 1, 1, 2, 1, 2, 1, 2, 2, 1, 1, 2, 2, 1, 1, 2, 1, 2, 1, 2]",1
545695,[1],1
23432,"[1, 1, 1, 2, 1, 1, 1, 2, 1, 2, 2, 1, 2, 1, 2, 1, 2, 1, 1, 1, 2, 1, 1, 1, 2]",1
260433,"[2, 1, 1, 2]",1
430073,"[1, 1]",1
272025,"[1, 1, 1, 1, 1, 1, 1, 1, 1, 2, 2, 1, 1, 2, 1, 2, 2, 1, 1, 2, 1, 2, 2, 1, 2, 1, 2, 1, 1, 2, 2, 1, 2, 1, 1, 2, 2, 1, 2, 1, 2, 1, 1, 2, 1, 1, 2, 1, 2, 2, 1, 1, 2, 3, 1, 2, 1, 2, 2, 1, 1, 1, 2, 1]",1
252442,"[1, 2]",1
591999,"[1, 1, 1, 1, 1, 1, 1, 1, 1, 1, 1, 1, 1, 1, 1, 1, 1, 1, 1]",1
212139,"[1, 1, 1, 1, 2]",1
803624,"[1, 2, 2, 1, 1, 2]",1
397031,"[2, 1]",1
521754,"[2, 1]",1
884575,"[1, 2, 2, 1, 2, 1, 2, 1]",1
798598,"[1, 1, 1, 1, 1, 2, 1, 1, 2, 1, 1, 2, 1, 1, 1, 1]",1
857592,"[1, 1, 1, 1]",1
401037,[1],1
331792,"[1, 2]",1
740294,"[1, 2, 1, 2, 1]",1
262663,"[1, 1, 1, 2, 1, 1, 2, 1, 1, 2, 1, 1, 2, 1, 2, 1, 1, 1, 2, 1, 2, 2, 1]",1
606046,[1],1
792576,"[1, 1, 2, 1, 2]",1
819096,[1],1
781861,"[2, 1]",1
487001,"[1, 2]",1
239974,"[1, 1, 1, 1]",1
803629,"[2, 1, 1]",1
770257,"[2, 1, 3, 1, 1]",0
949824,"[1, 2, 1]",1
1043961,"[1, 2]",1
722083,"[1, 1]",1
1012048,"[1, 2, 1, 2, 1, 1, 1, 2, 1]",1
192500,"[1, 2]",1
488648,"[1, 1, 1, 1, 2, 1, 1]",1
535190,"[1, 1, 1]",1
734074,"[2, 1]",1
432061,"[2, 1, 1, 2, 1, 2, 1]",1
195363,"[1, 1, 2, 1, 1, 1]",1
89912,[1],1
449970,"[1, 1, 1, 1, 1, 1, 1, 1, 1, 1, 1, 1, 1, 1, 1, 1, 1, 1, 1, 1, 1, 1, 1, 1, 2, 1, 1, 1, 2, 1, 1, 1, 1, 2, 1, 1]",1
854060,"[1, 1, 2, 1, 1, 2, 1, 1, 2, 1]",1
1026504,"[1, 1, 1, 1, 1, 1, 1, 1, 1, 1, 2, 1, 1, 1, 2, 1, 2, 1, 1, 1, 2]",1
572398,"[1, 1, 1, 1, 1, 1, 1, 2, 1, 2, 1, 1, 2]",1
138147,"[2, 1, 1, 2, 1]",1
64912,[1],1
572687,"[1, 1, 1, 2, 1, 2, 1, 1, 2, 1, 2]",1
565305,[1],1
411470,"[1, 1, 2, 1, 1, 1, 1, 1, 2, 2, 1, 2, 1]",1
656124,"[1, 1, 1, 1, 2, 1, 2, 1, 1, 2, 1, 1, 2, 1, 1]",1
327247,"[1, 2]",1
307292,"[1, 1, 1, 1]",1
1008274,"[2, 1, 1, 2, 1, 1, 1, 1, 1, 1, 1, 2]",1
704263,[1],1
35732,"[2, 1, 1, 2, 1, 2, 1, 2, 3, 1, 1]",1
8752,"[1, 1, 2, 1, 2, 1, 2]",1
229159,[1],1
943509,"[1, 2]",1
276531,"[2, 1, 2, 1, 2, 1]",1
1038239,"[1, 2, 1, 1, 2, 1, 2, 2, 1, 1, 2, 2, 1, 2, 1, 2, 1, 1, 2, 1, 1, 1, 1, 2, 2, 1]",1
700765,"[1, 1, 1]",1
543774,"[1, 2, 2, 1, 1, 2, 1, 2, 1, 2]",1
67355,"[1, 2]",1
345302,"[1, 1, 2, 1, 1, 1, 2, 1]",1
357515,[1],1
601910,"[1, 1, 1, 2, 1]",1
813344,"[1, 2, 1, 2, 1, 2, 1, 1, 2, 1, 1, 1, 2, 1, 1, 2, 1]",1
291972,"[1, 1, 1]",1
499370,[1],1
568700,"[1, 2, 1, 1]",1
596359,[1],1
782934,"[2, 1]",1
777470,"[1, 1]",1
1038199,[1],1
933967,"[1, 1, 2, 1, 2, 2, 1, 1, 2]",1
616235,"[1, 1, 2, 1]",1
197539,[1],1
338164,[1],1
325197,[1],1
638431,"[1, 1, 1]",1
345351,"[2, 1, 1, 1, 1, 2, 1, 2, 1, 1, 2, 1, 1, 1]",1
405265,[1],1
569048,"[1, 1, 2, 2, 1]",1
934634,[1],1
71484,"[1, 1, 1, 1]",1
67772,"[1, 1, 1]",1
761068,[1],1
627132,"[1, 2, 1, 1]",1
11682,"[1, 1, 1, 1, 1, 1, 1, 1, 1]",1
399013,[1],1
437636,"[1, 2, 1, 1, 1]",1
482653,"[1, 1, 1, 1]",1
476401,"[2, 1]",1
703510,[1],1
54573,"[2, 1, 1, 2, 1, 1, 2, 1, 2, 1]",1
570851,"[2, 1]",1
315199,"[1, 2]",1
597812,"[1, 1, 1]",1
964571,"[1, 1, 2, 1, 2, 1, 2, 1, 1, 2, 2, 1, 1, 2, 1, 2, 2, 1, 1, 2, 1, 1, 1, 2, 2, 1, 1, 2, 2, 1, 1, 2, 1, 2, 2, 1, 1, 2, 1, 1, 2, 2, 1, 2, 1, 2, 1, 1, 2, 1, 2, 1, 2, 2, 1, 1, 2, 2, 1, 1, 2, 2, 1, 2, 1, 1, 2, 1, 1, 1, 2, 1, 1, 1, 1, 2, 1, 1, 1, 2, 1, 1, 2, 1, 1, 1, 1, 1, 2, 1, 1, 1, 2, 1, 1, 2, 1, 1, 2, 1, 1]",1
209255,"[2, 1, 1, 1, 2, 1, 1, 2]",1
107600,"[1, 1, 1, 2, 1, 1, 2, 1, 2, 1, 1, 2, 1, 1, 1, 2, 1]",1
51448,"[1, 1, 1, 1, 2, 1, 1, 1, 1, 1, 2, 1, 1, 1, 1, 1, 1, 1, 1, 1, 1, 1, 1, 1, 1, 2, 1, 2, 1, 1, 2, 1, 1, 1, 1, 1, 1, 1, 1, 1, 1, 1, 1, 2, 1]",1
30090,"[1, 2, 2, 1, 1, 2]",1
123403,"[1, 2, 2, 1, 1, 1, 1, 2, 1]",1
649479,[1],1
742986,"[1, 1, 1, 1, 1, 1, 2]",1
447573,"[1, 1, 1, 1, 1]",1
958812,"[1, 2, 1, 1, 2, 2, 1, 2, 1, 1, 2, 1, 2, 1, 1, 1, 1, 1, 1, 1, 1, 1, 1, 1, 2, 1, 1, 1, 1, 1, 1, 2]",1
713215,"[1, 1, 1, 1, 1, 1, 1]",1
615950,"[2, 1]",1
101865,"[2, 1]",1
668147,"[1, 1, 1, 1]",1
661174,[1],1
172714,"[1, 2, 1]",1
896636,[1],1
590327,"[1, 1, 1, 1, 1, 1, 1, 1, 1]",1
660971,"[2, 1, 1, 1, 1, 1, 2, 1, 1, 1, 2, 1, 1, 1, 2, 1, 1, 1, 2, 2, 1]",1
844408,[1],1
363638,"[2, 1]",1
726627,"[2, 1, 1, 2, 2, 1, 1, 1, 2, 1, 2, 2, 1, 1, 2, 1, 2, 1, 1, 2, 1, 1, 2, 1, 2, 2, 1, 2, 1, 1, 2]",1
54724,"[2, 1]",1
562549,"[1, 1, 1, 1, 1, 1, 2]",1
611563,"[1, 1, 1, 1]",1
320032,"[2, 1, 1, 1, 1, 1, 1, 1, 1, 2, 1, 1, 1, 1, 1, 1, 1, 1, 2, 1, 2, 2, 1, 1, 2, 2, 1, 1, 1, 2]",1
962358,[1],1
483587,[1],1
614406,"[1, 2, 1, 2, 1, 1, 1, 1, 2, 2, 1, 1, 2, 1, 2]",1
684785,"[2, 1, 3]",1
443827,"[1, 1, 1, 2]",1
469722,"[1, 1, 1]",1
45251,"[1, 1, 1, 1, 1, 1, 1, 1, 2, 1, 1, 2, 1]",1
205947,"[1, 1]",1
913994,"[1, 2]",1
248622,"[1, 1, 1, 2, 1, 1, 2, 2, 1, 2, 1, 1, 2, 1, 2, 1, 1, 1, 1, 1, 1, 1]",1
570241,[1],1
102078,"[1, 1, 1, 2, 1, 2, 1, 1, 2]",1
880688,"[1, 1, 1]",1
794430,"[2, 1, 3]",1
766919,"[1, 2, 2, 1, 2, 1, 1, 1, 1, 1, 1, 1, 1, 3, 1, 1, 1, 1, 1, 1, 1, 1, 1]",0
901459,"[1, 2]",1
26386,[1],1
671255,"[1, 2, 1, 2]",1
221910,"[2, 1]",1
1023198,"[1, 2]",1
41241,"[2, 1, 2, 1]",1
589492,[1],1
593263,"[2, 1]",1
90423,"[1, 2]",1
232073,[1],1
324926,"[1, 2]",1
892032,"[2, 1]",1
697753,"[1, 2]",1
969273,"[2, 1, 1, 2, 2, 1]",1
794708,"[1, 1, 1, 1]",1
62629,"[1, 1]",1
429322,"[2, 1]",1
194495,"[1, 1, 1, 1, 1, 1, 1, 1, 2, 1, 2, 1]",1
639526,[1],1
583520,"[1, 1]",1
945228,"[1, 1, 1, 1, 1, 1, 1, 1, 1, 1, 1, 2, 1, 1, 1, 1, 1]",1
469257,[1],1
723348,"[2, 1]",1
1011437,[1],1
25292,"[1, 1, 1, 1, 3, 1, 1, 1, 2, 1, 2, 1]",1
711139,"[1, 1, 1, 1, 1, 1, 1, 1, 1, 1, 1, 1, 1, 2, 1, 1, 1, 2, 1, 2, 1, 1, 2, 1, 1, 1, 2, 1, 2, 1, 1, 2, 1, 2, 1, 1, 1, 1, 1, 1, 1, 1, 1, 1, 1, 1, 1, 1, 1, 1, 1, 1, 2, 1, 1, 1, 1, 2, 1, 1, 1]",1
916506,"[1, 1, 1, 2, 1]",1
726658,"[1, 2, 1, 2, 2, 1, 1, 2, 2, 1]",1
598470,"[1, 2]",1
440799,"[1, 1, 1]",1
939623,"[1, 2]",1
830668,"[2, 1, 1, 2, 1, 2, 2, 1, 2, 1, 2, 1]",1
545801,[1],1
474227,"[1, 2, 1, 1, 2, 1, 1, 1, 2]",1
118431,"[1, 1, 2, 1, 2, 1, 1]",1
858232,"[1, 2]",1
121808,"[1, 2, 1, 2]",1
391198,[1],1
923573,[1],1
775952,"[1, 1, 1, 1, 1]",1
